filename,v_rms
Fan_Cyclone3000_r4_MK2_20151102051929.csv,204.79192671679732
Fan_Cyclone3000_r4_MK2_20151102051942.csv,204.82097133966803
Fan_Cyclone3000_r4_MK2_20151102051951.csv,205.33080441043182
Fan_Cyclone3000_r4_MK2_20151102052001.csv,204.80293145796958
Fan_Cyclone3000_r4_MK2_20151102052012.csv,204.55123420000504
Fan_Cyclone3000_r4_MK2_20151102052023.csv,205.1392941666033
Fan_Cyclone3000_r4_MK2_20151102052041.csv,204.48883279904877
Fan_Cyclone3000_r4_MK2_20151102052054.csv,204.9705500812117
Fan_Cyclone3000_r4_MK2_20151102052106.csv,205.0454291316748
Fan_Cyclone3000_r4_MK2_20151102052118.csv,205.1840412460612
BenchGrinder_KinFujiKBG2080_r4_MK2_20151102052641.csv,197.02486121502176
BenchGrinder_KinFujiKBG2080_r4_MK2_20151102052742.csv,196.08108675815163
BenchGrinder_KinFujiKBG2080_r4_MK2_20151102052858.csv,195.73752278149198
BenchGrinder_KinFujiKBG2080_r4_MK2_20151102052915.csv,196.26811693224488
BenchGrinder_KinFujiKBG2080_r4_MK2_20151102052941.csv,196.19892976072035
BenchGrinder_KinFujiKBG2080_r4_MK2_20151102052958.csv,196.86121648094192
BenchGrinder_KinFujiKBG2080_r4_MK2_20151102053025.csv,196.3758429344273
BenchGrinder_KinFujiKBG2080_r4_MK2_20151102053055.csv,197.2607462128467
BenchGrinder_KinFujiKBG2080_r4_MK2_20151102053246.csv,197.19207503851752
BenchGrinder_KinFujiKBG2080_r4_MK2_20151102053347.csv,198.58475295413226
LEDLight_IceCube_r4_MK2_20151102063558.csv,224.8306546081796
LEDLight_IceCube_r4_MK2_20151102063608.csv,225.0331647401415
LEDLight_IceCube_r4_MK2_20151102063619.csv,224.89823669107304
LEDLight_IceCube_r4_MK2_20151102063630.csv,224.8652039998985
LEDLight_IceCube_r4_MK2_20151102063639.csv,224.90088598514552
LEDLight_IceCube_r4_MK2_20151102063707.csv,225.20030953576884
LEDLight_IceCube_r4_MK2_20151102063720.csv,225.09963215767087
LEDLight_IceCube_r4_MK2_20151102063730.csv,225.37650239934231
LEDLight_IceCube_r4_MK2_20151102063740.csv,225.55277640142302
LEDLight_IceCube_r4_MK2_20151102063753.csv,225.45956680062156
GameConsole_PS3_r2_MK2_20151115001145.csv,227.71203551102144
GameConsole_PS3_r2_MK2_20151115001221.csv,227.1083532880107
GameConsole_PS3_r2_MK2_20151115001301.csv,227.13308057101656
GameConsole_PS3_r2_MK2_20151115001413.csv,226.85843213502085
GameConsole_PS3_r2_MK2_20151115001510.csv,227.62253683161703
GameConsole_PS3_r2_MK2_20151115001620.csv,227.19653542954342
GameConsole_PS3_r2_MK2_20151115001735.csv,227.4370398192055
GameConsole_PS3_r2_MK2_20151115001938.csv,227.83250753219204
GameConsole_PS3_r2_MK2_20151115002129.csv,228.05738887250612
GameConsole_PS3_r2_MK2_20151115002346.csv,227.2899040613523
GameConsole_WII_r2_MK2_20151115004217.csv,227.3971580758326
GameConsole_WII_r2_MK2_20151115004234.csv,227.69703819162874
GameConsole_WII_r2_MK2_20151115004310.csv,227.59535015289015
GameConsole_WII_r2_MK2_20151115004335.csv,227.63771238218547
GameConsole_WII_r2_MK2_20151115004401.csv,227.59643726890565
GameConsole_WII_r2_MK2_20151115004429.csv,227.49888496832224
GameConsole_WII_r2_MK2_20151115004457.csv,227.24593768231105
GameConsole_WII_r2_MK2_20151115004520.csv,227.3011910820142
GameConsole_WII_r2_MK2_20151115004549.csv,227.74233023526452
GameConsole_WII_r2_MK2_20151115004611.csv,227.49934990002504
GameConsole_PS1_r2_MK2_20151115005043.csv,227.2538451723093
GameConsole_PS1_r2_MK2_20151115005055.csv,227.1508086823499
GameConsole_PS1_r2_MK2_20151115005107.csv,227.22664963220362
GameConsole_PS1_r2_MK2_20151115005118.csv,227.1590097338014
GameConsole_PS1_r2_MK2_20151115005130.csv,227.22107977786524
GameConsole_PS1_r2_MK2_20151115005142.csv,227.5737451897984
GameConsole_PS1_r2_MK2_20151115005154.csv,227.65720531206082
GameConsole_PS1_r2_MK2_20151115005207.csv,227.44038627616214
GameConsole_PS1_r2_MK2_20151115005220.csv,227.583030399941
GameConsole_PS1_r2_MK2_20151115005233.csv,227.52338821813618
GameConsole_SegaMegaDrive_r2_MK2_20151115010518.csv,227.99876605857344
GameConsole_SegaMegaDrive_r2_MK2_20151115010629.csv,227.7542862825301
GameConsole_SegaMegaDrive_r2_MK2_20151115010734.csv,227.42651816057065
GameConsole_SegaMegaDrive_r2_MK2_20151115010810.csv,227.7182553378503
GameConsole_SegaMegaDrive_r2_MK2_20151115010833.csv,227.80619897624896
GameConsole_SegaMegaDrive_r2_MK2_20151115010908.csv,227.63320496894545
GameConsole_SegaMegaDrive_r2_MK2_20151115010946.csv,227.68671551344417
GameConsole_SegaMegaDrive_r2_MK2_20151115011008.csv,227.701188225746
GameConsole_SegaMegaDrive_r2_MK2_20151115011028.csv,227.636889429668
GameConsole_SegaMegaDrive_r2_MK2_20151115011056.csv,227.5942778327592
TV_Fujitsu_r2_MK2_20151115123924.csv,226.15338080861218
TV_Fujitsu_r2_MK2_20151115123943.csv,225.76513159381477
TV_Fujitsu_r2_MK2_20151115124003.csv,225.45997629314465
TV_Fujitsu_r2_MK2_20151115124024.csv,224.61287079793277
TV_Fujitsu_r2_MK2_20151115124043.csv,224.87232518047566
TV_Fujitsu_r2_MK2_20151115124110.csv,224.94527159296896
TV_Fujitsu_r2_MK2_20151115124132.csv,225.4335519031487
TV_Fujitsu_r2_MK2_20151115124159.csv,225.470870181184
TV_Fujitsu_r2_MK2_20151115124227.csv,226.3776430429991
TV_Fujitsu_r2_MK2_20151115124255.csv,225.90563438265977
WashingMachine_Privileg_r2_MK2_20151115132244.csv,226.61610290566685
WashingMachine_Privileg_r2_MK2_20151115132324.csv,226.3930355000945
WashingMachine_Privileg_r2_MK2_20151115132341.csv,226.3531852876201
WashingMachine_Privileg_r2_MK2_20151115132402.csv,226.78957812988455
WashingMachine_Privileg_r2_MK2_20151115132423.csv,226.76835125600857
WashingMachine_Privileg_r2_MK2_20151115132448.csv,227.09426494996276
WashingMachine_Privileg_r2_MK2_20151115132508.csv,226.83614310688287
WashingMachine_Privileg_r2_MK2_20151115132526.csv,226.9535874274542
WashingMachine_Privileg_r2_MK2_20151115132539.csv,227.4442302341699
WashingMachine_Privileg_r2_MK2_20151115132554.csv,227.08349979875612
GuitarAmp_Marshall8240_r2_MK2_20151115133402.csv,225.48118146328085
GuitarAmp_Marshall8240_r2_MK2_20151115133529.csv,224.8085239991248
GuitarAmp_Marshall8240_r2_MK2_20151115133553.csv,225.5521645725708
GuitarAmp_Marshall8240_r2_MK2_20151115133650.csv,225.26515272253042
GuitarAmp_Marshall8240_r2_MK2_20151115133713.csv,225.47596845425534
GuitarAmp_Marshall8240_r2_MK2_20151115133742.csv,225.13792763082643
GuitarAmp_Marshall8240_r2_MK2_20151115134807.csv,226.1371826791576
GuitarAmp_Marshall8240_r2_MK2_20151115134820.csv,225.86821374029827
GuitarAmp_Marshall8240_r2_MK2_20151115134835.csv,225.2950618244488
GuitarAmp_Marshall8240_r2_MK2_20151115134900.csv,225.68449556735496
ShoeWarmer_Enka_r3_MK2_20151121185158.csv,232.67038591642384
ShoeWarmer_Enka_r3_MK2_20151121185211.csv,230.43007449670625
ShoeWarmer_Enka_r3_MK2_20151121185221.csv,233.7073992834799
ShoeWarmer_Enka_r3_MK2_20151121185231.csv,233.6473209118391
ShoeWarmer_Enka_r3_MK2_20151121185240.csv,231.97018049812178
ShoeWarmer_Enka_r3_MK2_20151121185306.csv,232.8393852833628
ShoeWarmer_Enka_r3_MK2_20151121185319.csv,231.43743741772585
ShoeWarmer_Enka_r3_MK2_20151121185333.csv,232.66737715962572
ShoeWarmer_Enka_r3_MK2_20151121185346.csv,233.21481641659327
ShoeWarmer_Enka_r3_MK2_20151121185356.csv,231.48032429789117
SewingMachine_Veritas_r3_MK2_20151121190301.csv,232.55728628017513
SewingMachine_Veritas_r3_MK2_20151121190321.csv,232.78919220222718
SewingMachine_Veritas_r3_MK2_20151121190344.csv,231.86842723838842
SewingMachine_Veritas_r3_MK2_20151121190412.csv,229.4873154930931
SewingMachine_Veritas_r3_MK2_20151121190429.csv,230.34113673096346
SewingMachine_Veritas_r3_MK2_20151121190506.csv,230.14049048556134
SewingMachine_Veritas_r3_MK2_20151121190536.csv,229.53194828315807
SewingMachine_Veritas_r3_MK2_20151121190552.csv,230.52607560925443
SewingMachine_Veritas_r3_MK2_20151121190609.csv,229.60688959010227
SewingMachine_Veritas_r3_MK2_20151121190647.csv,230.8424760909669
Kettle_AlaskaWK2209N_r3_MK2_20151122120437.csv,229.465275312055
Kettle_AlaskaWK2209N_r3_MK2_20151122120449.csv,228.80598617459293
Kettle_AlaskaWK2209N_r3_MK2_20151122120457.csv,228.95015682554728
Kettle_AlaskaWK2209N_r3_MK2_20151122120505.csv,228.81821747776036
Kettle_AlaskaWK2209N_r3_MK2_20151122120513.csv,228.54363668539116
Kettle_AlaskaWK2209N_r3_MK2_20151122120522.csv,228.82854416360468
Kettle_AlaskaWK2209N_r3_MK2_20151122120532.csv,228.33152804783825
Kettle_AlaskaWK2209N_r3_MK2_20151122120541.csv,228.3306749768227
Kettle_AlaskaWK2209N_r3_MK2_20151122120549.csv,228.40184658419986
Kettle_AlaskaWK2209N_r3_MK2_20151122120558.csv,228.87677842409485
Toaster_TeamKalorik_r3_MK2_20151122121129.csv,229.96035988488077
Toaster_TeamKalorik_r3_MK2_20151122121138.csv,230.2134326585453
Toaster_TeamKalorik_r3_MK2_20151122121147.csv,230.07026350634982
Toaster_TeamKalorik_r3_MK2_20151122121155.csv,229.9769883071576
Toaster_TeamKalorik_r3_MK2_20151122121203.csv,229.99720177616885
Toaster_TeamKalorik_r3_MK2_20151122121210.csv,229.67051862604407
Toaster_TeamKalorik_r3_MK2_20151122121217.csv,230.0306082654162
Toaster_TeamKalorik_r3_MK2_20151122121225.csv,230.0350358570762
Toaster_TeamKalorik_r3_MK2_20151122121233.csv,229.87388640277078
Toaster_TeamKalorik_r3_MK2_20151122121243.csv,229.9428846784739
CoffeeMachine_AlaskaCM2209m_r3_MK2_20151122122034.csv,229.15673974421713
CoffeeMachine_AlaskaCM2209m_r3_MK2_20151122122042.csv,229.27654901579749
CoffeeMachine_AlaskaCM2209m_r3_MK2_20151122122050.csv,229.19590668346265
CoffeeMachine_AlaskaCM2209m_r3_MK2_20151122122104.csv,229.53802140968523
CoffeeMachine_AlaskaCM2209m_r3_MK2_20151122122111.csv,229.74846021123383
CoffeeMachine_AlaskaCM2209m_r3_MK2_20151122122122.csv,230.05571241598795
CoffeeMachine_AlaskaCM2209m_r3_MK2_20151122122135.csv,229.32162377102267
CoffeeMachine_AlaskaCM2209m_r3_MK2_20151122122147.csv,229.81687525534736
CoffeeMachine_AlaskaCM2209m_r3_MK2_20151122122157.csv,230.00451973703696
CoffeeMachine_AlaskaCM2209m_r3_MK2_20151122122228.csv,230.08707264869534
HairDryer_Tedi_r3_MK2_20151122122943.csv,227.91270565069598
HairDryer_Tedi_r3_MK2_20151122122957.csv,228.2083625505727
HairDryer_Tedi_r3_MK2_20151122123009.csv,228.2505462637874
HairDryer_Tedi_r3_MK2_20151122123021.csv,227.95964636309088
HairDryer_Tedi_r3_MK2_20151122123031.csv,228.06596417728497
HairDryer_Tedi_r3_MK2_20151122123040.csv,228.40678428544336
HairDryer_Tedi_r3_MK2_20151122123048.csv,228.34998080986597
HairDryer_Tedi_r3_MK2_20151122123056.csv,228.3687102939562
HairDryer_Tedi_r3_MK2_20151122123105.csv,228.3412716069183
HairDryer_Tedi_r3_MK2_20151122123116.csv,228.36901003260502
Charger_SamsungTravelAdapter2A_r3_MK2_20151122124858.csv,230.4108480263473
Charger_SamsungTravelAdapter2A_r3_MK2_20151122125113.csv,230.2162809887487
Charger_SamsungTravelAdapter2A_r3_MK2_20151122125120.csv,230.50312706268215
Charger_SamsungTravelAdapter2A_r3_MK2_20151122125129.csv,230.49097974790777
Charger_SamsungTravelAdapter2A_r3_MK2_20151122125137.csv,230.4231525088662
Charger_SamsungTravelAdapter2A_r3_MK2_20151122125145.csv,230.3549386506189
Charger_SamsungTravelAdapter2A_r3_MK2_20151122125154.csv,230.22842397440343
Charger_SamsungTravelAdapter2A_r3_MK2_20151122125202.csv,230.02880741143008
Charger_SamsungTravelAdapter2A_r3_MK2_20151122125213.csv,230.34952620614862
Charger_SamsungTravelAdapter2A_r3_MK2_20151122125222.csv,230.29012794784515
Charger_Hahnel_r3_MK2_20151122125920.csv,230.7311114084709
Charger_Hahnel_r3_MK2_20151122125934.csv,230.77620748808673
Charger_Hahnel_r3_MK2_20151122125945.csv,231.00855800794562
Charger_Hahnel_r3_MK2_20151122125957.csv,230.88031630050165
Charger_Hahnel_r3_MK2_20151122130007.csv,230.91819621298458
Charger_Hahnel_r3_MK2_20151122130014.csv,231.0213601355739
Charger_Hahnel_r3_MK2_20151122130024.csv,231.26272255699118
Charger_Hahnel_r3_MK2_20151122130035.csv,231.21315608503127
Charger_Hahnel_r3_MK2_20151122130043.csv,231.4005434131477
Charger_Hahnel_r3_MK2_20151122130054.csv,231.61109942317773
Microwave_Privileg8020_r3_MK2_20151122130435.csv,230.64577338885758
Microwave_Privileg8020_r3_MK2_20151122130443.csv,230.39473705507598
Microwave_Privileg8020_r3_MK2_20151122130451.csv,230.42650776693444
Microwave_Privileg8020_r3_MK2_20151122130501.csv,226.95170616601072
Microwave_Privileg8020_r3_MK2_20151122130510.csv,226.96033136683408
Microwave_Privileg8020_r3_MK2_20151122130519.csv,227.0524801130185
Microwave_Privileg8020_r3_MK2_20151122130529.csv,227.02576459753263
Microwave_Privileg8020_r3_MK2_20151122130538.csv,227.17430180359028
Microwave_Privileg8020_r3_MK2_20151122130547.csv,227.27402155647823
Microwave_Privileg8020_r3_MK2_20151122130558.csv,227.013286321231
LightBulb_Osram25W_r1_MK2_20151123175212.csv,229.71052466262174
LightBulb_Osram25W_r1_MK2_20151123175220.csv,229.65806111153827
LightBulb_Osram25W_r1_MK2_20151123175227.csv,229.61571599842432
LightBulb_Osram25W_r1_MK2_20151123175235.csv,229.614005352324
LightBulb_Osram25W_r1_MK2_20151123175242.csv,229.54733429593975
LightBulb_Osram25W_r1_MK2_20151123175248.csv,229.6657665406646
LightBulb_Osram25W_r1_MK2_20151123175255.csv,229.67744574558006
LightBulb_Osram25W_r1_MK2_20151123175302.csv,229.54768032664748
LightBulb_Osram25W_r1_MK2_20151123175309.csv,229.78943739135204
LightBulb_Osram25W_r1_MK2_20151123175316.csv,229.76720530121437
Heater_Heller_r1_MK1_20151202124754.csv,224.49499080038572
Heater_Heller_r1_MK1_20151202124803.csv,224.64244006571676
Heater_Heller_r1_MK1_20151202124813.csv,225.08313427616685
Heater_Heller_r1_MK1_20151202124821.csv,225.129301452847
Heater_Heller_r1_MK1_20151202124829.csv,225.0158792784271
Heater_Heller_r1_MK1_20151202124837.csv,224.73442532611725
Heater_Heller_r1_MK1_20151202124846.csv,224.86619276781823
Heater_Heller_r1_MK1_20151202124857.csv,225.0069959186037
Heater_Heller_r1_MK1_20151202124907.csv,224.71577810497084
Heater_Heller_r1_MK1_20151202124917.csv,224.84838844762928
VacuumCleaner_Vento_r1_MK1_20151203134057.csv,226.12289817937636
VacuumCleaner_Vento_r1_MK1_20151203134115.csv,225.79535325984574
VacuumCleaner_Vento_r1_MK1_20151203134128.csv,226.12279525442474
VacuumCleaner_Vento_r1_MK1_20151203134145.csv,225.81662418779177
VacuumCleaner_Vento_r1_MK1_20151203134201.csv,226.1113561402351
VacuumCleaner_Vento_r1_MK1_20151203134217.csv,225.81492387121065
VacuumCleaner_Vento_r1_MK1_20151203134237.csv,226.03493258965437
VacuumCleaner_Vento_r1_MK1_20151203134257.csv,226.0094158494375
VacuumCleaner_Vento_r1_MK1_20151203134316.csv,225.92194379699285
VacuumCleaner_Vento_r1_MK1_20151203134336.csv,225.96961077856704
VacuumCleaner_Nilfisk_r1_MK1_20151203140259.csv,227.6103575535651
VacuumCleaner_Nilfisk_r1_MK1_20151203140323.csv,227.17719794493374
VacuumCleaner_Nilfisk_r1_MK1_20151203140337.csv,227.58434813301096
VacuumCleaner_Nilfisk_r1_MK1_20151203140353.csv,227.2853322351309
VacuumCleaner_Nilfisk_r1_MK1_20151203140413.csv,227.55527163063863
VacuumCleaner_Nilfisk_r1_MK1_20151203140441.csv,227.47161284106338
VacuumCleaner_Nilfisk_r1_MK1_20151203140506.csv,227.01293568598638
VacuumCleaner_Nilfisk_r1_MK1_20151203140602.csv,227.08296875214893
VacuumCleaner_Nilfisk_r1_MK1_20151203140627.csv,227.3756253946507
VacuumCleaner_Nilfisk_r1_MK1_20151203140659.csv,227.5364344456519
Projector_Epson_r1_MK1_20151203142158.csv,228.4872083008418
Projector_Epson_r1_MK1_20151203142247.csv,228.72314056308667
Projector_Epson_r1_MK1_20151203142316.csv,228.91718622963535
Projector_Epson_r1_MK1_20151203142347.csv,228.68612570200887
Projector_Epson_r1_MK1_20151203142448.csv,228.80476069703388
Projector_Epson_r1_MK1_20151203142554.csv,228.7991812074209
Projector_Epson_r1_MK1_20151203142919.csv,229.4169418255323
Projector_Epson_r1_MK1_20151203142949.csv,229.44441580514186
Projector_Epson_r1_MK1_20151203143032.csv,229.40628527094685
Projector_Epson_r1_MK1_20151203143103.csv,229.29117969232243
Kettle_IdeenWelt_r1_MK2_20151214125743.csv,221.59281815435094
Kettle_IdeenWelt_r1_MK2_20151214125751.csv,221.57984909938006
Kettle_IdeenWelt_r1_MK2_20151214125800.csv,221.52919919104875
Kettle_IdeenWelt_r1_MK2_20151214125808.csv,221.50276008166546
Kettle_IdeenWelt_r1_MK2_20151214125816.csv,221.39711219402605
Kettle_IdeenWelt_r1_MK2_20151214125826.csv,221.2003616873685
Kettle_IdeenWelt_r1_MK2_20151214125836.csv,221.03614295506205
Kettle_IdeenWelt_r1_MK2_20151214125845.csv,220.88302310699714
Kettle_IdeenWelt_r1_MK2_20151214125854.csv,220.87557154424536
Kettle_IdeenWelt_r1_MK2_20151214125903.csv,220.80358670481047
ShoeWarmer_ThermIc_r2_MK2_20151214130053.csv,226.18546824500928
ShoeWarmer_ThermIc_r2_MK2_20151214130101.csv,226.19335156766226
ShoeWarmer_ThermIc_r2_MK2_20151214130110.csv,226.09070170506698
ShoeWarmer_ThermIc_r2_MK2_20151214130118.csv,226.17539468406613
ShoeWarmer_ThermIc_r2_MK2_20151214130126.csv,226.37065365905985
ShoeWarmer_ThermIc_r2_MK2_20151214130135.csv,226.34293864118348
ShoeWarmer_ThermIc_r2_MK2_20151214130143.csv,226.2597130261354
ShoeWarmer_ThermIc_r2_MK2_20151214130152.csv,226.08461174450284
ShoeWarmer_ThermIc_r2_MK2_20151214130202.csv,226.02860357265527
ShoeWarmer_ThermIc_r2_MK2_20151214130212.csv,225.9257111607859
HairDryer_BraunSatinHair_r3_MK1_20151220010253.csv,232.53306582086273
HairDryer_BraunSatinHair_r3_MK1_20151220010305.csv,232.56482876430496
HairDryer_BraunSatinHair_r3_MK1_20151220010315.csv,232.63949811876756
HairDryer_BraunSatinHair_r3_MK1_20151220010324.csv,232.65673705053757
HairDryer_BraunSatinHair_r3_MK1_20151220010333.csv,232.50543174765892
HairDryer_BraunSatinHair_r3_MK1_20151220010345.csv,232.36910363318435
HairDryer_BraunSatinHair_r3_MK1_20151220010355.csv,232.33060359425644
HairDryer_BraunSatinHair_r3_MK1_20151220010406.csv,232.33701940835942
HairDryer_BraunSatinHair_r3_MK1_20151220010423.csv,232.35984252349868
HairDryer_BraunSatinHair_r3_MK1_20151220010445.csv,232.684227416042
CFL_PhilipsGenie8W_r6_MK1_20151229102715.csv,230.4589948111032
CFL_PhilipsGenie8W_r6_MK1_20151229102659.csv,230.32078644716867
CFL_PhilipsGenie8W_r6_MK1_20151229102724.csv,230.3445482802426
CFL_PhilipsGenie8W_r6_MK1_20151229102756.csv,231.0894974336046
CFL_PhilipsGenie8W_r6_MK1_20151229102743.csv,230.47922337300227
CFL_PhilipsGenie8W_r6_MK1_20151229102734.csv,230.10666793587015
CFL_PhilipsGenie8W_r6_MK1_20151229102825.csv,230.59576443844117
CFL_PhilipsGenie8W_r6_MK1_20151229102805.csv,231.22342694599783
CFL_PhilipsGenie8W_r6_MK1_20151229102816.csv,230.82436073253226
CFL_PhilipsGenie8W_r6_MK1_20151229102835.csv,230.34234453945172
Fan_ChingHai35W_r6_MK1_20151229103757.csv,231.4491148779294
Fan_ChingHai35W_r6_MK1_20151229103625.csv,231.18510078375587
Fan_ChingHai35W_r6_MK1_20151229103815.csv,231.47000591685034
Fan_ChingHai35W_r6_MK1_20151229103736.csv,231.9941994508106
Fan_ChingHai35W_r6_MK1_20151229103713.csv,231.16605365069108
Fan_ChingHai35W_r6_MK1_20151229103607.csv,231.44609300294707
Fan_ChingHai35W_r6_MK1_20151229103652.csv,231.18509984212724
Fan_ChingHai35W_r6_MK1_20151229103850.csv,231.63452839306117
Fan_ChingHai35W_r6_MK1_20151229103832.csv,231.25465489141362
Fan_ChingHai35W_r6_MK1_20151229103908.csv,231.71899499723466
HairDryer_BaBylissPro_r6_MK1_20151229103034.csv,228.8693145276636
HairDryer_BaBylissPro_r6_MK1_20151229103100.csv,229.78217974597686
HairDryer_BaBylissPro_r6_MK1_20151229103133.csv,230.14533774192898
HairDryer_BaBylissPro_r6_MK1_20151229103231.csv,230.35526232436524
HairDryer_BaBylissPro_r6_MK1_20151229103118.csv,229.93742185708334
HairDryer_BaBylissPro_r6_MK1_20151229103045.csv,229.49900055308154
HairDryer_BaBylissPro_r6_MK1_20151229103144.csv,230.38584479799334
HairDryer_BaBylissPro_r6_MK1_20151229103154.csv,229.93687879912886
HairDryer_BaBylissPro_r6_MK1_20151229103222.csv,230.10739307079754
Kettle_TCM_r6_MK1_20151229104155.csv,224.10668497656528
HairDryer_BaBylissPro_r6_MK1_20151229103209.csv,230.0890902069103
Kettle_TCM_r6_MK1_20151229104215.csv,223.99284250993003
Kettle_TCM_r6_MK1_20151229104303.csv,224.41180815848068
Kettle_TCM_r6_MK1_20151229104245.csv,224.54561861473374
Kettle_TCM_r6_MK1_20151229104205.csv,223.99209289626296
Kettle_TCM_r6_MK1_20151229104225.csv,224.09825563118258
Kettle_TCM_r6_MK1_20151229104310.csv,224.62457074214225
Kettle_TCM_r6_MK1_20151229104234.csv,224.3613996752757
WaterHeater_AustriaEmailKRU052-A_r6_MK1_20151226153704.csv,225.9385536920572
Kettle_TCM_r6_MK1_20151229104254.csv,224.4192435931737
Kettle_TCM_r6_MK1_20151229104317.csv,224.3876324901295
WaterHeater_AustriaEmailKRU052-A_r6_MK1_20151226153837.csv,227.43787828577808
WaterHeater_AustriaEmailKRU052-A_r6_MK1_20151226153735.csv,227.84821287836536
WaterHeater_AustriaEmailKRU052-A_r6_MK1_20151226153814.csv,227.5939921284211
WaterHeater_AustriaEmailKRU052-A_r6_MK1_20151226153829.csv,227.25244909443393
WaterHeater_AustriaEmailKRU052-A_r6_MK1_20151226153805.csv,228.01839269105122
WaterHeater_AustriaEmailKRU052-A_r6_MK1_20151226153751.csv,228.15609090537595
WaterHeater_AustriaEmailKRU052-A_r6_MK1_20151226153847.csv,227.10074640035361
WaterHeater_AustriaEmailKRU052-A_r6_MK1_20151226153719.csv,227.8562677730955
WaterHeater_AustriaEmailKRU052-A_r6_MK1_20151226153856.csv,227.23754577521257
WaterHeater_StiebelEltronSNU5S_r1_MK1_20160126152735.csv,222.63709697777992
WaterHeater_StiebelEltronSNU5S_r1_MK1_20160126152745.csv,222.86051527445798
WaterHeater_StiebelEltronSNU5S_r1_MK1_20160126152808.csv,222.8760955709371
WaterHeater_StiebelEltronSNU5S_r1_MK1_20160126152826.csv,222.85023175454248
WaterHeater_StiebelEltronSNU5S_r1_MK1_20160126152834.csv,222.96641649495626
WaterHeater_StiebelEltronSNU5S_r1_MK1_20160126152842.csv,222.97980664872856
WaterHeater_StiebelEltronSNU5S_r1_MK1_20160126152850.csv,222.91626054425743
WaterHeater_StiebelEltronSNU5S_r1_MK1_20160126152857.csv,223.01391616498898
WaterHeater_StiebelEltronSNU5S_r1_MK1_20160126152905.csv,222.9425698026041
WaterHeater_StiebelEltronSNU5S_r1_MK1_20160126152913.csv,222.91309470778046
WaterHeater_StiebelEltronSN10S_r1_MK1_20160126153533.csv,223.83286777659023
WaterHeater_StiebelEltronSN10S_r1_MK1_20160126153541.csv,223.74921243922338
WaterHeater_StiebelEltronSN10S_r1_MK1_20160126153548.csv,223.78233682876618
WaterHeater_StiebelEltronSN10S_r1_MK1_20160126153556.csv,223.81745729565444
WaterHeater_StiebelEltronSN10S_r1_MK1_20160126153604.csv,223.84642526797964
WaterHeater_StiebelEltronSN10S_r1_MK1_20160126153612.csv,223.75367490339406
WaterHeater_StiebelEltronSN10S_r1_MK1_20160126153620.csv,223.66147991680697
WaterHeater_StiebelEltronSN10S_r1_MK1_20160126153630.csv,223.7887492779873
WaterHeater_StiebelEltronSN10S_r1_MK1_20160126153638.csv,223.77764525740466
WaterHeater_StiebelEltronSN10S_r1_MK1_20160126153648.csv,223.72538216676625
Laptop_Schenker-W503_r1_MK1_20160126161033.csv,226.90941481765174
Laptop_Schenker-W503_r1_MK1_20160126161054.csv,226.9473975337819
Laptop_Schenker-W503_r1_MK1_20160126161121.csv,227.21703701984714
Laptop_Schenker-W503_r1_MK1_20160126161142.csv,227.02611755144358
Laptop_Schenker-W503_r1_MK1_20160126161205.csv,226.73572272447564
Laptop_Schenker-W503_r1_MK1_20160126161228.csv,226.99989886179011
Laptop_Schenker-W503_r1_MK1_20160126161251.csv,226.86980867596245
Laptop_Schenker-W503_r1_MK1_20160126161312.csv,226.92492767645024
Laptop_Schenker-W503_r1_MK1_20160126161334.csv,226.84641558466512
Laptop_Schenker-W503_r1_MK1_20160126161357.csv,226.83757011206637
SandwichMaker_ClatronicST3011_r2_MK1_20160503220543.csv,227.40524368211643
SandwichMaker_ClatronicST3011_r2_MK1_20160503220552.csv,227.69742659818607
SandwichMaker_ClatronicST3011_r2_MK1_20160503220614.csv,227.5187785691664
SandwichMaker_ClatronicST3011_r2_MK1_20160503220647.csv,227.91577464575786
SandwichMaker_ClatronicST3011_r2_MK1_20160503220746.csv,227.36172275636218
SandwichMaker_ClatronicST3011_r2_MK1_20160503220753.csv,227.60020634895895
SandwichMaker_ClatronicST3011_r2_MK1_20160503220800.csv,227.70154785087988
SandwichMaker_ClatronicST3011_r2_MK1_20160503220809.csv,228.23242703754025
SandwichMaker_ClatronicST3011_r2_MK1_20160503220818.csv,228.1511974558617
SandwichMaker_ClatronicST3011_r2_MK1_20160503220826.csv,228.02049229898344
RiceCooker_PanasonicSRG06_r2_MK1_20160503221300.csv,227.8303014333228
RiceCooker_PanasonicSRG06_r2_MK1_20160503221311.csv,227.59736244870106
RiceCooker_PanasonicSRG06_r2_MK1_20160503221319.csv,227.76302466800263
RiceCooker_PanasonicSRG06_r2_MK1_20160503221326.csv,228.00850659707308
RiceCooker_PanasonicSRG06_r2_MK1_20160503221332.csv,228.40586226180454
RiceCooker_PanasonicSRG06_r2_MK1_20160503221339.csv,228.28343913083904
RiceCooker_PanasonicSRG06_r2_MK1_20160503221348.csv,228.04095257963806
RiceCooker_PanasonicSRG06_r2_MK1_20160503221356.csv,227.76184502711234
RiceCooker_PanasonicSRG06_r2_MK1_20160503221402.csv,227.98763160735038
RiceCooker_PanasonicSRG06_r2_MK1_20160503221414.csv,228.07377649714996
RiceCooker_arendo301224_r2_MK1_20160503221730.csv,227.7530468752384
RiceCooker_arendo301224_r2_MK1_20160503221738.csv,227.9023193499048
RiceCooker_arendo301224_r2_MK1_20160503221745.csv,227.95149706331622
RiceCooker_arendo301224_r2_MK1_20160503221753.csv,228.33071369926512
RiceCooker_arendo301224_r2_MK1_20160503221801.csv,228.2062644337254
RiceCooker_arendo301224_r2_MK1_20160503221808.csv,227.97334533792696
RiceCooker_arendo301224_r2_MK1_20160503221817.csv,228.17198280067907
RiceCooker_arendo301224_r2_MK1_20160503221827.csv,227.8192195800383
RiceCooker_arendo301224_r2_MK1_20160503221836.csv,228.24337715477898
RiceCooker_arendo301224_r2_MK1_20160503221906.csv,227.28910815081372
CoffeeMachine_SIEMENS_r7_MK1_20160505235142.csv,235.2986372582786
CoffeeMachine_SIEMENS_r7_MK1_20160505235150.csv,235.32738382380094
CoffeeMachine_SIEMENS_r7_MK1_20160505235225.csv,235.00215457660644
CoffeeMachine_SIEMENS_r7_MK1_20160505235233.csv,234.90764406511826
CoffeeMachine_SIEMENS_r7_MK1_20160505235243.csv,235.06541315281925
CoffeeMachine_SIEMENS_r7_MK1_20160505235252.csv,234.967056753294
CoffeeMachine_SIEMENS_r7_MK1_20160505235301.csv,234.9343558330025
CoffeeMachine_SIEMENS_r7_MK1_20160505235311.csv,235.34278579116085
CoffeeMachine_SIEMENS_r7_MK1_20160505235324.csv,235.23477859276085
CoffeeMachine_SIEMENS_r7_MK1_20160505235335.csv,235.1960848537312
Stove_sOlac_r7_MK1_20160505235957.csv,232.1186812273384
Stove_sOlac_r7_MK1_20160506000005.csv,232.08378253675937
Stove_sOlac_r7_MK1_20160506000012.csv,232.000197558446
Stove_sOlac_r7_MK1_20160506000018.csv,231.95722718914163
Stove_sOlac_r7_MK1_20160506000025.csv,231.84686775974257
Stove_sOlac_r7_MK1_20160506000033.csv,231.81174828131498
Stove_sOlac_r7_MK1_20160506000040.csv,231.72652433336526
Stove_sOlac_r7_MK1_20160506000047.csv,231.70021727109201
Stove_sOlac_r7_MK1_20160506000054.csv,231.76844824959312
Stove_sOlac_r7_MK1_20160506000102.csv,231.6804417756974
Toaster_PhilipsHD2567_r7_MK1_20160506221921.csv,229.08535032849545
Toaster_PhilipsHD2567_r7_MK1_20160506221929.csv,229.19746960814416
Toaster_PhilipsHD2567_r7_MK1_20160506221937.csv,229.20746746657986
Toaster_PhilipsHD2567_r7_MK1_20160506221945.csv,229.1848996695081
Toaster_PhilipsHD2567_r7_MK1_20160506221953.csv,229.22674080659485
Toaster_PhilipsHD2567_r7_MK1_20160506222001.csv,229.09053026932673
Toaster_PhilipsHD2567_r7_MK1_20160506222010.csv,229.15195971209786
Toaster_PhilipsHD2567_r7_MK1_20160506222019.csv,229.200083439066
Toaster_PhilipsHD2567_r7_MK1_20160506222027.csv,229.41479621432862
Toaster_PhilipsHD2567_r7_MK1_20160506222035.csv,229.53721527771404
Kettle_ClatronicWK3462_r7_MK1_20160506222437.csv,229.0114204002381
Kettle_ClatronicWK3462_r7_MK1_20160506222444.csv,228.9673722089806
Kettle_ClatronicWK3462_r7_MK1_20160506222451.csv,228.79806395193273
Kettle_ClatronicWK3462_r7_MK1_20160506222458.csv,228.50602818301567
Kettle_ClatronicWK3462_r7_MK1_20160506222505.csv,228.82046815755123
Kettle_ClatronicWK3462_r7_MK1_20160506222512.csv,228.67169580199845
Kettle_ClatronicWK3462_r7_MK1_20160506222520.csv,228.66822990431174
Kettle_ClatronicWK3462_r7_MK1_20160506222527.csv,228.99053912331027
Kettle_ClatronicWK3462_r7_MK1_20160506222534.csv,229.01967621145772
Kettle_ClatronicWK3462_r7_MK1_20160506222543.csv,229.19611119030154
LightBulb_PhilipsClassicTone40W_r7_MK1_20160506222930.csv,231.4037769797039
LightBulb_PhilipsClassicTone40W_r7_MK1_20160506222939.csv,231.37153151243552
LightBulb_PhilipsClassicTone40W_r7_MK1_20160506222947.csv,231.3015524975122
LightBulb_PhilipsClassicTone40W_r7_MK1_20160506222956.csv,231.2041200412921
LightBulb_PhilipsClassicTone40W_r7_MK1_20160506223005.csv,231.4731738513136
LightBulb_PhilipsClassicTone40W_r7_MK1_20160506223013.csv,231.56799026783912
LightBulb_PhilipsClassicTone40W_r7_MK1_20160506223020.csv,231.68242379180492
LightBulb_PhilipsClassicTone40W_r7_MK1_20160506223027.csv,231.66650210814151
LightBulb_PhilipsClassicTone40W_r7_MK1_20160506223034.csv,231.52700750932652
LightBulb_PhilipsClassicTone40W_r7_MK1_20160506223042.csv,231.62116150497616
NetworkSwitch_DLink-DGS1008D_r8_MK1_20160515232459.csv,116.38813224112984
NetworkSwitch_DLink-DGS1008D_r8_MK1_20160515232507.csv,116.43276436065983
NetworkSwitch_DLink-DGS1008D_r8_MK1_20160515232516.csv,116.37661071887875
NetworkSwitch_DLink-DGS1008D_r8_MK1_20160515232524.csv,116.38636239380062
NetworkSwitch_DLink-DGS1008D_r8_MK1_20160515232532.csv,116.3779251265779
NetworkSwitch_DLink-DGS1008D_r8_MK1_20160515232539.csv,116.39062683533373
NetworkSwitch_DLink-DGS1008D_r8_MK1_20160515232546.csv,116.39606015682806
NetworkSwitch_DLink-DGS1008D_r8_MK1_20160515232554.csv,116.43922722548028
NetworkSwitch_DLink-DGS1008D_r8_MK1_20160515232601.csv,116.44162658560981
NetworkSwitch_DLink-DGS1008D_r8_MK1_20160515232608.csv,116.39163053880124
CableModem_MotorolaSB5102_r8_MK1_20160515233311.csv,116.35355031029128
CableModem_MotorolaSB5102_r8_MK1_20160515233319.csv,116.33744344370969
CableModem_MotorolaSB5102_r8_MK1_20160515233326.csv,116.27137643276858
CableModem_MotorolaSB5102_r8_MK1_20160515233333.csv,116.21578074822956
CableModem_MotorolaSB5102_r8_MK1_20160515233340.csv,116.22965672560332
CableModem_MotorolaSB5102_r8_MK1_20160515233347.csv,116.30261908826584
CableModem_MotorolaSB5102_r8_MK1_20160515233354.csv,116.28573707083996
CableModem_MotorolaSB5102_r8_MK1_20160515233401.csv,116.27883974511236
CableModem_MotorolaSB5102_r8_MK1_20160515233410.csv,116.24234859622665
CableModem_MotorolaSB5102_r8_MK1_20160515233417.csv,116.23231976127077
CableReceiver_MotorolaDCT700_r8_MK1_20160515235205.csv,115.4836386430729
CableReceiver_MotorolaDCT700_r8_MK1_20160515235214.csv,115.53787524235999
CableReceiver_MotorolaDCT700_r8_MK1_20160515235221.csv,115.4716968873046
CableReceiver_MotorolaDCT700_r8_MK1_20160515235230.csv,115.41941529867645
CableReceiver_MotorolaDCT700_r8_MK1_20160515235239.csv,115.42491336466634
CableReceiver_MotorolaDCT700_r8_MK1_20160515235249.csv,115.51417352191433
CableReceiver_MotorolaDCT700_r8_MK1_20160515235256.csv,115.47369761748207
CableReceiver_MotorolaDCT700_r8_MK1_20160515235303.csv,115.5284255244237
CableReceiver_MotorolaDCT700_r8_MK1_20160515235310.csv,115.52733817692233
CableReceiver_MotorolaDCT700_r8_MK1_20160515235317.csv,115.45123965626111
Laptop_Lenovo-IdeapadS11_r8_MK1_20160515235654.csv,115.44619702021052
Laptop_Lenovo-IdeapadS11_r8_MK1_20160515235704.csv,115.44117850117715
Laptop_Lenovo-IdeapadS11_r8_MK1_20160515235713.csv,115.4820736539629
Laptop_Lenovo-IdeapadS11_r8_MK1_20160515235721.csv,115.4391535896062
Laptop_Lenovo-IdeapadS11_r8_MK1_20160515235729.csv,115.53761393622017
Laptop_Lenovo-IdeapadS11_r8_MK1_20160515235738.csv,115.52863810522874
Laptop_Lenovo-IdeapadS11_r8_MK1_20160515235746.csv,115.47018709916112
Laptop_Lenovo-IdeapadS11_r8_MK1_20160515235755.csv,115.57558883033722
Laptop_Lenovo-IdeapadS11_r8_MK1_20160515235802.csv,115.56555650751453
Laptop_Lenovo-IdeapadS11_r8_MK1_20160515235810.csv,115.55793465757438
Fridge_Danby_r8_MK1_20160516085740.csv,114.16453818547748
Fridge_Danby_r8_MK1_20160516085807.csv,115.58133247078665
Fridge_Danby_r8_MK1_20160516085819.csv,114.09975053573612
Fridge_Danby_r8_MK1_20160516085830.csv,113.92503036203175
Fridge_Danby_r8_MK1_20160516090328.csv,115.26086742159201
Fridge_Danby_r8_MK1_20160516090338.csv,114.19262192895272
Fridge_Danby_r8_MK1_20160516090348.csv,114.00090359610326
Fridge_Danby_r8_MK1_20160516090358.csv,113.91617565391145
Fridge_Danby_r8_MK1_20160516090407.csv,113.93808063123635
Fridge_Danby_r8_MK1_20160516090416.csv,114.05541265643096
Microwave_Whirlpool_r8_MK1_20160516101135.csv,110.27290647606324
Microwave_Whirlpool_r8_MK1_20160516101147.csv,109.35921898316565
Microwave_Whirlpool_r8_MK1_20160516101156.csv,108.68221259790865
Microwave_Whirlpool_r8_MK1_20160516101205.csv,108.23303875522011
Microwave_Whirlpool_r8_MK1_20160516101215.csv,108.4945379643441
Microwave_Whirlpool_r8_MK1_20160516101340.csv,109.84421894074057
Microwave_Whirlpool_r8_MK1_20160516101349.csv,108.9265151272842
Microwave_Whirlpool_r8_MK1_20160516101400.csv,108.84115519834384
Microwave_Whirlpool_r8_MK1_20160516101416.csv,109.08349136717165
Microwave_Whirlpool_r8_MK1_20160516101430.csv,108.74491246424216
TV_Toshiba43L31OU_r8_MK1_20160516102246.csv,114.32044830493746
TV_Toshiba43L31OU_r8_MK1_20160516102309.csv,114.25671301397634
TV_Toshiba43L31OU_r8_MK1_20160516102337.csv,114.2979461882982
TV_Toshiba43L31OU_r8_MK1_20160516102402.csv,114.18351085187058
TV_Toshiba43L31OU_r8_MK1_20160516102430.csv,114.40877299056012
TV_Toshiba43L31OU_r8_MK1_20160516102452.csv,114.32410895136984
TV_Toshiba43L31OU_r8_MK1_20160516102512.csv,114.26947185147202
TV_Toshiba43L31OU_r8_MK1_20160516102535.csv,114.20908368609912
TV_Toshiba43L31OU_r8_MK1_20160516102559.csv,114.38906354460435
TV_Toshiba43L31OU_r8_MK1_20160516102619.csv,114.33635905141962
KitchenHood_AmicaUH17051_r2_MK1_20160520141329.csv,230.58588055418753
KitchenHood_AmicaUH17051_r2_MK1_20160520141340.csv,230.64783575042512
KitchenHood_AmicaUH17051_r2_MK1_20160520141351.csv,230.93120329485163
KitchenHood_AmicaUH17051_r2_MK1_20160520141405.csv,230.8729324225169
KitchenHood_AmicaUH17051_r2_MK1_20160520141416.csv,230.87758748078159
KitchenHood_AmicaUH17051_r2_MK1_20160520141430.csv,231.02206050820809
KitchenHood_AmicaUH17051_r2_MK1_20160520141441.csv,230.9807967497204
KitchenHood_AmicaUH17051_r2_MK1_20160520141453.csv,230.91159035132475
KitchenHood_AmicaUH17051_r2_MK1_20160520141516.csv,230.84348630982348
KitchenHood_AmicaUH17051_r2_MK1_20160520141541.csv,231.50216620696526
AirPump_SimexHB-135C_r2_MK1_20160124164919.csv,225.23714567354534
AirPump_SimexHB-135C_r2_MK1_20160124165057.csv,226.3604264696383
AirPump_SimexHB-135C_r2_MK1_20160124165115.csv,226.42800875617232
AirPump_SimexHB-135C_r2_MK1_20160124165105.csv,226.73237007327813
AirPump_SimexHB-135C_r2_MK1_20160124165133.csv,226.67619369691866
AirPump_SimexHB-135C_r2_MK1_20160124165124.csv,226.53510508709306
AirPump_SimexHB-135C_r2_MK1_20160124165214.csv,226.47536360444448
AirPump_SimexHB-135C_r2_MK1_20160124165144.csv,226.49514469801912
AirPump_SimexHB-135C_r2_MK1_20160124165201.csv,226.55720425049736
AirPump_SimexHB-135C_r2_MK1_20160124165226.csv,225.64589796346726
Charger_TAS1801_r2_MK2_20151105154524.csv,228.73207075072895
Charger_TAS1801_r2_MK2_20151105154540.csv,228.92861848840613
Charger_TAS1801_r2_MK2_20151105154554.csv,228.8245206180357
Charger_TAS1801_r2_MK2_20151105154606.csv,229.2604678368486
Charger_TAS1801_r2_MK2_20151105154632.csv,228.60256978984518
Charger_TAS1801_r2_MK2_20151105154617.csv,228.86788883137777
Charger_TAS1801_r2_MK2_20151105154656.csv,228.56084707300036
Charger_TAS1801_r2_MK2_20151105154714.csv,228.22544670406293
Charger_TAS1801_r2_MK2_20151105154729.csv,228.4708072604674
Charger_TAS1801_r2_MK2_20151105154758.csv,227.91151359848055
DrillingMachine_Pattfield-E-SB550E_r1_MK1_20160128133030.csv,227.19111919931942
DrillingMachine_Pattfield-E-SB550E_r1_MK1_20160128133043.csv,227.13106287181498
DrillingMachine_Pattfield-E-SB550E_r1_MK1_20160128133016.csv,226.72527877171777
DrillingMachine_Pattfield-E-SB550E_r1_MK1_20160128133057.csv,227.37317023212947
DrillingMachine_Pattfield-E-SB550E_r1_MK1_20160128133112.csv,227.56160814515573
DrillingMachine_Pattfield-E-SB550E_r1_MK1_20160128133136.csv,227.60388807260765
DrillingMachine_Pattfield-E-SB550E_r1_MK1_20160128133214.csv,227.7219991115836
DrillingMachine_Pattfield-E-SB550E_r1_MK1_20160128133152.csv,227.81917302536283
DrillingMachine_Pattfield-E-SB550E_r1_MK1_20160128133258.csv,227.3990389885689
DrillingMachine_Pattfield-E-SB550E_r1_MK1_20160128133307.csv,227.14612027328215
Fan_Salco-STT23-1_r2_MK1_20160124171618.csv,225.67488908213775
Fan_Salco-STT23-1_r2_MK1_20160124171640.csv,225.08917295543273
Fan_Salco-STT23-1_r2_MK1_20160124171702.csv,228.1215297465453
Fan_Salco-STT23-1_r2_MK1_20160124171719.csv,228.03938128771753
Fan_Salco-STT23-1_r2_MK1_20160124171747.csv,227.633413848673
Fan_Salco-STT23-1_r2_MK1_20160124171731.csv,227.98364187718616
Fan_Salco-STT23-1_r2_MK1_20160124171801.csv,226.9418716691681
Fan_Salco-STT23-1_r2_MK1_20160124171820.csv,227.41195192111638
Fan_Salco-STT23-1_r2_MK1_20160124171835.csv,227.0127425986065
Fan_Salco-STT23-1_r2_MK1_20160124171851.csv,227.12424991730532
Hairdryer_Valera54206_r9_MK2_20170513131813.csv,223.67940408729237
Hairdryer_Valera54206_r9_MK2_20170513131826.csv,223.75127673190542
Hairdryer_Valera54206_r9_MK2_20170513131835.csv,224.5961090839114
Hairdryer_Valera54206_r9_MK2_20170513131844.csv,223.83245650545157
Hairdryer_Valera54206_r9_MK2_20170513131852.csv,224.41166657152175
Hairdryer_Valera54206_r9_MK2_20170513131901.csv,224.58309765847312
Hairdryer_Valera54206_r9_MK2_20170513131910.csv,224.6465284302741
Hairdryer_Valera54206_r9_MK2_20170513131919.csv,224.71088959426268
Hairdryer_Valera54206_r9_MK2_20170513131927.csv,224.06385138304162
Hairdryer_Valera54206_r9_MK2_20170513131937.csv,224.1142824376582
Kettle_WIK9501_r9_MK2_20170513132440.csv,222.94255377873571
Kettle_WIK9501_r9_MK2_20170513132448.csv,222.4899068769554
Kettle_WIK9501_r9_MK2_20170513132611.csv,221.7607296820092
Kettle_WIK9501_r9_MK2_20170513132618.csv,222.90214842473944
Kettle_WIK9501_r9_MK2_20170513132626.csv,222.64501177291405
Kettle_WIK9501_r9_MK2_20170513132635.csv,221.99563448526317
Kettle_WIK9501_r9_MK2_20170513132643.csv,221.94563810674114
Kettle_WIK9501_r9_MK2_20170513132722.csv,222.8303124170439
Kettle_WIK9501_r9_MK2_20170513132734.csv,223.4650218208558
Kettle_WIK9501_r9_MK2_20170513132745.csv,222.65123178693455
Iron_PanasonicNIB36TS_r9_MK2_20170513162209.csv,220.06516604620077
Iron_PanasonicNIB36TS_r9_MK2_20170513162218.csv,219.4612291966835
Iron_PanasonicNIB36TS_r9_MK2_20170513162358.csv,221.7087905227486
Iron_PanasonicNIB36TS_r9_MK2_20170513162412.csv,221.58381185346008
Iron_PanasonicNIB36TS_r9_MK2_20170513162431.csv,221.75101459357882
Iron_PanasonicNIB36TS_r9_MK2_20170513162443.csv,221.55957545464852
Iron_PanasonicNIB36TS_r9_MK2_20170513162451.csv,221.03820235017412
Iron_PanasonicNIB36TS_r9_MK2_20170513162501.csv,220.11209856372238
Iron_PanasonicNIB36TS_r9_MK2_20170513162658.csv,221.28015356345887
Iron_PanasonicNIB36TS_r9_MK2_20170513162708.csv,221.27893056260308
TV_SonyKDL42W700B_r9_MK2_20170513163759.csv,225.489176102336
TV_SonyKDL42W700B_r9_MK2_20170513163818.csv,225.18817805214394
TV_SonyKDL42W700B_r9_MK2_20170513163831.csv,225.4897801801195
TV_SonyKDL42W700B_r9_MK2_20170513163843.csv,226.21197755030727
TV_SonyKDL42W700B_r9_MK2_20170513163853.csv,226.226876098818
TV_SonyKDL42W700B_r9_MK2_20170513163906.csv,225.99082019781778
TV_SonyKDL42W700B_r9_MK2_20170513163918.csv,225.8507203369132
TV_SonyKDL42W700B_r9_MK2_20170513163933.csv,225.98547554663324
TV_SonyKDL42W700B_r9_MK2_20170513164003.csv,225.03735134022108
TV_SonyKDL42W700B_r9_MK2_20170513164053.csv,223.77588855674207
TV_Philips-42pfl3403_r9_MK2_20170515231624.csv,221.1531853955481
TV_Philips-42pfl3403_r9_MK2_20170515231647.csv,221.48764359583737
TV_Philips-42pfl3403_r9_MK2_20170515231710.csv,221.89200935449938
TV_Philips-42pfl3403_r9_MK2_20170515231729.csv,222.4754191233315
TV_Philips-42pfl3403_r9_MK2_20170515231757.csv,221.9924475976552
TV_Philips-42pfl3403_r9_MK2_20170515231822.csv,221.7711514680808
TV_Philips-42pfl3403_r9_MK2_20170515231844.csv,221.77320931772914
TV_Philips-42pfl3403_r9_MK2_20170515231912.csv,221.79369590302508
TV_Philips-42pfl3403_r9_MK2_20170515231938.csv,221.94244607023433
TV_Philips-42pfl3403_r9_MK2_20170515232010.csv,221.25086591863234
Kettle_WKF-818B_r9_MK2_20170515232831.csv,220.9331827887861
Kettle_WKF-818B_r9_MK2_20170515232849.csv,220.83043847090178
Kettle_WKF-818B_r9_MK2_20170515232858.csv,220.9102753081088
Kettle_WKF-818B_r9_MK2_20170515232906.csv,220.98508153905348
Kettle_WKF-818B_r9_MK2_20170515232919.csv,220.9700231213999
Kettle_WKF-818B_r9_MK2_20170515232928.csv,220.65746618066484
Kettle_WKF-818B_r9_MK2_20170515232936.csv,220.5502532936716
Kettle_WKF-818B_r9_MK2_20170515232948.csv,220.3172662205271
Kettle_WKF-818B_r9_MK2_20170515233002.csv,220.88524169157796
Kettle_WKF-818B_r9_MK2_20170515233014.csv,220.5260697000918
Iron_Philips-GC1990_r9_MK2_20170515233647.csv,216.71667012909398
Iron_Philips-GC1990_r9_MK2_20170515233701.csv,216.69308113572248
Iron_Philips-GC1990_r9_MK2_20170515233710.csv,216.338860327636
Iron_Philips-GC1990_r9_MK2_20170515233722.csv,216.04632632662134
Iron_Philips-GC1990_r9_MK2_20170515233735.csv,215.6429733997986
Iron_Philips-GC1990_r9_MK2_20170515233748.csv,215.9446209250313
Iron_Philips-GC1990_r9_MK2_20170515233759.csv,215.76446048469796
Iron_Philips-GC1990_r9_MK2_20170515233815.csv,216.1557189605686
Iron_Philips-GC1990_r9_MK2_20170515234020.csv,218.01039713168777
Iron_Philips-GC1990_r9_MK2_20170515234029.csv,219.40079677543434
Halogen_Osram-25W_r9_MK2_20170515234827.csv,221.52974437123476
Halogen_Osram-25W_r9_MK2_20170515234839.csv,222.04166178044343
Halogen_Osram-25W_r9_MK2_20170515234845.csv,221.78564953040774
Halogen_Osram-25W_r9_MK2_20170515234852.csv,221.2114303107749
Halogen_Osram-25W_r9_MK2_20170515234859.csv,220.534142722627
Halogen_Osram-25W_r9_MK2_20170515234906.csv,220.68532681723673
Halogen_Osram-25W_r9_MK2_20170515234914.csv,221.1004949668232
Halogen_Osram-25W_r9_MK2_20170515234920.csv,221.66815458835018
Halogen_Osram-25W_r9_MK2_20170515234927.csv,222.03266451820213
Halogen_Osram-25W_r9_MK2_20170515234934.csv,222.09269006261366
Kettle_1800W_r1_MK2_20151009173102.csv,222.700144114091
Kettle_1800W_r1_MK2_20151009173122.csv,222.80824116710292
Kettle_1800W_r1_MK2_20151009173208.csv,222.60963065497612
Kettle_1800W_r1_MK2_20151009173217.csv,222.71589541200174
Kettle_1800W_r1_MK2_20151009173253.csv,222.68298394740225
Kettle_1800W_r1_MK2_20151009173301.csv,222.81912085569485
Kettle_1800W_r1_MK2_20151009173308.csv,222.91278054558322
Kettle_1800W_r1_MK2_20151009173826.csv,222.26113761215868
Kettle_1800W_r1_MK2_20151009173837.csv,222.2455610645518
Kettle_1800W_r1_MK2_20151009173849.csv,222.0360978848198
HairDryer_RemingtonD3090_r1_MK2_20151009174125.csv,221.56864310569617
HairDryer_RemingtonD3090_r1_MK2_20151009174147.csv,221.40925564368507
HairDryer_RemingtonD3090_r1_MK2_20151009174200.csv,221.5877678339384
HairDryer_RemingtonD3090_r1_MK2_20151009174210.csv,221.7001206839582
HairDryer_RemingtonD3090_r1_MK2_20151009174218.csv,221.58054563444261
HairDryer_RemingtonD3090_r1_MK2_20151009174234.csv,221.49662546602661
HairDryer_RemingtonD3090_r1_MK2_20151009174250.csv,221.42419220280112
HairDryer_RemingtonD3090_r1_MK2_20151009174301.csv,221.45953938979324
HairDryer_RemingtonD3090_r1_MK2_20151009174311.csv,221.4319090430404
HairDryer_RemingtonD3090_r1_MK2_20151009174322.csv,221.5780289079752
FlatIron_PhilipsB_r1_MK2_20151009174744.csv,224.0256032398595
FlatIron_PhilipsB_r1_MK2_20151009174818.csv,224.31475410277204
FlatIron_PhilipsB_r1_MK2_20151009174830.csv,224.80870143833087
FlatIron_PhilipsB_r1_MK2_20151009175200.csv,224.42991503255868
FlatIron_PhilipsB_r1_MK2_20151009175217.csv,224.75117087942135
FlatIron_PhilipsB_r1_MK2_20151009175302.csv,224.92559717777067
FlatIron_PhilipsB_r1_MK2_20151009175317.csv,225.02932584260435
FlatIron_PhilipsB_r1_MK2_20151009175345.csv,224.7610950536486
FlatIron_PhilipsB_r1_MK2_20151009175401.csv,224.9919080185684
FlatIron_PhilipsB_r1_MK2_20151009175416.csv,224.9160910595069
MultiTool_Mannesmann-135W_r1_MK2_20151009180501.csv,224.96402002437472
MultiTool_Mannesmann-135W_r1_MK2_20151009180639.csv,224.80604233235704
MultiTool_Mannesmann-135W_r1_MK2_20151009180710.csv,224.43485240713804
MultiTool_Mannesmann-135W_r1_MK2_20151009180721.csv,224.55383375964132
MultiTool_Mannesmann-135W_r1_MK2_20151009180745.csv,224.71107606975534
MultiTool_Mannesmann-135W_r1_MK2_20151009180804.csv,224.5832601466987
MultiTool_Mannesmann-135W_r1_MK2_20151009180819.csv,224.61284749081008
MultiTool_Mannesmann-135W_r1_MK2_20151009180841.csv,224.70912936251696
MultiTool_Mannesmann-135W_r1_MK2_20151009180854.csv,224.79467916218496
MultiTool_Mannesmann-135W_r1_MK2_20151009180911.csv,224.66437744747768
LightBulb_Osram-25W_r1_MK2_20151009181814.csv,224.42992579505255
LightBulb_Osram-25W_r1_MK2_20151009181825.csv,224.3466820763545
LightBulb_Osram-25W_r1_MK2_20151009181836.csv,224.2049705136763
LightBulb_Osram-25W_r1_MK2_20151009181917.csv,224.38889721395518
LightBulb_Osram-25W_r1_MK2_20151009181928.csv,224.4091064040086
LightBulb_Osram-25W_r1_MK2_20151009181941.csv,224.286084235097
LightBulb_Osram-25W_r1_MK2_20151009181954.csv,224.0260684569762
LightBulb_Osram-25W_r1_MK2_20151009182005.csv,224.07493961516064
LightBulb_Osram-25W_r1_MK2_20151009182016.csv,224.10706829222883
LightBulb_Osram-25W_r1_MK2_20151009182027.csv,224.02934178029267
Fan_VOV-50W_r1_MK2_20151009182413.csv,223.66936341637623
Fan_VOV-50W_r1_MK2_20151009182425.csv,223.78244975723322
Fan_VOV-50W_r1_MK2_20151009182444.csv,223.82854152866133
Fan_VOV-50W_r1_MK2_20151009182514.csv,223.85867561970252
Fan_VOV-50W_r1_MK2_20151009182526.csv,223.7096187369721
Fan_VOV-50W_r1_MK2_20151009182538.csv,223.67805664117665
Fan_VOV-50W_r1_MK2_20151009182553.csv,223.5880132064092
Fan_VOV-50W_r1_MK2_20151009182606.csv,223.72498388266348
Fan_VOV-50W_r1_MK2_20151009182620.csv,223.8558820778538
Fan_VOV-50W_r1_MK2_20151009182632.csv,223.7921336650481
LightBulb_Vintage-40W_r1_MK2_20151012101142.csv,227.8182600910342
LightBulb_Vintage-40W_r1_MK2_20151012101210.csv,228.14662928584784
LightBulb_Vintage-40W_r1_MK2_20151012101233.csv,228.08054783591686
LightBulb_Vintage-40W_r1_MK2_20151012101252.csv,228.0043947549944
LightBulb_Vintage-40W_r1_MK2_20151012101308.csv,228.04197865924962
LightBulb_Vintage-40W_r1_MK2_20151012101323.csv,227.85217565202177
LightBulb_Vintage-40W_r1_MK2_20151012101341.csv,228.08223169042265
LightBulb_Vintage-40W_r1_MK2_20151012101405.csv,228.12932647548706
LightBulb_Vintage-40W_r1_MK2_20151012101422.csv,228.22317747524065
LightBulb_Vintage-40W_r1_MK2_20151012101444.csv,227.96524318305612
LightBulb_Osram-100W_r1_MK2_20151012101701.csv,227.51825729363543
LightBulb_Osram-100W_r1_MK2_20151012101714.csv,227.52698884548263
LightBulb_Osram-100W_r1_MK2_20151012101729.csv,227.51695689217007
LightBulb_Osram-100W_r1_MK2_20151012101741.csv,227.5682383831535
LightBulb_Osram-100W_r1_MK2_20151012101751.csv,227.72512800415583
LightBulb_Osram-100W_r1_MK2_20151012101803.csv,227.81796581954467
LightBulb_Osram-100W_r1_MK2_20151012101813.csv,227.76108533086023
LightBulb_Osram-100W_r1_MK2_20151012101823.csv,227.75819510731407
LightBulb_Osram-100W_r1_MK2_20151012101837.csv,228.03654669995797
LightBulb_Osram-100W_r1_MK2_20151012101848.csv,227.8696590636156
CFL_IKEA15W_r1_MK2_20151012103604.csv,227.1686984985171
CFL_IKEA15W_r1_MK2_20151012103623.csv,227.04427908183538
CFL_IKEA15W_r1_MK2_20151012103637.csv,227.07498072229723
CFL_IKEA15W_r1_MK2_20151012103710.csv,227.24703212860553
CFL_IKEA15W_r1_MK2_20151012103735.csv,227.41473192964742
CFL_IKEA15W_r1_MK2_20151012103755.csv,227.2118236460127
CFL_IKEA15W_r1_MK2_20151012103821.csv,226.87902588120744
CFL_IKEA15W_r1_MK2_20151012103848.csv,226.73646209381997
CFL_IKEA15W_r1_MK2_20151012103903.csv,226.61555134872617
CFL_IKEA15W_r1_MK2_20151012103918.csv,226.44913245255074
Mixer_OK-200W_r1_MK2_20151012104514.csv,229.47307272369525
Mixer_OK-200W_r1_MK2_20151012104546.csv,229.8524941171928
Mixer_OK-200W_r1_MK2_20151012104605.csv,229.79497246474614
Mixer_OK-200W_r1_MK2_20151012104618.csv,229.86431798350552
Mixer_OK-200W_r1_MK2_20151012104630.csv,229.8358323634407
Mixer_OK-200W_r1_MK2_20151012104641.csv,229.80132285957092
Mixer_OK-200W_r1_MK2_20151012104652.csv,230.0716242586322
Mixer_OK-200W_r1_MK2_20151012104702.csv,229.81928590442283
Mixer_OK-200W_r1_MK2_20151012104712.csv,229.78285777945175
Mixer_OK-200W_r1_MK2_20151012104721.csv,229.726300897491
Mixer_KenwoodCH580W_r1_MK2_20151012110632.csv,227.9947291488772
Mixer_KenwoodCH580W_r1_MK2_20151012110735.csv,228.39531704291537
Mixer_KenwoodCH580W_r1_MK2_20151012110759.csv,228.28773846993653
Mixer_KenwoodCH580W_r1_MK2_20151012110839.csv,228.25837174333526
Mixer_KenwoodCH580W_r1_MK2_20151012110852.csv,228.1313401298617
Mixer_KenwoodCH580W_r1_MK2_20151012110905.csv,228.0922983801526
Mixer_KenwoodCH580W_r1_MK2_20151012110926.csv,227.93662239429744
Mixer_KenwoodCH580W_r1_MK2_20151012110946.csv,227.1934431953426
Mixer_KenwoodCH580W_r1_MK2_20151012111005.csv,227.1622393279405
Mixer_KenwoodCH580W_r1_MK2_20151012111034.csv,227.27941692186872
Mixer_IdeenWelt-500W_r2_MK2_20151012111315.csv,228.21914348316193
Mixer_IdeenWelt-500W_r2_MK2_20151012111336.csv,228.12790594359365
Mixer_IdeenWelt-500W_r2_MK2_20151012111347.csv,228.0300001049737
Mixer_IdeenWelt-500W_r2_MK2_20151012111357.csv,227.90716380422103
Mixer_IdeenWelt-500W_r2_MK2_20151012111407.csv,227.99820413138195
Mixer_IdeenWelt-500W_r2_MK2_20151012111438.csv,227.82582060666368
Mixer_IdeenWelt-500W_r2_MK2_20151012111447.csv,227.86795778630807
Mixer_IdeenWelt-500W_r2_MK2_20151012111456.csv,227.80490947263155
Mixer_IdeenWelt-500W_r2_MK2_20151012111506.csv,227.8946606685969
Mixer_IdeenWelt-500W_r2_MK2_20151012111517.csv,228.09211689914977
Toaster_750W_r2_MK2_20151012111819.csv,226.64287362256002
Toaster_750W_r2_MK2_20151012111900.csv,226.90991640654494
Toaster_750W_r2_MK2_20151012111913.csv,227.0370982648453
Toaster_750W_r2_MK2_20151012111928.csv,226.75539290376358
Toaster_750W_r2_MK2_20151012111942.csv,226.5948280907379
Toaster_750W_r2_MK2_20151012112001.csv,226.47672183959617
Toaster_750W_r2_MK2_20151012112012.csv,226.43986415479273
Toaster_750W_r2_MK2_20151012112024.csv,226.72623538385085
Toaster_750W_r2_MK2_20151012112037.csv,226.870607078585
Toaster_750W_r2_MK2_20151012112051.csv,226.84020213609386
Kettle_2000W_r2_MK2_20151012112409.csv,224.01691568014772
Kettle_2000W_r2_MK2_20151012112419.csv,224.09041558477557
Kettle_2000W_r2_MK2_20151012112428.csv,224.31543343715325
Kettle_2000W_r2_MK2_20151012112438.csv,224.66011177336557
Kettle_2000W_r2_MK2_20151012112448.csv,224.55327354178388
Kettle_2000W_r2_MK2_20151012112459.csv,224.23433082391503
Kettle_2000W_r2_MK2_20151012112511.csv,224.49943625505833
Kettle_2000W_r2_MK2_20151012112523.csv,224.2236069776515
Kettle_2000W_r2_MK2_20151012112534.csv,224.054716328937
Kettle_2000W_r2_MK2_20151012112603.csv,224.055025939203
SolderingIron_80W_r1_MK2_20151012113036.csv,228.08121255405254
SolderingIron_80W_r1_MK2_20151012113054.csv,228.0214326545642
SolderingIron_80W_r1_MK2_20151012113112.csv,227.96467915802222
SolderingIron_80W_r1_MK2_20151012113132.csv,227.9444385651133
SolderingIron_80W_r1_MK2_20151012113221.csv,228.2448811221737
SolderingIron_80W_r1_MK2_20151012113244.csv,228.42281855418636
SolderingIron_80W_r1_MK2_20151012113307.csv,228.4874746179183
SolderingIron_80W_r1_MK2_20151012113326.csv,228.43211841322588
SolderingIron_80W_r1_MK2_20151012113354.csv,228.43067506131368
SolderingIron_80W_r1_MK2_20151012113434.csv,228.71119712449638
Shredder_HSMX8-230W_r1_MK2_20151012114053.csv,228.43036072414543
Shredder_HSMX8-230W_r1_MK2_20151012114312.csv,228.5873255900387
Shredder_HSMX8-230W_r1_MK2_20151012114343.csv,228.51296454315298
Shredder_HSMX8-230W_r1_MK2_20151012114651.csv,228.3476851964793
Shredder_HSMX8-230W_r1_MK2_20151012114707.csv,228.12641746310868
Shredder_HSMX8-230W_r1_MK2_20151012114734.csv,228.14888857653182
Shredder_HSMX8-230W_r1_MK2_20151012114829.csv,228.1550837204035
Shredder_HSMX8-230W_r1_MK2_20151012114847.csv,228.40909793121983
Shredder_HSMX8-230W_r1_MK2_20151012114933.csv,228.2441922171553
Shredder_HSMX8-230W_r1_MK2_20151012114958.csv,228.18659110208614
Monitor_FujitsuP171_r1_MK2_20151012120036.csv,228.24829730889257
Monitor_FujitsuP171_r1_MK2_20151012120109.csv,228.48419612338333
Monitor_FujitsuP171_r1_MK2_20151012120140.csv,228.2164141859454
Monitor_FujitsuP171_r1_MK2_20151012120155.csv,228.15874357809102
Monitor_FujitsuP171_r1_MK2_20151012120205.csv,228.08594074927476
Monitor_FujitsuP171_r1_MK2_20151012120219.csv,228.18691958776293
Monitor_FujitsuP171_r1_MK2_20151012120232.csv,228.22514958546492
Monitor_FujitsuP171_r1_MK2_20151012120245.csv,228.33881809955338
Monitor_FujitsuP171_r1_MK2_20151012120258.csv,228.24561977662938
Monitor_FujitsuP171_r1_MK2_20151012120311.csv,228.07483142947453
Monitor_DellU2713H_r1_MK2_20151012121109.csv,229.14477362082962
Monitor_DellU2713H_r1_MK2_20151012132405.csv,225.99070855437293
Monitor_DellU2713H_r1_MK2_20151012132421.csv,225.8265992065981
Monitor_DellU2713H_r1_MK2_20151012132436.csv,225.986283553707
Monitor_DellU2713H_r1_MK2_20151012132501.csv,226.09660794612103
Monitor_DellU2713H_r1_MK2_20151012132556.csv,226.0088073057193
Monitor_DellU2713H_r1_MK2_20151012132727.csv,226.1774146099203
Monitor_DellU2713H_r1_MK2_20151012132741.csv,226.0511440154427
Monitor_DellU2713H_r1_MK2_20151012132757.csv,225.92780466647167
Monitor_DellU2713H_r1_MK2_20151012132813.csv,225.8603300059387
PowerSupply_BaseTechBT305_r1_MK2_20151016151011.csv,227.7418680468155
PowerSupply_BaseTechBT305_r1_MK2_20151016151022.csv,227.80274740041526
PowerSupply_BaseTechBT305_r1_MK2_20151016151033.csv,227.8450581522069
PowerSupply_BaseTechBT305_r1_MK2_20151016151042.csv,227.70599418362568
PowerSupply_BaseTechBT305_r1_MK2_20151016151114.csv,227.57518807319158
PowerSupply_BaseTechBT305_r1_MK2_20151016151256.csv,227.52236192106443
PowerSupply_BaseTechBT305_r1_MK2_20151016151312.csv,227.15621837812267
PowerSupply_BaseTechBT305_r1_MK2_20151016151340.csv,226.94131501316357
PowerSupply_BaseTechBT305_r1_MK2_20151016151358.csv,227.0708710607444
PowerSupply_BaseTechBT305_r1_MK2_20151016151458.csv,227.0351290347969
Kettle_Clatronic_r3_MK2_20151017001448.csv,228.05009027006258
Kettle_Clatronic_r3_MK2_20151017001538.csv,227.93475669034717
Kettle_Clatronic_r3_MK2_20151017001548.csv,227.53675137447166
Kettle_Clatronic_r3_MK2_20151017001604.csv,227.6513114677281
Kettle_Clatronic_r3_MK2_20151017001615.csv,227.9008505914588
Kettle_Clatronic_r3_MK2_20151017001624.csv,227.77821934623142
Kettle_Clatronic_r3_MK2_20151017001633.csv,227.895754845689
Kettle_Clatronic_r3_MK2_20151017001642.csv,227.6376810619406
Kettle_Clatronic_r3_MK2_20151017001651.csv,224.65267890288632
Mixer_VEB-rg5_r3_MK2_20151017011856.csv,230.4223237839679
Mixer_VEB-rg5_r3_MK2_20151017011954.csv,230.24207230683328
Mixer_VEB-rg5_r3_MK2_20151017012037.csv,230.2296576894945
Mixer_VEB-rg5_r3_MK2_20151017012049.csv,230.4607125735485
Mixer_VEB-rg5_r3_MK2_20151017012102.csv,230.3657374065213
Mixer_VEB-rg5_r3_MK2_20151017012120.csv,230.2465620275819
Mixer_VEB-rg5_r3_MK2_20151017012133.csv,230.22471466096937
Mixer_VEB-rg5_r3_MK2_20151017012155.csv,230.24556008620718
Mixer_VEB-rg5_r3_MK2_20151017012213.csv,229.93596155480418
Mixer_VEB-rg5_r3_MK2_20151017012249.csv,229.7042303389613
JigSaw_TIP_r3_MK2_20151017123321.csv,233.3576282995097
JigSaw_TIP_r3_MK2_20151017123405.csv,232.42304870106798
JigSaw_TIP_r3_MK2_20151017123426.csv,231.23932996443116
JigSaw_TIP_r3_MK2_20151017123444.csv,231.98695136434512
JigSaw_TIP_r3_MK2_20151017123502.csv,232.23047079498832
JigSaw_TIP_r3_MK2_20151017123523.csv,231.1611621303891
JigSaw_TIP_r3_MK2_20151017123538.csv,232.6836152371356
JigSaw_TIP_r3_MK2_20151017123552.csv,232.48677265343179
JigSaw_TIP_r3_MK2_20151017123607.csv,232.46194461550766
JigSaw_TIP_r3_MK2_20151017123627.csv,231.21998287911086
DrillingMachine_ProWorkSMJ500e_r3_MK2_20151017123919.csv,231.52621057733214
DrillingMachine_ProWorkSMJ500e_r3_MK2_20151017124000.csv,230.16109282013758
DrillingMachine_ProWorkSMJ500e_r3_MK2_20151017124022.csv,231.46371786477877
DrillingMachine_ProWorkSMJ500e_r3_MK2_20151017124103.csv,230.19364002743896
DrillingMachine_ProWorkSMJ500e_r3_MK2_20151017124121.csv,231.62194717022885
DrillingMachine_ProWorkSMJ500e_r3_MK2_20151017124201.csv,231.19164936820326
DrillingMachine_ProWorkSMJ500e_r3_MK2_20151017124216.csv,231.81126794157564
DrillingMachine_ProWorkSMJ500e_r3_MK2_20151017124235.csv,231.95540042217374
DrillingMachine_ProWorkSMJ500e_r3_MK2_20151017124249.csv,231.30683815913264
DrillingMachine_ProWorkSMJ500e_r3_MK2_20151017124307.csv,231.4810942636508
Iron_AFK1800W_r3_MK2_20151017124918.csv,226.633621272165
Iron_AFK1800W_r3_MK2_20151017124928.csv,226.15901899209803
Iron_AFK1800W_r3_MK2_20151017124939.csv,225.6264140837636
Iron_AFK1800W_r3_MK2_20151017124950.csv,226.40462277093596
Iron_AFK1800W_r3_MK2_20151017125001.csv,226.37090717007612
Iron_AFK1800W_r3_MK2_20151017125011.csv,225.44255352494648
Iron_AFK1800W_r3_MK2_20151017125022.csv,226.3357261508716
Iron_AFK1800W_r3_MK2_20151017125126.csv,225.6685085409574
Iron_AFK1800W_r3_MK2_20151017125241.csv,225.69612728983026
Iron_AFK1800W_r3_MK2_20151017125403.csv,225.1299441365439
Iron_Clatronic1200W_r3_MK2_20151017125552.csv,227.75648082708045
Iron_Clatronic1200W_r3_MK2_20151017125602.csv,228.39756118895156
Iron_Clatronic1200W_r3_MK2_20151017125613.csv,228.0687454859753
Iron_Clatronic1200W_r3_MK2_20151017125622.csv,227.7376792447032
Iron_Clatronic1200W_r3_MK2_20151017125632.csv,228.290599620785
Iron_Clatronic1200W_r3_MK2_20151017125642.csv,228.32916418999577
Iron_Clatronic1200W_r3_MK2_20151017125652.csv,226.8436877438121
Iron_Clatronic1200W_r3_MK2_20151017125703.csv,227.2425561903197
Iron_Clatronic1200W_r3_MK2_20151017125852.csv,226.9311814086796
Iron_Clatronic1200W_r3_MK2_20151017130106.csv,227.43486857644908
VacuumCleaner_Siemens2500W_r3_MK2_20151017131802.csv,226.03464459155148
VacuumCleaner_Siemens2500W_r3_MK2_20151017131820.csv,225.49331049959642
VacuumCleaner_Siemens2500W_r3_MK2_20151017131839.csv,227.9075368008873
VacuumCleaner_Siemens2500W_r3_MK2_20151017131901.csv,227.2064496461578
VacuumCleaner_Siemens2500W_r3_MK2_20151017131935.csv,227.55448474126416
VacuumCleaner_Siemens2500W_r3_MK2_20151017131959.csv,227.4964911384319
VacuumCleaner_Siemens2500W_r3_MK2_20151017132023.csv,227.32215185752716
VacuumCleaner_Siemens2500W_r3_MK2_20151017132049.csv,227.05695335681983
VacuumCleaner_Siemens2500W_r3_MK2_20151017132113.csv,227.46389581207754
VacuumCleaner_Siemens2500W_r3_MK2_20151017132230.csv,227.74315658578638
HairDryer_RemingtonD5000_r3_MK2_20151017132922.csv,227.43321035179952
HairDryer_RemingtonD5000_r3_MK2_20151017132940.csv,227.30365586638175
HairDryer_RemingtonD5000_r3_MK2_20151017132952.csv,227.0164921581217
HairDryer_RemingtonD5000_r3_MK2_20151017133004.csv,227.43033894165842
HairDryer_RemingtonD5000_r3_MK2_20151017133029.csv,232.06731972567397
HairDryer_RemingtonD5000_r3_MK2_20151017133041.csv,226.9355922006112
HairDryer_RemingtonD5000_r3_MK2_20151017133052.csv,227.5957998359152
HairDryer_RemingtonD5000_r3_MK2_20151017133103.csv,227.34564791207677
HairDryer_RemingtonD5000_r3_MK2_20151017133117.csv,227.0930246567273
HairDryer_RemingtonD5000_r3_MK2_20151017133211.csv,226.86156142574347
FanHeater_Zhongshan_r3_MK2_20151017133341.csv,226.47106269365668
FanHeater_Zhongshan_r3_MK2_20151017133355.csv,226.89421986552998
FanHeater_Zhongshan_r3_MK2_20151017133410.csv,226.57702175981063
FanHeater_Zhongshan_r3_MK2_20151017133430.csv,226.80736982445273
FanHeater_Zhongshan_r3_MK2_20151017133502.csv,226.49006819290193
FanHeater_Zhongshan_r3_MK2_20151017133526.csv,227.01114487753534
FanHeater_Zhongshan_r3_MK2_20151017133549.csv,226.7583113523153
FanHeater_Zhongshan_r3_MK2_20151017133608.csv,226.8340206198856
FanHeater_Zhongshan_r3_MK2_20151017133627.csv,226.53332832176054
FanHeater_Zhongshan_r3_MK2_20151017133647.csv,227.14417583584117
Toaster_Powertec-900W_r3_MK2_20151017134450.csv,231.02679002761016
Toaster_Powertec-900W_r3_MK2_20151017134508.csv,230.57680511521713
Toaster_Powertec-900W_r3_MK2_20151017134516.csv,230.2727857032883
Toaster_Powertec-900W_r3_MK2_20151017134527.csv,230.8644258454255
Toaster_Powertec-900W_r3_MK2_20151017134538.csv,230.92780848886667
Toaster_Powertec-900W_r3_MK2_20151017134549.csv,230.86925240065915
Toaster_Powertec-900W_r3_MK2_20151017134600.csv,231.0806858023999
Toaster_Powertec-900W_r3_MK2_20151017134610.csv,231.13217555660177
Toaster_Powertec-900W_r3_MK2_20151017134621.csv,231.20926545941666
Toaster_Powertec-900W_r3_MK2_20151017134716.csv,230.49477446141498
HalogenFluter_300W_r3_MK2_20151017135333.csv,233.16438437895096
HalogenFluter_300W_r3_MK2_20151017135345.csv,232.04424632433955
HalogenFluter_300W_r3_MK2_20151017135355.csv,232.96611204001928
HalogenFluter_300W_r3_MK2_20151017135408.csv,232.93888912291362
HalogenFluter_300W_r3_MK2_20151017135417.csv,232.23286775566936
HalogenFluter_300W_r3_MK2_20151017135427.csv,232.53256923853147
HalogenFluter_300W_r3_MK2_20151017135437.csv,232.7901731695056
HalogenFluter_300W_r3_MK2_20151017135447.csv,232.84474546780947
HalogenFluter_300W_r3_MK2_20151017135501.csv,232.87845571288773
HalogenFluter_300W_r3_MK2_20151017135510.csv,232.90796321629497
LightBulb_Tungsten-40W_r3_MK2_20151017135738.csv,233.2308358386693
LightBulb_Tungsten-40W_r3_MK2_20151017135748.csv,233.39253773003
LightBulb_Tungsten-40W_r3_MK2_20151017135757.csv,233.69161326812878
LightBulb_Tungsten-40W_r3_MK2_20151017135805.csv,234.50959303512062
LightBulb_Tungsten-40W_r3_MK2_20151017135813.csv,234.4348331074004
LightBulb_Tungsten-40W_r3_MK2_20151017135821.csv,234.58630051152744
LightBulb_Tungsten-40W_r3_MK2_20151017135829.csv,234.2286563183673
LightBulb_Tungsten-40W_r3_MK2_20151017135837.csv,234.41958884698423
LightBulb_Tungsten-40W_r3_MK2_20151017135845.csv,234.30288899805782
LightBulb_Tungsten-40W_r3_MK2_20151017135854.csv,234.19778779405092
Microwave_Sharp_r3_MK2_20151017140537.csv,233.11192671206203
Microwave_Sharp_r3_MK2_20151017140550.csv,233.01575223289254
Microwave_Sharp_r3_MK2_20151017140601.csv,232.60612976192033
Microwave_Sharp_r3_MK2_20151017140624.csv,233.20992432942435
Microwave_Sharp_r3_MK2_20151017140636.csv,233.2961437146872
Microwave_Sharp_r3_MK2_20151017140648.csv,233.2953339222734
Microwave_Sharp_r3_MK2_20151017140659.csv,233.0506338613371
Microwave_Sharp_r3_MK2_20151017140711.csv,233.09822927082772
Microwave_Sharp_r3_MK2_20151017140724.csv,233.1682508451525
Microwave_Sharp_r3_MK2_20151017140737.csv,233.25528426733126
DesktopPC_300W_r3_MK2_20151017173815.csv,230.0939075835027
DesktopPC_300W_r3_MK2_20151017173833.csv,230.8231069555676
DesktopPC_300W_r3_MK2_20151017173853.csv,230.53049020197346
DesktopPC_300W_r3_MK2_20151017173945.csv,229.30120571201493
DesktopPC_300W_r3_MK2_20151017174005.csv,232.22209599757008
DesktopPC_300W_r3_MK2_20151017174022.csv,231.32631293709377
DesktopPC_300W_r3_MK2_20151017174037.csv,231.64589788544188
DesktopPC_300W_r3_MK2_20151017174054.csv,231.81258581748114
DesktopPC_300W_r3_MK2_20151017174108.csv,231.2978681176361
DesktopPC_300W_r3_MK2_20151017174121.csv,231.45789656603063
PowerSupply_UHS401-1_r3_MK2_20151017174741.csv,231.18076144433803
PowerSupply_UHS401-1_r3_MK2_20151017174752.csv,230.68234100162326
PowerSupply_UHS401-1_r3_MK2_20151017174802.csv,229.91339020992663
PowerSupply_UHS401-1_r3_MK2_20151017174812.csv,230.0514771046702
PowerSupply_UHS401-1_r3_MK2_20151017174822.csv,230.1892630480344
PowerSupply_UHS401-1_r3_MK2_20151017174831.csv,230.1069647626192
PowerSupply_UHS401-1_r3_MK2_20151017174841.csv,230.0050206017059
PowerSupply_UHS401-1_r3_MK2_20151017174849.csv,229.76368584948477
PowerSupply_UHS401-1_r3_MK2_20151017174857.csv,229.9478468773957
PowerSupply_UHS401-1_r3_MK2_20151017174906.csv,229.9974598183472
LaserPrinter_BrotherHL1450_r3_MK2_20151018103058.csv,230.49733751611097
LaserPrinter_BrotherHL1450_r3_MK2_20151018103121.csv,230.19320358119842
LaserPrinter_BrotherHL1450_r3_MK2_20151018103201.csv,228.12819870042628
LaserPrinter_BrotherHL1450_r3_MK2_20151018103304.csv,227.81528387967737
LaserPrinter_BrotherHL1450_r3_MK2_20151018103354.csv,226.89686862941485
LaserPrinter_BrotherHL1450_r3_MK2_20151018103532.csv,228.05905067786244
LaserPrinter_BrotherHL1450_r3_MK2_20151018103654.csv,228.01511515964353
LaserPrinter_BrotherHL1450_r3_MK2_20151018103731.csv,228.4114715684235
LaserPrinter_BrotherHL1450_r3_MK2_20151018103814.csv,228.95985561953242
LaserPrinter_BrotherHL1450_r3_MK2_20151018103857.csv,228.60332847603703
LightBulb_Halogen-30W_r3_MK2_20151018111428.csv,228.3933726254258
LightBulb_Halogen-30W_r3_MK2_20151018111452.csv,228.46613027644176
LightBulb_Halogen-30W_r3_MK2_20151018111540.csv,229.083237228742
LightBulb_Halogen-30W_r3_MK2_20151018111554.csv,229.29218530268957
LightBulb_Halogen-30W_r3_MK2_20151018111610.csv,229.8890987648687
LightBulb_Halogen-30W_r3_MK2_20151018111641.csv,228.7138986371674
LightBulb_Halogen-30W_r3_MK2_20151018111755.csv,226.81406235764499
LightBulb_Halogen-30W_r3_MK2_20151018111814.csv,227.73711585824927
LightBulb_Halogen-30W_r3_MK2_20151018111830.csv,228.33482766130177
LightBulb_Halogen-30W_r3_MK2_20151018111845.csv,227.75383895800854
HIFI_YamahaA500_r3_MK2_20151018113750.csv,227.8235612619233
HIFI_YamahaA500_r3_MK2_20151018113801.csv,228.48078282285317
HIFI_YamahaA500_r3_MK2_20151018113813.csv,228.49298314402085
HIFI_YamahaA500_r3_MK2_20151018113822.csv,228.47431100732305
HIFI_YamahaA500_r3_MK2_20151018113831.csv,228.42602521252513
HIFI_YamahaA500_r3_MK2_20151018113840.csv,228.30862291580303
HIFI_YamahaA500_r3_MK2_20151018113849.csv,228.14525859090242
HIFI_YamahaA500_r3_MK2_20151018113858.csv,227.72322982589387
HIFI_YamahaA500_r3_MK2_20151018113907.csv,227.40310898720935
HIFI_YamahaA500_r3_MK2_20151018113915.csv,227.5225864171016
Shredder_Quigg190W_r3_MK2_20151018140535.csv,233.65760820171948
Shredder_Quigg190W_r3_MK2_20151018140600.csv,233.76931031019225
Shredder_Quigg190W_r3_MK2_20151018140618.csv,233.7047875364319
Shredder_Quigg190W_r3_MK2_20151018140643.csv,233.89074768313077
Shredder_Quigg190W_r3_MK2_20151018140659.csv,233.49426603380837
Shredder_Quigg190W_r3_MK2_20151018141040.csv,234.10836426980958
Shredder_Quigg190W_r3_MK2_20151018141102.csv,233.75459358968496
Shredder_Quigg190W_r3_MK2_20151018141133.csv,233.8942952220373
Shredder_Quigg190W_r3_MK2_20151018141143.csv,233.8020064686895
Shredder_Quigg190W_r3_MK2_20151018141159.csv,234.12670363845268
Fan_HoneywellCL25AE_r5_MK2_20151022182552.csv,230.2361039284388
Fan_HoneywellCL25AE_r5_MK2_20151022182627.csv,229.9903743492223
Fan_HoneywellCL25AE_r5_MK2_20151022182614.csv,230.0348906716334
Fan_Krisbow50W_r5_MK2_20151022173811.csv,231.587167283016
Fan_Krisbow50W_r5_MK2_20151022173704.csv,230.48607762144178
Fan_HoneywellCL25AE_r5_MK2_20151022182725.csv,228.25311948140123
Fan_HoneywellCL25AE_r5_MK2_20151022182639.csv,230.1373448064048
Fan_Krisbow50W_r5_MK2_20151022173907.csv,231.86017428937302
Fan_Krisbow50W_r5_MK2_20151022173731.csv,231.13711054331108
Fan_HoneywellCL25AE_r5_MK2_20151022182800.csv,228.2529456354707
Fan_HoneywellCL25AE_r5_MK2_20151022182536.csv,230.00048910769794
Fan_HoneywellCL25AE_r5_MK2_20151022182654.csv,230.05068332698858
Fan_Krisbow50W_r5_MK2_20151022173847.csv,232.12693453110018
Fan_HoneywellCL25AE_r5_MK2_20151022182740.csv,228.56353485394376
Fan_Krisbow50W_r5_MK2_20151022174001.csv,230.64366107063955
Fan_HoneywellCL25AE_r5_MK2_20151022182711.csv,228.41531938044852
FlatIron_PhilipsA_r5_MK2_20151022183453.csv,225.96064982790242
FlatIron_PhilipsA_r5_MK2_20151022183408.csv,225.77621678106064
Fan_Krisbow50W_r5_MK2_20151022174040.csv,230.56177899809566
FlatIron_PhilipsA_r5_MK2_20151022183638.csv,226.00118542845237
DeepFryer_Kueche1500W_r5_MK2_20151028045634.csv,215.19464581284797
Fan_Krisbow50W_r5_MK2_20151022174122.csv,230.08796716544626
FlatIron_PhilipsA_r5_MK2_20151022183354.csv,225.61897344305999
FlatIron_PhilipsA_r5_MK2_20151022183424.csv,225.67197166160398
FlatIron_PhilipsA_r5_MK2_20151022183344.csv,224.612651467648
Fan_Krisbow50W_r5_MK2_20151022174102.csv,230.2754931708092
FlatIron_PhilipsA_r5_MK2_20151022183442.csv,225.7795995035936
FlatIron_PhilipsA_r5_MK2_20151022183557.csv,226.37325372545786
FlatIron_PhilipsA_r5_MK2_20151022183512.csv,225.76061308991174
DeepFryer_Kueche1500W_r5_MK2_20151028045616.csv,215.3679306429479
FlatIron_PhilipsA_r5_MK2_20151022183541.csv,226.48015010327865
Fan_Krisbow50W_r5_MK2_20151022174020.csv,230.72132819181968
DeepFryer_Kueche1500W_r5_MK2_20151028045602.csv,215.6493787834984
Iron_PhilipsFeatherLight_r5_MK2_20151022181410.csv,228.9263190428884
Iron_PhilipsFeatherLight_r5_MK2_20151022181514.csv,228.78951818973948
Iron_PhilipsFeatherLight_r5_MK2_20151022181347.csv,228.8642198784879
Iron_PhilipsFeatherLight_r5_MK2_20151022181451.csv,228.99162232223364
Iron_PhilipsFeatherLight_r5_MK2_20151022181358.csv,228.83719113140302
DeepFryer_Kueche1500W_r5_MK2_20151028045806.csv,217.1912346181326
Iron_PhilipsFeatherLight_r5_MK2_20151022181535.csv,228.8393771705525
Iron_PhilipsFeatherLight_r5_MK2_20151022181440.csv,228.91255886836953
DeepFryer_Kueche1500W_r5_MK2_20151028045740.csv,217.2613993995177
Iron_PhilipsFeatherLight_r5_MK2_20151022181430.csv,228.9772276279121
Iron_PhilipsFeatherLight_r5_MK2_20151022181503.csv,228.95390980461926
Iron_PhilipsFeatherLight_r5_MK2_20151022181524.csv,228.7671749219133
DeepFryer_Kueche1500W_r5_MK2_20151028045727.csv,217.0778788811073
DeepFryer_Kueche1500W_r5_MK2_20151028045900.csv,217.15701661828604
DeepFryer_Kueche1500W_r5_MK2_20151028045649.csv,215.98860180151254
DeepFryer_Kueche1500W_r5_MK2_20151028045841.csv,217.2974084614564
DeepFryer_Kueche1500W_r5_MK2_20151028045824.csv,217.45228502622138
JuiceMaker_PowerJuicer_r5_MK2_20151028050612.csv,213.83326666637524
JuiceMaker_PowerJuicer_r5_MK2_20151028050706.csv,213.81794144857375
LEDLight_A_r4_MK2_20151028072456.csv,220.0298300461478
JuiceMaker_PowerJuicer_r5_MK2_20151028050953.csv,214.60360408246606
JuiceMaker_PowerJuicer_r5_MK2_20151028051051.csv,214.74866545489095
JuiceMaker_PowerJuicer_r5_MK2_20151028050746.csv,214.445855495583
JuiceMaker_PowerJuicer_r5_MK2_20151028050902.csv,213.9065005483798
LEDLight_A_r4_MK2_20151028072619.csv,219.40876641203224
JuiceMaker_PowerJuicer_r5_MK2_20151028051243.csv,214.5785810424218
LEDLight_A_r4_MK2_20151028072826.csv,218.77238331286054
JuiceMaker_PowerJuicer_r5_MK2_20151028051327.csv,216.604070896206
LEDLight_A_r4_MK2_20151028072938.csv,218.94083035487049
JuiceMaker_PowerJuicer_r5_MK2_20151028050357.csv,213.99426233870375
LEDLight_A_r4_MK2_20151028072653.csv,219.55866746061614
JuiceMaker_PowerJuicer_r5_MK2_20151028050442.csv,214.24893758409448
LEDLight_A_r4_MK2_20151028072926.csv,219.59704370275003
LEDLight_A_r4_MK2_20151028072951.csv,218.80342378357383
Toaster_Electrolux_r5_MK2_20151028035340.csv,215.0806398133684
Massage_Advance_r5_MK2_20151022185245.csv,226.33622202330025
LEDLight_A_r4_MK2_20151028073021.csv,219.2464346018812
Massage_Advance_r5_MK2_20151022185255.csv,226.36879849249075
Massage_Advance_r5_MK2_20151022185209.csv,225.73213503224648
Massage_Advance_r5_MK2_20151022185145.csv,225.91863605376648
Massage_Advance_r5_MK2_20151022185221.csv,225.83654970441663
Toaster_Electrolux_r5_MK2_20151028035355.csv,214.93020067002257
Massage_Advance_r5_MK2_20151022185158.csv,225.7479058100206
Massage_Advance_r5_MK2_20151022185101.csv,226.6485205153594
Massage_Advance_r5_MK2_20151022185118.csv,226.26272469270418
Toaster_Electrolux_r5_MK2_20151028035348.csv,215.2534844361089
LEDLight_A_r4_MK2_20151028073010.csv,219.58459194854962
Massage_Advance_r5_MK2_20151022185233.csv,226.21651693539906
LEDLight_A_r4_MK2_20151028073001.csv,219.3332210524854
Massage_Advance_r5_MK2_20151022185133.csv,225.85900134586316
Toaster_Electrolux_r5_MK2_20151028035446.csv,214.1256126763003
Treadmill_Shaga_r5_MK2_20151028054447.csv,223.03327835180713
Treadmill_Shaga_r5_MK2_20151028054258.csv,223.17449123948313
Treadmill_Shaga_r5_MK2_20151028054231.csv,223.32715733517014
Toaster_Electrolux_r5_MK2_20151028035402.csv,214.98687262643853
Treadmill_Shaga_r5_MK2_20151028054647.csv,223.54254500462213
Treadmill_Shaga_r5_MK2_20151028054412.csv,222.7997245611792
Toaster_Electrolux_r5_MK2_20151028035409.csv,215.27619911298996
Treadmill_Shaga_r5_MK2_20151028054333.csv,222.86035957228566
Treadmill_Shaga_r5_MK2_20151028054606.csv,224.44976568837947
Treadmill_Shaga_r5_MK2_20151028054625.csv,223.62583205084823
Toaster_Electrolux_r5_MK2_20151028035417.csv,215.14336048348383
Toaster_Electrolux_r5_MK2_20151028035431.csv,214.33322289277132
Treadmill_Shaga_r5_MK2_20151028054200.csv,223.41635498983945
Treadmill_Shaga_r5_MK2_20151028054534.csv,223.16609497773754
Toaster_Electrolux_r5_MK2_20151028035439.csv,214.38083844348364
Toaster_Electrolux_r5_MK2_20151028035424.csv,214.69173211432494
VacuumCleaner_Maximus_r5_MK2_20151029045214.csv,221.08637255685161
VacuumCleaner_Maximus_r5_MK2_20151029045228.csv,221.10600370975013
VacuumCleaner_Maximus_r5_MK2_20151029045245.csv,221.53392855742612
VacuumCleaner_Maximus_r5_MK2_20151029045257.csv,221.7102207378509
VacuumCleaner_Maximus_r5_MK2_20151029045310.csv,221.57801543779405
VacuumCleaner_Maximus_r5_MK2_20151029045321.csv,221.49255898410584
VacuumCleaner_Maximus_r5_MK2_20151029045335.csv,221.61789375933304
VacuumCleaner_Maximus_r5_MK2_20151029045349.csv,221.71233945537736
VacuumCleaner_Maximus_r5_MK2_20151029045402.csv,221.61125989169165
VacuumCleaner_Maximus_r5_MK2_20151029045416.csv,221.61580543994884
Charger_Patona_r5_MK2_20151028180120.csv,231.41039516166424
Charger_Patona_r5_MK2_20151028180135.csv,231.553835822798
Charger_Blackberry_r5_MK2_20151028181112.csv,231.6553143549826
Charger_Blackberry_r5_MK2_20151028181319.csv,230.92299580553615
Charger_Blackberry_r5_MK2_20151028181334.csv,230.61666490301613
Charger_Blackberry_r5_MK2_20151028181030.csv,231.87639344517106
Charger_Blackberry_r5_MK2_20151028181020.csv,231.90733840982924
Charger_Blackberry_r5_MK2_20151028181212.csv,231.2422182226916
Charger_Blackberry_r5_MK2_20151028181823.csv,231.25068934444113
Charger_Blackberry_r5_MK2_20151028181408.csv,230.55685008297633
Charger_Patona_r5_MK2_20151028180145.csv,231.96839045128274
Charger_Blackberry_r5_MK2_20151028181102.csv,231.708102855157
Charger_Blackberry_r5_MK2_20151028181201.csv,231.3368274078009
Charger_Patona_r5_MK2_20151028180203.csv,231.86905781905384
Charger_Patona_r5_MK2_20151028180221.csv,231.92615140147512
Charger_Patona_r5_MK2_20151028180248.csv,231.82813508991615
Charger_Patona_r5_MK2_20151028180154.csv,231.91873308753364
Charger_Patona_r5_MK2_20151028180230.csv,231.84919264163577
Charger_Patona_r5_MK2_20151028180239.csv,231.70698711653392
Charger_Patona_r5_MK2_20151028180212.csv,231.84353256543577
HairDryer_PhilipsSalonDryTravel_r5_MK2_20151029041613.csv,221.00182118796448
HairDryer_PhilipsSalonDryTravel_r5_MK2_20151029041635.csv,221.322551662127
HairDryer_PhilipsSalonDryTravel_r5_MK2_20151029041604.csv,221.1730354812156
HairDryer_PhilipsSalonDryTravel_r5_MK2_20151029041538.csv,221.46447104503147
HairDryer_PhilipsSalonDryTravel_r5_MK2_20151029041452.csv,219.73266368628057
HairDryer_PhilipsSalonDryTravel_r5_MK2_20151029041530.csv,221.0966871862985
HairDryer_PhilipsSalonDryTravel_r5_MK2_20151029041507.csv,219.86690439721244
HairDryer_PhilipsSalonDryTravel_r5_MK2_20151029041626.csv,221.44588338520742
HairDryer_PhilipsSalonDryTravel_r5_MK2_20151029041556.csv,221.2243985758537
HairDryer_PhilipsSalonDryTravel_r5_MK2_20151029041517.csv,219.8785121803636
Charger_SamsungTravelAdapter1A_r5_MK2_20151030054420.csv,232.5206561587086
Charger_SamsungTravelAdapter1A_r5_MK2_20151030054433.csv,232.35396546181317
Charger_SamsungTravelAdapter1A_r5_MK2_20151030054442.csv,232.64502112888385
Charger_SamsungTravelAdapter1A_r5_MK2_20151030054452.csv,232.756342696623
Charger_SamsungTravelAdapter1A_r5_MK2_20151030054503.csv,232.7972770427782
Charger_SamsungTravelAdapter1A_r5_MK2_20151030054513.csv,232.56754379240786
Charger_SamsungTravelAdapter1A_r5_MK2_20151030054524.csv,232.51981555106855
Charger_SamsungTravelAdapter1A_r5_MK2_20151030054533.csv,233.3786170953922
Charger_SamsungTravelAdapter1A_r5_MK2_20151030054542.csv,233.4851352775875
Charger_SamsungTravelAdapter1A_r5_MK2_20151030054552.csv,234.23807375527988
MosquitoRepellent_Baygon3W_r5_MK2_20151030054959.csv,233.74163100008587
MosquitoRepellent_Baygon3W_r5_MK2_20151030055010.csv,233.97249839785204
MosquitoRepellent_Baygon3W_r5_MK2_20151030055021.csv,233.81544003097434
MosquitoRepellent_Baygon3W_r5_MK2_20151030055031.csv,234.32257999018742
MosquitoRepellent_Baygon3W_r5_MK2_20151030055042.csv,233.91940021189527
MosquitoRepellent_Baygon3W_r5_MK2_20151030055053.csv,234.30439845875904
MosquitoRepellent_Baygon3W_r5_MK2_20151030055104.csv,232.65386626126553
MosquitoRepellent_Baygon3W_r5_MK2_20151030055120.csv,230.9203488805601
MosquitoRepellent_Baygon3W_r5_MK2_20151030055132.csv,230.34954750343596
MosquitoRepellent_Baygon3W_r5_MK2_20151030055143.csv,230.47135017459593
WaterHeater_Daalderop_r5_MK2_20151030061122.csv,231.03745400350897
WaterHeater_Daalderop_r5_MK2_20151030061133.csv,231.01229424693895
WaterHeater_Daalderop_r5_MK2_20151030061142.csv,231.04417599617426
WaterHeater_Daalderop_r5_MK2_20151030061153.csv,231.7233158962506
WaterHeater_Daalderop_r5_MK2_20151030061201.csv,231.9625243840245
WaterHeater_Daalderop_r5_MK2_20151030061210.csv,231.8945955239334
WaterHeater_Daalderop_r5_MK2_20151030061220.csv,231.79348074384873
WaterHeater_Daalderop_r5_MK2_20151030061233.csv,231.7897032874432
WaterHeater_Daalderop_r5_MK2_20151030061243.csv,231.7343380875794
WaterHeater_Daalderop_r5_MK2_20151030061253.csv,231.67327996396904
WaterPump_Grundfos_r5_MK2_20151030062017.csv,233.38409218828713
WaterPump_Grundfos_r5_MK2_20151030062240.csv,232.47857379930505
WaterPump_Grundfos_r5_MK2_20151030062308.csv,232.33097418505702
WaterPump_Grundfos_r5_MK2_20151030062338.csv,232.13318843054955
WaterPump_Grundfos_r5_MK2_20151030062404.csv,232.23548696520922
WaterPump_Grundfos_r5_MK2_20151030062604.csv,231.0651644120718
WaterPump_Grundfos_r5_MK2_20151030062627.csv,231.23724033947943
WaterPump_Grundfos_r5_MK2_20151030062650.csv,231.14406648538744
WaterPump_Grundfos_r5_MK2_20151030062713.csv,230.9729676016722
WaterPump_Grundfos_r5_MK2_20151030062740.csv,230.57172152152822
AC_Electrolux_r5_MK2_20151031065948.csv,227.27203677173813
AC_Electrolux_r5_MK2_20151031070257.csv,227.45001931358243
AC_Electrolux_r5_MK2_20151031070606.csv,223.85267560283734
AC_Electrolux_r5_MK2_20151031070919.csv,227.40580923197166
AC_Electrolux_r5_MK2_20151031071229.csv,226.62691909259317
AC_Electrolux_r5_MK2_20151031071715.csv,225.60865165655764
AC_Electrolux_r5_MK2_20151031072145.csv,223.95899508221393
AC_Electrolux_r5_MK2_20151031072511.csv,219.99579461041034
AC_Electrolux_r5_MK2_20151031072816.csv,224.20888721441986
AC_Electrolux_r5_MK2_20151031073129.csv,224.88163033327655
Charger_Asus_r5_MK2_20151101065144.csv,223.0951288023214
Charger_Asus_r5_MK2_20151101065154.csv,222.890673119143
Charger_Asus_r5_MK2_20151101065202.csv,223.2106270434973
Charger_Asus_r5_MK2_20151101065212.csv,223.56707952323066
Charger_Asus_r5_MK2_20151101065221.csv,223.01200338143047
Charger_Asus_r5_MK2_20151101065230.csv,223.13379622407766
Charger_Asus_r5_MK2_20151101065239.csv,222.9398593638541
Charger_Asus_r5_MK2_20151101065248.csv,223.527117495785
Charger_Asus_r5_MK2_20151101065258.csv,223.50090725732045
Charger_Asus_r5_MK2_20151101065310.csv,223.22545662267424
Massage_InfraTrumper_r5_MK2_20151101070202.csv,220.4925558713055
Massage_InfraTrumper_r5_MK2_20151101070428.csv,216.9900015534415
Massage_InfraTrumper_r5_MK2_20151101070458.csv,216.95596131490325
Massage_InfraTrumper_r5_MK2_20151101070509.csv,217.53510936808712
Massage_InfraTrumper_r5_MK2_20151101070521.csv,217.37037857570462
Massage_InfraTrumper_r5_MK2_20151101070530.csv,217.41196096951992
Massage_InfraTrumper_r5_MK2_20151101070555.csv,217.18970788583735
Massage_InfraTrumper_r5_MK2_20151101070606.csv,217.1465511291652
Massage_InfraTrumper_r5_MK2_20151101070626.csv,216.9193246882141
Massage_InfraTrumper_r5_MK2_20151101070634.csv,216.7651074119776
Massage_SumoFootTherapy_r5_MK2_20151101144454.csv,220.30707642665283
Massage_SumoFootTherapy_r5_MK2_20151101144512.csv,220.66941488075315
Massage_SumoFootTherapy_r5_MK2_20151101144532.csv,220.25284422666218
Massage_SumoFootTherapy_r5_MK2_20151101144543.csv,220.3879395158863
Massage_SumoFootTherapy_r5_MK2_20151101144648.csv,219.70236307475977
Massage_SumoFootTherapy_r5_MK2_20151101144700.csv,219.8305364960884
Massage_SumoFootTherapy_r5_MK2_20151101144712.csv,219.532581346432
Massage_SumoFootTherapy_r5_MK2_20151101144730.csv,219.47468772900694
Massage_SumoFootTherapy_r5_MK2_20151101144747.csv,219.3812734834612
Massage_SumoFootTherapy_r5_MK2_20151101144800.csv,218.6356196687632
LEDLight_MH300_r4_MK2_20151102025950.csv,189.4354260251219
LEDLight_MH300_r4_MK2_20151102030320.csv,188.63545632692762
LEDLight_MH300_r4_MK2_20151102030335.csv,188.1789845362604
LEDLight_MH300_r4_MK2_20151102030348.csv,189.48420763632757
LEDLight_MH300_r4_MK2_20151102030439.csv,189.5000483715442
LEDLight_MH300_r4_MK2_20151102030452.csv,188.56466845403978
LEDLight_MH300_r4_MK2_20151102031050.csv,192.76319742757855
LEDLight_MH300_r4_MK2_20151102031305.csv,192.20089212542646
LEDLight_MH300_r4_MK2_20151102031319.csv,192.51263539564476
LEDLight_MH300_r4_MK2_20151102031331.csv,191.57980907107194
LEDLight_EcoBay_r4_MK2_20151102032135.csv,194.1452245817348
LEDLight_EcoBay_r4_MK2_20151102032144.csv,193.1607346458673
LEDLight_EcoBay_r4_MK2_20151102032203.csv,192.01852408639354
LEDLight_EcoBay_r4_MK2_20151102032216.csv,190.83881970641283
LEDLight_EcoBay_r4_MK2_20151102032231.csv,190.06680550296252
LEDLight_EcoBay_r4_MK2_20151102032411.csv,190.7654981796925
LEDLight_EcoBay_r4_MK2_20151102032423.csv,190.78872179277604
LEDLight_EcoBay_r4_MK2_20151102032435.csv,190.95347651532813
LEDLight_EcoBay_r4_MK2_20151102032448.csv,190.9811951366729
LEDLight_EcoBay_r4_MK2_20151102032830.csv,191.98721602030443
LEDLight_HighBay_r4_MK2_20151102033241.csv,192.49574218200203
LEDLight_HighBay_r4_MK2_20151102033302.csv,192.47797677655612
LEDLight_HighBay_r4_MK2_20151102033313.csv,192.31203170949027
LEDLight_HighBay_r4_MK2_20151102033323.csv,192.11543267777623
LEDLight_HighBay_r4_MK2_20151102033332.csv,191.99445711334124
LEDLight_HighBay_r4_MK2_20151102033342.csv,192.39225952990463
LEDLight_HighBay_r4_MK2_20151102033353.csv,192.33527113082786
LEDLight_HighBay_r4_MK2_20151102033601.csv,193.73746890243604
LEDLight_HighBay_r4_MK2_20151102033630.csv,192.61339514340645
LEDLight_HighBay_r4_MK2_20151102033642.csv,192.54600691030606
LEDLight_EcoBayHB100_r4_MK2_20151102034730.csv,192.94758997339105
LEDLight_EcoBayHB100_r4_MK2_20151102034751.csv,193.22292057017088
LEDLight_EcoBayHB100_r4_MK2_20151102034812.csv,193.2299137704128
LEDLight_EcoBayHB100_r4_MK2_20151102034825.csv,192.53184720173613
LEDLight_EcoBayHB100_r4_MK2_20151102034840.csv,192.61207809900253
LEDLight_EcoBayHB100_r4_MK2_20151102034853.csv,192.3655736421123
LEDLight_EcoBayHB100_r4_MK2_20151102034905.csv,192.12641023362158
LEDLight_EcoBayHB100_r4_MK2_20151102034917.csv,191.39448246898752
LEDLight_EcoBayHB100_r4_MK2_20151102034929.csv,191.43268315446238
LEDLight_EcoBayHB100_r4_MK2_20151102034941.csv,191.49384503523362
LEDLight_SL0211VS_r4_MK2_20151102035447.csv,189.98240151152444
LEDLight_SL0211VS_r4_MK2_20151102035544.csv,191.02028415269993
LEDLight_SL0211VS_r4_MK2_20151102035733.csv,191.40849087092502
LEDLight_SL0211VS_r4_MK2_20151102035744.csv,190.8942256518365
LEDLight_SL0211VS_r4_MK2_20151102035812.csv,191.00588725957093
LEDLight_SL0211VS_r4_MK2_20151102035826.csv,190.59545196002634
LEDLight_SL0211VS_r4_MK2_20151102035845.csv,189.85864079603468
LEDLight_SL0211VS_r4_MK2_20151102035905.csv,189.9045087878296
LEDLight_SL0211VS_r4_MK2_20151102035929.csv,189.92308186000426
LEDLight_SL0211VS_r4_MK2_20151102035948.csv,190.6328581443291
PowerSupply_HaoxinRXN3010d_r4_MK2_20151102040731.csv,190.98404653122884
PowerSupply_HaoxinRXN3010d_r4_MK2_20151102040741.csv,190.7928499756886
PowerSupply_HaoxinRXN3010d_r4_MK2_20151102040752.csv,190.65461738581078
PowerSupply_HaoxinRXN3010d_r4_MK2_20151102040809.csv,190.56911993286317
PowerSupply_HaoxinRXN3010d_r4_MK2_20151102040832.csv,191.34636707159856
PowerSupply_HaoxinRXN3010d_r4_MK2_20151102040845.csv,192.5881081133822
PowerSupply_HaoxinRXN3010d_r4_MK2_20151102040855.csv,192.00604792938856
PowerSupply_HaoxinRXN3010d_r4_MK2_20151102040905.csv,191.3439501524177
PowerSupply_HaoxinRXN3010d_r4_MK2_20151102040918.csv,191.07483231743342
PowerSupply_HaoxinRXN3010d_r4_MK2_20151102040932.csv,191.85848039648303
PowerSupply_AlincoDM340MV_r4_MK2_20151102041158.csv,189.82236198651472
PowerSupply_AlincoDM340MV_r4_MK2_20151102041210.csv,190.26481260301836
PowerSupply_AlincoDM340MV_r4_MK2_20151102041218.csv,190.3418169716903
PowerSupply_AlincoDM340MV_r4_MK2_20151102041227.csv,190.7232411717548
PowerSupply_AlincoDM340MV_r4_MK2_20151102041236.csv,191.48865559929533
PowerSupply_AlincoDM340MV_r4_MK2_20151102041243.csv,191.38522909050292
PowerSupply_AlincoDM340MV_r4_MK2_20151102041252.csv,190.49047690899468
PowerSupply_AlincoDM340MV_r4_MK2_20151102041300.csv,190.65995464608534
PowerSupply_AlincoDM340MV_r4_MK2_20151102041310.csv,190.63694676345423
PowerSupply_AlincoDM340MV_r4_MK2_20151102041318.csv,190.36173117574725
Desoldering_Dekko850AD_r4_MK2_20151102041551.csv,187.75282711082022
Desoldering_Dekko850AD_r4_MK2_20151102041613.csv,188.48580471243093
Desoldering_Dekko850AD_r4_MK2_20151102041645.csv,190.021861527337
Desoldering_Dekko850AD_r4_MK2_20151102041722.csv,189.23884482930518
Desoldering_Dekko850AD_r4_MK2_20151102041800.csv,190.6913420649105
Desoldering_Dekko850AD_r4_MK2_20151102041837.csv,190.54698624907945
Desoldering_Dekko850AD_r4_MK2_20151102041915.csv,191.24137048773383
Desoldering_Dekko850AD_r4_MK2_20151102041952.csv,189.2622321009243
Desoldering_Dekko850AD_r4_MK2_20151102042035.csv,189.94821792267172
Desoldering_Dekko850AD_r4_MK2_20151102042110.csv,190.33331227357314
SolderingIron_TaiyoKX40R_r4_MK2_20151102042428.csv,193.0862740116704
SolderingIron_TaiyoKX40R_r4_MK2_20151102042449.csv,193.88582858537404
SolderingIron_TaiyoKX40R_r4_MK2_20151102042459.csv,194.39463955760112
SolderingIron_TaiyoKX40R_r4_MK2_20151102042509.csv,194.13488060309203
SolderingIron_TaiyoKX40R_r4_MK2_20151102042519.csv,194.5806781532849
SolderingIron_TaiyoKX40R_r4_MK2_20151102042529.csv,193.9405147024978
SolderingIron_TaiyoKX40R_r4_MK2_20151102042537.csv,193.80411100862443
SolderingIron_TaiyoKX40R_r4_MK2_20151102042552.csv,193.85139451017795
SolderingIron_TaiyoKX40R_r4_MK2_20151102042602.csv,194.24228829674985
SolderingIron_TaiyoKX40R_r4_MK2_20151102042614.csv,193.45554830673163
LEDLight_FL0301M_r4_MK2_20151102044934.csv,186.58329909648072
LEDLight_FL0301M_r4_MK2_20151102044944.csv,186.89499492558573
LEDLight_FL0301M_r4_MK2_20151102044953.csv,186.28228234906157
LEDLight_FL0301M_r4_MK2_20151102045001.csv,186.24448688006333
LEDLight_FL0301M_r4_MK2_20151102045009.csv,186.11453611661645
LEDLight_FL0301M_r4_MK2_20151102045016.csv,186.18944257316178
LEDLight_FL0301M_r4_MK2_20151102045024.csv,187.53018565559705
LEDLight_FL0301M_r4_MK2_20151102045032.csv,190.4958585354269
LEDLight_FL0301M_r4_MK2_20151102045039.csv,190.50019560237016
LEDLight_FL0301M_r4_MK2_20151102045045.csv,190.82211938450592
LEDLight_FLRGB_r4_MK2_20151102050438.csv,190.80833293319694
LEDLight_FLRGB_r4_MK2_20151102050450.csv,191.221923959268
LEDLight_FLRGB_r4_MK2_20151102050500.csv,190.81868248763797
LEDLight_FLRGB_r4_MK2_20151102050513.csv,191.89866235460718
LEDLight_FLRGB_r4_MK2_20151102050529.csv,190.70049808234313
LEDLight_FLRGB_r4_MK2_20151102050542.csv,190.46996537200982
LEDLight_FLRGB_r4_MK2_20151102050559.csv,189.90993786973212
LEDLight_FLRGB_r4_MK2_20151102050610.csv,188.616935334718
LEDLight_FLRGB_r4_MK2_20151102050621.csv,189.8525977179054
LEDLight_FLRGB_r4_MK2_20151102050631.csv,187.07770427373393
