filename,i_rms
Fan_Cyclone3000_r4_MK2_20151102051929.csv,1.871609664201663
Fan_Cyclone3000_r4_MK2_20151102051942.csv,1.637164737636956
Fan_Cyclone3000_r4_MK2_20151102051951.csv,1.648812994328143
Fan_Cyclone3000_r4_MK2_20151102052001.csv,1.6504044286686244
Fan_Cyclone3000_r4_MK2_20151102052012.csv,1.6926841893019504
Fan_Cyclone3000_r4_MK2_20151102052023.csv,1.6949510424779515
Fan_Cyclone3000_r4_MK2_20151102052041.csv,1.8034756924433126
Fan_Cyclone3000_r4_MK2_20151102052054.csv,1.7258434162056644
Fan_Cyclone3000_r4_MK2_20151102052106.csv,1.6973400343708733
Fan_Cyclone3000_r4_MK2_20151102052118.csv,1.7269662708687155
BenchGrinder_KinFujiKBG2080_r4_MK2_20151102052641.csv,2.631576273306711
BenchGrinder_KinFujiKBG2080_r4_MK2_20151102052742.csv,2.603156785288675
BenchGrinder_KinFujiKBG2080_r4_MK2_20151102052858.csv,2.5862214449855507
BenchGrinder_KinFujiKBG2080_r4_MK2_20151102052915.csv,2.5669900923046205
BenchGrinder_KinFujiKBG2080_r4_MK2_20151102052941.csv,2.548380905510696
BenchGrinder_KinFujiKBG2080_r4_MK2_20151102052958.csv,2.535114137852748
BenchGrinder_KinFujiKBG2080_r4_MK2_20151102053025.csv,2.5190334468918434
BenchGrinder_KinFujiKBG2080_r4_MK2_20151102053055.csv,2.515182310149105
BenchGrinder_KinFujiKBG2080_r4_MK2_20151102053246.csv,2.526173529818664
BenchGrinder_KinFujiKBG2080_r4_MK2_20151102053347.csv,2.5274084383078
LEDLight_IceCube_r4_MK2_20151102063558.csv,0.13337024405489875
LEDLight_IceCube_r4_MK2_20151102063608.csv,0.13379148127941015
LEDLight_IceCube_r4_MK2_20151102063619.csv,0.13394318298991334
LEDLight_IceCube_r4_MK2_20151102063630.csv,0.1343084875572539
LEDLight_IceCube_r4_MK2_20151102063639.csv,0.13384843698615806
LEDLight_IceCube_r4_MK2_20151102063707.csv,0.13363522067896094
LEDLight_IceCube_r4_MK2_20151102063720.csv,0.13370795545417427
LEDLight_IceCube_r4_MK2_20151102063730.csv,0.13347343053660696
LEDLight_IceCube_r4_MK2_20151102063740.csv,0.13318133310692634
LEDLight_IceCube_r4_MK2_20151102063753.csv,0.13370304038000239
GameConsole_PS3_r2_MK2_20151115001145.csv,0.3023885585659992
GameConsole_PS3_r2_MK2_20151115001221.csv,0.30352229750645254
GameConsole_PS3_r2_MK2_20151115001301.csv,0.30368173439851753
GameConsole_PS3_r2_MK2_20151115001413.csv,0.30265449058025085
GameConsole_PS3_r2_MK2_20151115001510.csv,0.3016730377288685
GameConsole_PS3_r2_MK2_20151115001620.csv,0.3023488913746388
GameConsole_PS3_r2_MK2_20151115001735.csv,0.3025508431448227
GameConsole_PS3_r2_MK2_20151115001938.csv,0.3041337012675713
GameConsole_PS3_r2_MK2_20151115002129.csv,0.30135801013203534
GameConsole_PS3_r2_MK2_20151115002346.csv,0.3023849864924076
GameConsole_WII_r2_MK2_20151115004217.csv,0.14721528992424662
GameConsole_WII_r2_MK2_20151115004234.csv,0.14696660994403848
GameConsole_WII_r2_MK2_20151115004310.csv,0.14756332737210706
GameConsole_WII_r2_MK2_20151115004335.csv,0.14750540992341787
GameConsole_WII_r2_MK2_20151115004401.csv,0.14665783516442077
GameConsole_WII_r2_MK2_20151115004429.csv,0.14696170992853153
GameConsole_WII_r2_MK2_20151115004457.csv,0.14798512535975322
GameConsole_WII_r2_MK2_20151115004520.csv,0.14711582963455128
GameConsole_WII_r2_MK2_20151115004549.csv,0.14339928503839114
GameConsole_WII_r2_MK2_20151115004611.csv,0.14699981341104063
GameConsole_PS1_r2_MK2_20151115005043.csv,0.06062973435615892
GameConsole_PS1_r2_MK2_20151115005055.csv,0.060644952141644684
GameConsole_PS1_r2_MK2_20151115005107.csv,0.06107325531753482
GameConsole_PS1_r2_MK2_20151115005118.csv,0.06106746589156494
GameConsole_PS1_r2_MK2_20151115005130.csv,0.061330646314767395
GameConsole_PS1_r2_MK2_20151115005142.csv,0.06132751953997516
GameConsole_PS1_r2_MK2_20151115005154.csv,0.06067049864610379
GameConsole_PS1_r2_MK2_20151115005207.csv,0.06134865302984263
GameConsole_PS1_r2_MK2_20151115005220.csv,0.060972491799294475
GameConsole_PS1_r2_MK2_20151115005233.csv,0.06131535500836387
GameConsole_SegaMegaDrive_r2_MK2_20151115010518.csv,0.07757683675517384
GameConsole_SegaMegaDrive_r2_MK2_20151115010629.csv,0.07744509804398517
GameConsole_SegaMegaDrive_r2_MK2_20151115010734.csv,0.07701777710419845
GameConsole_SegaMegaDrive_r2_MK2_20151115010810.csv,0.07703614939997226
GameConsole_SegaMegaDrive_r2_MK2_20151115010833.csv,0.0773301839546333
GameConsole_SegaMegaDrive_r2_MK2_20151115010908.csv,0.07727686939274118
GameConsole_SegaMegaDrive_r2_MK2_20151115010946.csv,0.07735198194118158
GameConsole_SegaMegaDrive_r2_MK2_20151115011008.csv,0.07726689611179073
GameConsole_SegaMegaDrive_r2_MK2_20151115011028.csv,0.07692246494721355
GameConsole_SegaMegaDrive_r2_MK2_20151115011056.csv,0.0770148422018601
TV_Fujitsu_r2_MK2_20151115123924.csv,0.30233540633077444
TV_Fujitsu_r2_MK2_20151115123943.csv,0.3027806897872884
TV_Fujitsu_r2_MK2_20151115124003.csv,0.3091806562606608
TV_Fujitsu_r2_MK2_20151115124024.csv,0.306966089640997
TV_Fujitsu_r2_MK2_20151115124043.csv,0.3058516983486779
TV_Fujitsu_r2_MK2_20151115124110.csv,0.3051684243926614
TV_Fujitsu_r2_MK2_20151115124132.csv,0.3066349560911953
TV_Fujitsu_r2_MK2_20151115124159.csv,0.3048822505642424
TV_Fujitsu_r2_MK2_20151115124227.csv,0.30295031777579057
TV_Fujitsu_r2_MK2_20151115124255.csv,0.3061200191510885
WashingMachine_Privileg_r2_MK2_20151115132244.csv,0.2863433693892024
WashingMachine_Privileg_r2_MK2_20151115132324.csv,0.24880890502553332
WashingMachine_Privileg_r2_MK2_20151115132341.csv,0.18119032050336337
WashingMachine_Privileg_r2_MK2_20151115132402.csv,0.18304669787001598
WashingMachine_Privileg_r2_MK2_20151115132423.csv,0.1773267373316655
WashingMachine_Privileg_r2_MK2_20151115132448.csv,0.19189598365473223
WashingMachine_Privileg_r2_MK2_20151115132508.csv,0.17626337494948352
WashingMachine_Privileg_r2_MK2_20151115132526.csv,0.16069170385394085
WashingMachine_Privileg_r2_MK2_20151115132539.csv,0.13546168733793199
WashingMachine_Privileg_r2_MK2_20151115132554.csv,0.13944569460713382
GuitarAmp_Marshall8240_r2_MK2_20151115133402.csv,0.19372348975464268
GuitarAmp_Marshall8240_r2_MK2_20151115133529.csv,0.1716859245488386
GuitarAmp_Marshall8240_r2_MK2_20151115133553.csv,0.14430374911406055
GuitarAmp_Marshall8240_r2_MK2_20151115133650.csv,0.23093281238572153
GuitarAmp_Marshall8240_r2_MK2_20151115133713.csv,0.23721716428227027
GuitarAmp_Marshall8240_r2_MK2_20151115133742.csv,0.14803507329416338
GuitarAmp_Marshall8240_r2_MK2_20151115134807.csv,0.1463447000090138
GuitarAmp_Marshall8240_r2_MK2_20151115134820.csv,0.15068225693183032
GuitarAmp_Marshall8240_r2_MK2_20151115134835.csv,0.14367499360723407
GuitarAmp_Marshall8240_r2_MK2_20151115134900.csv,0.1525180439865575
ShoeWarmer_Enka_r3_MK2_20151121185158.csv,0.147084953432877
ShoeWarmer_Enka_r3_MK2_20151121185211.csv,0.10496195945533268
ShoeWarmer_Enka_r3_MK2_20151121185221.csv,0.08805881078639373
ShoeWarmer_Enka_r3_MK2_20151121185231.csv,0.08956916845700505
ShoeWarmer_Enka_r3_MK2_20151121185240.csv,0.0872726074951431
ShoeWarmer_Enka_r3_MK2_20151121185306.csv,0.13082637390707266
ShoeWarmer_Enka_r3_MK2_20151121185319.csv,0.10238759668492653
ShoeWarmer_Enka_r3_MK2_20151121185333.csv,0.10491917383679458
ShoeWarmer_Enka_r3_MK2_20151121185346.csv,0.09974225747610091
ShoeWarmer_Enka_r3_MK2_20151121185356.csv,0.08450747592920949
SewingMachine_Veritas_r3_MK2_20151121190301.csv,0.7099296412745549
SewingMachine_Veritas_r3_MK2_20151121190321.csv,0.6921139409386527
SewingMachine_Veritas_r3_MK2_20151121190344.csv,0.6765396819087918
SewingMachine_Veritas_r3_MK2_20151121190412.csv,0.6607632018822829
SewingMachine_Veritas_r3_MK2_20151121190429.csv,0.6573830269243197
SewingMachine_Veritas_r3_MK2_20151121190506.csv,0.652762373069158
SewingMachine_Veritas_r3_MK2_20151121190536.csv,0.6480690000637809
SewingMachine_Veritas_r3_MK2_20151121190552.csv,0.6430206657072159
SewingMachine_Veritas_r3_MK2_20151121190609.csv,0.6363900742396964
SewingMachine_Veritas_r3_MK2_20151121190647.csv,0.6399574017453329
Kettle_AlaskaWK2209N_r3_MK2_20151122120437.csv,8.951686728181203
Kettle_AlaskaWK2209N_r3_MK2_20151122120449.csv,8.931763692368625
Kettle_AlaskaWK2209N_r3_MK2_20151122120457.csv,8.931838604014521
Kettle_AlaskaWK2209N_r3_MK2_20151122120505.csv,8.932968292918225
Kettle_AlaskaWK2209N_r3_MK2_20151122120513.csv,8.923886216307892
Kettle_AlaskaWK2209N_r3_MK2_20151122120522.csv,8.933703349729454
Kettle_AlaskaWK2209N_r3_MK2_20151122120532.csv,8.912621716929428
Kettle_AlaskaWK2209N_r3_MK2_20151122120541.csv,8.906738185293262
Kettle_AlaskaWK2209N_r3_MK2_20151122120549.csv,8.910461322012175
Kettle_AlaskaWK2209N_r3_MK2_20151122120558.csv,8.928486025830471
Toaster_TeamKalorik_r3_MK2_20151122121129.csv,2.99265346908514
Toaster_TeamKalorik_r3_MK2_20151122121138.csv,2.981937181702564
Toaster_TeamKalorik_r3_MK2_20151122121147.csv,2.965917803609582
Toaster_TeamKalorik_r3_MK2_20151122121155.csv,2.9613119347023664
Toaster_TeamKalorik_r3_MK2_20151122121203.csv,2.958982511038562
Toaster_TeamKalorik_r3_MK2_20151122121210.csv,2.951868931902179
Toaster_TeamKalorik_r3_MK2_20151122121217.csv,2.9523202251587124
Toaster_TeamKalorik_r3_MK2_20151122121225.csv,2.9524545768305637
Toaster_TeamKalorik_r3_MK2_20151122121233.csv,2.9490549138644977
Toaster_TeamKalorik_r3_MK2_20151122121243.csv,2.9532807567604564
CoffeeMachine_AlaskaCM2209m_r3_MK2_20151122122034.csv,3.4240531600502773
CoffeeMachine_AlaskaCM2209m_r3_MK2_20151122122042.csv,3.4156876214388716
CoffeeMachine_AlaskaCM2209m_r3_MK2_20151122122050.csv,3.4048022213426106
CoffeeMachine_AlaskaCM2209m_r3_MK2_20151122122104.csv,3.4167505993069316
CoffeeMachine_AlaskaCM2209m_r3_MK2_20151122122111.csv,3.413783174916714
CoffeeMachine_AlaskaCM2209m_r3_MK2_20151122122122.csv,3.4223372078507266
CoffeeMachine_AlaskaCM2209m_r3_MK2_20151122122135.csv,3.4169070552546947
CoffeeMachine_AlaskaCM2209m_r3_MK2_20151122122147.csv,3.4119031479596518
CoffeeMachine_AlaskaCM2209m_r3_MK2_20151122122157.csv,3.421893839419195
CoffeeMachine_AlaskaCM2209m_r3_MK2_20151122122228.csv,3.434515638377373
HairDryer_Tedi_r3_MK2_20151122122943.csv,8.481713719795296
HairDryer_Tedi_r3_MK2_20151122122957.csv,8.482801375632418
HairDryer_Tedi_r3_MK2_20151122123009.csv,8.481958768623484
HairDryer_Tedi_r3_MK2_20151122123021.csv,8.471136899122364
HairDryer_Tedi_r3_MK2_20151122123031.csv,8.47773339943898
HairDryer_Tedi_r3_MK2_20151122123040.csv,8.489354115488476
HairDryer_Tedi_r3_MK2_20151122123048.csv,8.48272977007479
HairDryer_Tedi_r3_MK2_20151122123056.csv,8.46932670234421
HairDryer_Tedi_r3_MK2_20151122123105.csv,8.480056217504542
HairDryer_Tedi_r3_MK2_20151122123116.csv,8.49375920736258
Charger_SamsungTravelAdapter2A_r3_MK2_20151122124858.csv,0.08676804077079739
Charger_SamsungTravelAdapter2A_r3_MK2_20151122125113.csv,0.07797988709347767
Charger_SamsungTravelAdapter2A_r3_MK2_20151122125120.csv,0.07813320514295918
Charger_SamsungTravelAdapter2A_r3_MK2_20151122125129.csv,0.11725881654104278
Charger_SamsungTravelAdapter2A_r3_MK2_20151122125137.csv,0.11993801049112829
Charger_SamsungTravelAdapter2A_r3_MK2_20151122125145.csv,0.1206606300244173
Charger_SamsungTravelAdapter2A_r3_MK2_20151122125154.csv,0.07933972018013058
Charger_SamsungTravelAdapter2A_r3_MK2_20151122125202.csv,0.1186981343401727
Charger_SamsungTravelAdapter2A_r3_MK2_20151122125213.csv,0.08582793774498923
Charger_SamsungTravelAdapter2A_r3_MK2_20151122125222.csv,0.07847368289259293
Charger_Hahnel_r3_MK2_20151122125920.csv,0.05173387694956508
Charger_Hahnel_r3_MK2_20151122125934.csv,0.05486838426663438
Charger_Hahnel_r3_MK2_20151122125945.csv,0.05352353859827202
Charger_Hahnel_r3_MK2_20151122125957.csv,0.08185913921141177
Charger_Hahnel_r3_MK2_20151122130007.csv,0.0855098896320325
Charger_Hahnel_r3_MK2_20151122130014.csv,0.06351164669530382
Charger_Hahnel_r3_MK2_20151122130024.csv,0.07634188263739808
Charger_Hahnel_r3_MK2_20151122130035.csv,0.05396169713327028
Charger_Hahnel_r3_MK2_20151122130043.csv,0.08003010893006914
Charger_Hahnel_r3_MK2_20151122130054.csv,0.0849591430593837
Microwave_Privileg8020_r3_MK2_20151122130435.csv,5.210492713864861
Microwave_Privileg8020_r3_MK2_20151122130443.csv,5.993980640144146
Microwave_Privileg8020_r3_MK2_20151122130451.csv,5.893030641253919
Microwave_Privileg8020_r3_MK2_20151122130501.csv,5.706278844048263
Microwave_Privileg8020_r3_MK2_20151122130510.csv,5.63054722774182
Microwave_Privileg8020_r3_MK2_20151122130519.csv,5.56890488670919
Microwave_Privileg8020_r3_MK2_20151122130529.csv,5.552322848730552
Microwave_Privileg8020_r3_MK2_20151122130538.csv,5.615043756017843
Microwave_Privileg8020_r3_MK2_20151122130547.csv,5.594678428776156
Microwave_Privileg8020_r3_MK2_20151122130558.csv,5.482252802337001
LightBulb_Osram25W_r1_MK2_20151123175212.csv,0.10943229756636833
LightBulb_Osram25W_r1_MK2_20151123175220.csv,0.10936306106311097
LightBulb_Osram25W_r1_MK2_20151123175227.csv,0.1094451456690153
LightBulb_Osram25W_r1_MK2_20151123175235.csv,0.10941248467383441
LightBulb_Osram25W_r1_MK2_20151123175242.csv,0.10934437932933595
LightBulb_Osram25W_r1_MK2_20151123175248.csv,0.10923746109603147
LightBulb_Osram25W_r1_MK2_20151123175255.csv,0.10937174483207432
LightBulb_Osram25W_r1_MK2_20151123175302.csv,0.10935790925139681
LightBulb_Osram25W_r1_MK2_20151123175309.csv,0.10927690703654733
LightBulb_Osram25W_r1_MK2_20151123175316.csv,0.1094403443925938
Heater_Heller_r1_MK1_20151202124754.csv,6.668519133474176
Heater_Heller_r1_MK1_20151202124803.csv,6.52436031283399
Heater_Heller_r1_MK1_20151202124813.csv,6.464682155216518
Heater_Heller_r1_MK1_20151202124821.csv,6.442009047320514
Heater_Heller_r1_MK1_20151202124829.csv,6.4289259997365855
Heater_Heller_r1_MK1_20151202124837.csv,6.413042946627083
Heater_Heller_r1_MK1_20151202124846.csv,6.4113388058302
Heater_Heller_r1_MK1_20151202124857.csv,6.432770050962567
Heater_Heller_r1_MK1_20151202124907.csv,6.4391461445002625
Heater_Heller_r1_MK1_20151202124917.csv,6.4469120609506465
VacuumCleaner_Vento_r1_MK1_20151203134057.csv,5.326307416113684
VacuumCleaner_Vento_r1_MK1_20151203134115.csv,5.318216614107129
VacuumCleaner_Vento_r1_MK1_20151203134128.csv,5.20291517878436
VacuumCleaner_Vento_r1_MK1_20151203134145.csv,5.290535245095074
VacuumCleaner_Vento_r1_MK1_20151203134201.csv,5.316765468815485
VacuumCleaner_Vento_r1_MK1_20151203134217.csv,5.304684621670821
VacuumCleaner_Vento_r1_MK1_20151203134237.csv,5.315480486506347
VacuumCleaner_Vento_r1_MK1_20151203134257.csv,5.303204536890998
VacuumCleaner_Vento_r1_MK1_20151203134316.csv,5.303986573737169
VacuumCleaner_Vento_r1_MK1_20151203134336.csv,5.2970276261974485
VacuumCleaner_Nilfisk_r1_MK1_20151203140259.csv,4.917486712674367
VacuumCleaner_Nilfisk_r1_MK1_20151203140323.csv,4.943215777177321
VacuumCleaner_Nilfisk_r1_MK1_20151203140337.csv,4.8946523980977
VacuumCleaner_Nilfisk_r1_MK1_20151203140353.csv,4.8712628455448215
VacuumCleaner_Nilfisk_r1_MK1_20151203140413.csv,4.924825957914496
VacuumCleaner_Nilfisk_r1_MK1_20151203140441.csv,4.9125109568033185
VacuumCleaner_Nilfisk_r1_MK1_20151203140506.csv,4.89651316408807
VacuumCleaner_Nilfisk_r1_MK1_20151203140602.csv,4.8794101187538255
VacuumCleaner_Nilfisk_r1_MK1_20151203140627.csv,4.901739806353836
VacuumCleaner_Nilfisk_r1_MK1_20151203140659.csv,4.948082713586203
Projector_Epson_r1_MK1_20151203142158.csv,0.3579288736709615
Projector_Epson_r1_MK1_20151203142247.csv,0.21703349967215815
Projector_Epson_r1_MK1_20151203142316.csv,0.17852873424650503
Projector_Epson_r1_MK1_20151203142347.csv,0.19383829710459372
Projector_Epson_r1_MK1_20151203142448.csv,0.2800450924637287
Projector_Epson_r1_MK1_20151203142554.csv,0.2896401204720047
Projector_Epson_r1_MK1_20151203142919.csv,0.37055247802848845
Projector_Epson_r1_MK1_20151203142949.csv,0.1781478064322447
Projector_Epson_r1_MK1_20151203143032.csv,0.21564874358610187
Projector_Epson_r1_MK1_20151203143103.csv,0.1834201134557775
Kettle_IdeenWelt_r1_MK2_20151214125743.csv,8.350414686290783
Kettle_IdeenWelt_r1_MK2_20151214125751.csv,8.34975715405791
Kettle_IdeenWelt_r1_MK2_20151214125800.csv,8.35499632030694
Kettle_IdeenWelt_r1_MK2_20151214125808.csv,8.353015556766257
Kettle_IdeenWelt_r1_MK2_20151214125816.csv,8.349616929424787
Kettle_IdeenWelt_r1_MK2_20151214125826.csv,8.343605222279407
Kettle_IdeenWelt_r1_MK2_20151214125836.csv,8.335397771914867
Kettle_IdeenWelt_r1_MK2_20151214125845.csv,8.320686194209419
Kettle_IdeenWelt_r1_MK2_20151214125854.csv,8.321407410074059
Kettle_IdeenWelt_r1_MK2_20151214125903.csv,8.320053387072754
ShoeWarmer_ThermIc_r2_MK2_20151214130053.csv,0.0975101014187447
ShoeWarmer_ThermIc_r2_MK2_20151214130101.csv,0.09566492937645964
ShoeWarmer_ThermIc_r2_MK2_20151214130110.csv,0.09546940641249013
ShoeWarmer_ThermIc_r2_MK2_20151214130118.csv,0.09529767775647646
ShoeWarmer_ThermIc_r2_MK2_20151214130126.csv,0.0954897476894777
ShoeWarmer_ThermIc_r2_MK2_20151214130135.csv,0.09504162650266648
ShoeWarmer_ThermIc_r2_MK2_20151214130143.csv,0.09485780467582287
ShoeWarmer_ThermIc_r2_MK2_20151214130152.csv,0.09559114680464109
ShoeWarmer_ThermIc_r2_MK2_20151214130202.csv,0.09487123302368539
ShoeWarmer_ThermIc_r2_MK2_20151214130212.csv,0.09492395051302306
HairDryer_BraunSatinHair_r3_MK1_20151220010253.csv,1.712124566396677
HairDryer_BraunSatinHair_r3_MK1_20151220010305.csv,1.7063633983512336
HairDryer_BraunSatinHair_r3_MK1_20151220010315.csv,1.7076967336831783
HairDryer_BraunSatinHair_r3_MK1_20151220010324.csv,1.707147189595805
HairDryer_BraunSatinHair_r3_MK1_20151220010333.csv,1.7059662405542968
HairDryer_BraunSatinHair_r3_MK1_20151220010345.csv,1.706796616218225
HairDryer_BraunSatinHair_r3_MK1_20151220010355.csv,1.7065636291688346
HairDryer_BraunSatinHair_r3_MK1_20151220010406.csv,1.707755858078836
HairDryer_BraunSatinHair_r3_MK1_20151220010423.csv,1.7089916746662681
HairDryer_BraunSatinHair_r3_MK1_20151220010445.csv,1.7111642495240824
CFL_PhilipsGenie8W_r6_MK1_20151229102715.csv,0.06176942124731597
CFL_PhilipsGenie8W_r6_MK1_20151229102659.csv,0.06534994242164353
CFL_PhilipsGenie8W_r6_MK1_20151229102724.csv,0.06562256399298193
CFL_PhilipsGenie8W_r6_MK1_20151229102756.csv,0.0629086949387977
CFL_PhilipsGenie8W_r6_MK1_20151229102743.csv,0.06425982531843728
CFL_PhilipsGenie8W_r6_MK1_20151229102734.csv,0.06388974822987746
CFL_PhilipsGenie8W_r6_MK1_20151229102825.csv,0.0628002400083
CFL_PhilipsGenie8W_r6_MK1_20151229102805.csv,0.06672121315277069
CFL_PhilipsGenie8W_r6_MK1_20151229102816.csv,0.06502992040361548
CFL_PhilipsGenie8W_r6_MK1_20151229102835.csv,0.06408684438343173
Fan_ChingHai35W_r6_MK1_20151229103757.csv,0.2038925178004396
Fan_ChingHai35W_r6_MK1_20151229103625.csv,0.20584901401454664
Fan_ChingHai35W_r6_MK1_20151229103815.csv,0.20212220680885648
Fan_ChingHai35W_r6_MK1_20151229103736.csv,0.20459720806867362
Fan_ChingHai35W_r6_MK1_20151229103713.csv,0.20465291009099307
Fan_ChingHai35W_r6_MK1_20151229103607.csv,0.2063498846456872
Fan_ChingHai35W_r6_MK1_20151229103652.csv,0.2046055559186086
Fan_ChingHai35W_r6_MK1_20151229103850.csv,0.2010889515457643
Fan_ChingHai35W_r6_MK1_20151229103832.csv,0.20055906194700396
Fan_ChingHai35W_r6_MK1_20151229103908.csv,0.20071672604768148
HairDryer_BaBylissPro_r6_MK1_20151229103034.csv,2.9475961221635085
HairDryer_BaBylissPro_r6_MK1_20151229103100.csv,1.7709126081544924
HairDryer_BaBylissPro_r6_MK1_20151229103133.csv,1.7622177589129704
HairDryer_BaBylissPro_r6_MK1_20151229103231.csv,1.7706126508404632
HairDryer_BaBylissPro_r6_MK1_20151229103118.csv,1.7606061430592717
HairDryer_BaBylissPro_r6_MK1_20151229103045.csv,1.7568073008011278
HairDryer_BaBylissPro_r6_MK1_20151229103144.csv,1.7736152357818564
HairDryer_BaBylissPro_r6_MK1_20151229103154.csv,1.7667317539487142
HairDryer_BaBylissPro_r6_MK1_20151229103222.csv,1.760263304982387
Kettle_TCM_r6_MK1_20151229104155.csv,11.892608776876669
HairDryer_BaBylissPro_r6_MK1_20151229103209.csv,1.7655617505541554
Kettle_TCM_r6_MK1_20151229104215.csv,11.75597248466392
Kettle_TCM_r6_MK1_20151229104303.csv,11.73175583266892
Kettle_TCM_r6_MK1_20151229104245.csv,11.77075390611135
Kettle_TCM_r6_MK1_20151229104205.csv,11.799487922275107
Kettle_TCM_r6_MK1_20151229104225.csv,11.75425978608454
Kettle_TCM_r6_MK1_20151229104310.csv,11.723353715262123
Kettle_TCM_r6_MK1_20151229104234.csv,11.743260135862753
WaterHeater_AustriaEmailKRU052-A_r6_MK1_20151226153704.csv,8.123890134431914
Kettle_TCM_r6_MK1_20151229104254.csv,11.742550936121216
Kettle_TCM_r6_MK1_20151229104317.csv,11.702466918527383
WaterHeater_AustriaEmailKRU052-A_r6_MK1_20151226153837.csv,8.055069116766893
WaterHeater_AustriaEmailKRU052-A_r6_MK1_20151226153735.csv,8.143091919583178
WaterHeater_AustriaEmailKRU052-A_r6_MK1_20151226153814.csv,8.069358087145792
WaterHeater_AustriaEmailKRU052-A_r6_MK1_20151226153829.csv,8.082189456748957
WaterHeater_AustriaEmailKRU052-A_r6_MK1_20151226153805.csv,8.097620695407144
WaterHeater_AustriaEmailKRU052-A_r6_MK1_20151226153751.csv,8.128054255460496
WaterHeater_AustriaEmailKRU052-A_r6_MK1_20151226153847.csv,8.036157346379316
WaterHeater_AustriaEmailKRU052-A_r6_MK1_20151226153719.csv,8.170000509571809
WaterHeater_AustriaEmailKRU052-A_r6_MK1_20151226153856.csv,8.068158798960063
WaterHeater_StiebelEltronSNU5S_r1_MK1_20160126152735.csv,8.309179748845198
WaterHeater_StiebelEltronSNU5S_r1_MK1_20160126152745.csv,8.193435132608519
WaterHeater_StiebelEltronSNU5S_r1_MK1_20160126152808.csv,8.250070612609209
WaterHeater_StiebelEltronSNU5S_r1_MK1_20160126152826.csv,8.244305311571505
WaterHeater_StiebelEltronSNU5S_r1_MK1_20160126152834.csv,8.149377050434936
WaterHeater_StiebelEltronSNU5S_r1_MK1_20160126152842.csv,8.11927371324108
WaterHeater_StiebelEltronSNU5S_r1_MK1_20160126152850.csv,8.09963847035993
WaterHeater_StiebelEltronSNU5S_r1_MK1_20160126152857.csv,8.086741323649063
WaterHeater_StiebelEltronSNU5S_r1_MK1_20160126152905.csv,8.07683186124882
WaterHeater_StiebelEltronSNU5S_r1_MK1_20160126152913.csv,8.071615374182295
WaterHeater_StiebelEltronSN10S_r1_MK1_20160126153533.csv,8.55417167726533
WaterHeater_StiebelEltronSN10S_r1_MK1_20160126153541.csv,8.442768245113795
WaterHeater_StiebelEltronSN10S_r1_MK1_20160126153548.csv,8.40125524818552
WaterHeater_StiebelEltronSN10S_r1_MK1_20160126153556.csv,8.394626124128344
WaterHeater_StiebelEltronSN10S_r1_MK1_20160126153604.csv,8.402691459705798
WaterHeater_StiebelEltronSN10S_r1_MK1_20160126153612.csv,8.385405239962964
WaterHeater_StiebelEltronSN10S_r1_MK1_20160126153620.csv,8.383410457515996
WaterHeater_StiebelEltronSN10S_r1_MK1_20160126153630.csv,8.418449682487205
WaterHeater_StiebelEltronSN10S_r1_MK1_20160126153638.csv,8.403724329347655
WaterHeater_StiebelEltronSN10S_r1_MK1_20160126153648.csv,8.410083125366807
Laptop_Schenker-W503_r1_MK1_20160126161033.csv,0.2776343197699739
Laptop_Schenker-W503_r1_MK1_20160126161054.csv,0.2774454702339157
Laptop_Schenker-W503_r1_MK1_20160126161121.csv,0.27824389828841417
Laptop_Schenker-W503_r1_MK1_20160126161142.csv,0.27754149677072787
Laptop_Schenker-W503_r1_MK1_20160126161205.csv,0.27999908248700495
Laptop_Schenker-W503_r1_MK1_20160126161228.csv,0.27815025434312474
Laptop_Schenker-W503_r1_MK1_20160126161251.csv,0.27940918401489445
Laptop_Schenker-W503_r1_MK1_20160126161312.csv,0.28042095002233064
Laptop_Schenker-W503_r1_MK1_20160126161334.csv,0.27911362237841947
Laptop_Schenker-W503_r1_MK1_20160126161357.csv,0.28092417133538483
SandwichMaker_ClatronicST3011_r2_MK1_20160503220543.csv,2.9413566655275476
SandwichMaker_ClatronicST3011_r2_MK1_20160503220552.csv,2.9407822340680143
SandwichMaker_ClatronicST3011_r2_MK1_20160503220614.csv,2.9381366809318528
SandwichMaker_ClatronicST3011_r2_MK1_20160503220647.csv,2.943907423587891
SandwichMaker_ClatronicST3011_r2_MK1_20160503220746.csv,2.9390678101595524
SandwichMaker_ClatronicST3011_r2_MK1_20160503220753.csv,2.939662367290246
SandwichMaker_ClatronicST3011_r2_MK1_20160503220800.csv,2.9399707658231473
SandwichMaker_ClatronicST3011_r2_MK1_20160503220809.csv,2.947785078795564
SandwichMaker_ClatronicST3011_r2_MK1_20160503220818.csv,2.9437801418334235
SandwichMaker_ClatronicST3011_r2_MK1_20160503220826.csv,2.9424300798109746
RiceCooker_PanasonicSRG06_r2_MK1_20160503221300.csv,1.422623094541368
RiceCooker_PanasonicSRG06_r2_MK1_20160503221311.csv,1.4187690451657553
RiceCooker_PanasonicSRG06_r2_MK1_20160503221319.csv,1.4174008564929124
RiceCooker_PanasonicSRG06_r2_MK1_20160503221326.csv,1.4170942226171699
RiceCooker_PanasonicSRG06_r2_MK1_20160503221332.csv,1.4177813381857822
RiceCooker_PanasonicSRG06_r2_MK1_20160503221339.csv,1.4157223891609074
RiceCooker_PanasonicSRG06_r2_MK1_20160503221348.csv,1.4135869904868652
RiceCooker_PanasonicSRG06_r2_MK1_20160503221356.csv,1.4090352466191691
RiceCooker_PanasonicSRG06_r2_MK1_20160503221402.csv,1.409025359216244
RiceCooker_PanasonicSRG06_r2_MK1_20160503221414.csv,1.4067496111586428
RiceCooker_arendo301224_r2_MK1_20160503221730.csv,1.6769569262284183
RiceCooker_arendo301224_r2_MK1_20160503221738.csv,1.6800932810206235
RiceCooker_arendo301224_r2_MK1_20160503221745.csv,1.680672086980412
RiceCooker_arendo301224_r2_MK1_20160503221753.csv,1.6835959084013081
RiceCooker_arendo301224_r2_MK1_20160503221801.csv,1.6838633039218984
RiceCooker_arendo301224_r2_MK1_20160503221808.csv,1.6821925914920266
RiceCooker_arendo301224_r2_MK1_20160503221817.csv,1.6827918340794024
RiceCooker_arendo301224_r2_MK1_20160503221827.csv,1.6815883141728531
RiceCooker_arendo301224_r2_MK1_20160503221836.csv,1.0374835114991154
RiceCooker_arendo301224_r2_MK1_20160503221906.csv,1.676242727395102
CoffeeMachine_SIEMENS_r7_MK1_20160505235142.csv,4.224355886760192
CoffeeMachine_SIEMENS_r7_MK1_20160505235150.csv,4.208770261388
CoffeeMachine_SIEMENS_r7_MK1_20160505235225.csv,4.210318892268622
CoffeeMachine_SIEMENS_r7_MK1_20160505235233.csv,4.189020640653157
CoffeeMachine_SIEMENS_r7_MK1_20160505235243.csv,4.192475108661108
CoffeeMachine_SIEMENS_r7_MK1_20160505235252.csv,4.188386379757772
CoffeeMachine_SIEMENS_r7_MK1_20160505235301.csv,4.186857322950144
CoffeeMachine_SIEMENS_r7_MK1_20160505235311.csv,4.198116966459236
CoffeeMachine_SIEMENS_r7_MK1_20160505235324.csv,4.202095121646235
CoffeeMachine_SIEMENS_r7_MK1_20160505235335.csv,4.199371194802719
Stove_sOlac_r7_MK1_20160505235957.csv,8.650199225598895
Stove_sOlac_r7_MK1_20160506000005.csv,8.63851377919658
Stove_sOlac_r7_MK1_20160506000012.csv,8.623311333832698
Stove_sOlac_r7_MK1_20160506000018.csv,8.611978951505943
Stove_sOlac_r7_MK1_20160506000025.csv,8.599474534489332
Stove_sOlac_r7_MK1_20160506000033.csv,8.5825822677233
Stove_sOlac_r7_MK1_20160506000040.csv,8.569955087173097
Stove_sOlac_r7_MK1_20160506000047.csv,8.55351735892523
Stove_sOlac_r7_MK1_20160506000054.csv,8.550731119364592
Stove_sOlac_r7_MK1_20160506000102.csv,8.539667496708189
Toaster_PhilipsHD2567_r7_MK1_20160506221921.csv,4.072923886517704
Toaster_PhilipsHD2567_r7_MK1_20160506221929.csv,4.058367499176923
Toaster_PhilipsHD2567_r7_MK1_20160506221937.csv,4.050895065738388
Toaster_PhilipsHD2567_r7_MK1_20160506221945.csv,4.042730112053012
Toaster_PhilipsHD2567_r7_MK1_20160506221953.csv,4.043902765867664
Toaster_PhilipsHD2567_r7_MK1_20160506222001.csv,4.035753160796652
Toaster_PhilipsHD2567_r7_MK1_20160506222010.csv,4.034172559929518
Toaster_PhilipsHD2567_r7_MK1_20160506222019.csv,4.034633455606331
Toaster_PhilipsHD2567_r7_MK1_20160506222027.csv,4.037956483484756
Toaster_PhilipsHD2567_r7_MK1_20160506222035.csv,4.041414566535969
Kettle_ClatronicWK3462_r7_MK1_20160506222437.csv,3.5781697423773364
Kettle_ClatronicWK3462_r7_MK1_20160506222444.csv,3.582327875721498
Kettle_ClatronicWK3462_r7_MK1_20160506222451.csv,3.5791621733577177
Kettle_ClatronicWK3462_r7_MK1_20160506222458.csv,3.5709937677765358
Kettle_ClatronicWK3462_r7_MK1_20160506222505.csv,3.5773115192884313
Kettle_ClatronicWK3462_r7_MK1_20160506222512.csv,3.575214599242541
Kettle_ClatronicWK3462_r7_MK1_20160506222520.csv,3.5758947317590595
Kettle_ClatronicWK3462_r7_MK1_20160506222527.csv,3.5816294313608785
Kettle_ClatronicWK3462_r7_MK1_20160506222534.csv,3.585306300187847
Kettle_ClatronicWK3462_r7_MK1_20160506222543.csv,3.5850792505371247
LightBulb_PhilipsClassicTone40W_r7_MK1_20160506222930.csv,0.1796175037383833
LightBulb_PhilipsClassicTone40W_r7_MK1_20160506222939.csv,0.17921790658827966
LightBulb_PhilipsClassicTone40W_r7_MK1_20160506222947.csv,0.17922735278322993
LightBulb_PhilipsClassicTone40W_r7_MK1_20160506222956.csv,0.17936819093091264
LightBulb_PhilipsClassicTone40W_r7_MK1_20160506223005.csv,0.17926367486275435
LightBulb_PhilipsClassicTone40W_r7_MK1_20160506223013.csv,0.17941518643496399
LightBulb_PhilipsClassicTone40W_r7_MK1_20160506223020.csv,0.17926831377881725
LightBulb_PhilipsClassicTone40W_r7_MK1_20160506223027.csv,0.17941391508612603
LightBulb_PhilipsClassicTone40W_r7_MK1_20160506223034.csv,0.17926808409487047
LightBulb_PhilipsClassicTone40W_r7_MK1_20160506223042.csv,0.17945867941909402
NetworkSwitch_DLink-DGS1008D_r8_MK1_20160515232459.csv,0.09866087663528159
NetworkSwitch_DLink-DGS1008D_r8_MK1_20160515232507.csv,0.0927731951356606
NetworkSwitch_DLink-DGS1008D_r8_MK1_20160515232516.csv,0.10434411467985288
NetworkSwitch_DLink-DGS1008D_r8_MK1_20160515232524.csv,0.09485627740945697
NetworkSwitch_DLink-DGS1008D_r8_MK1_20160515232532.csv,0.09035493213115704
NetworkSwitch_DLink-DGS1008D_r8_MK1_20160515232539.csv,0.08397659266464207
NetworkSwitch_DLink-DGS1008D_r8_MK1_20160515232546.csv,0.04938123563734741
NetworkSwitch_DLink-DGS1008D_r8_MK1_20160515232554.csv,0.07172414449446064
NetworkSwitch_DLink-DGS1008D_r8_MK1_20160515232601.csv,0.06982121323176645
NetworkSwitch_DLink-DGS1008D_r8_MK1_20160515232608.csv,0.049186284575795
CableModem_MotorolaSB5102_r8_MK1_20160515233311.csv,0.10338335471655487
CableModem_MotorolaSB5102_r8_MK1_20160515233319.csv,0.07685396268293213
CableModem_MotorolaSB5102_r8_MK1_20160515233326.csv,0.09563734646464768
CableModem_MotorolaSB5102_r8_MK1_20160515233333.csv,0.0744285503046981
CableModem_MotorolaSB5102_r8_MK1_20160515233340.csv,0.0980845919170846
CableModem_MotorolaSB5102_r8_MK1_20160515233347.csv,0.08052351227616207
CableModem_MotorolaSB5102_r8_MK1_20160515233354.csv,0.09165662650646705
CableModem_MotorolaSB5102_r8_MK1_20160515233401.csv,0.09671718596566034
CableModem_MotorolaSB5102_r8_MK1_20160515233410.csv,0.07142356936298835
CableModem_MotorolaSB5102_r8_MK1_20160515233417.csv,0.10234092052706524
CableReceiver_MotorolaDCT700_r8_MK1_20160515235205.csv,0.15652656020350883
CableReceiver_MotorolaDCT700_r8_MK1_20160515235214.csv,0.12713640701162815
CableReceiver_MotorolaDCT700_r8_MK1_20160515235221.csv,0.1260492700414966
CableReceiver_MotorolaDCT700_r8_MK1_20160515235230.csv,0.12681810283169548
CableReceiver_MotorolaDCT700_r8_MK1_20160515235239.csv,0.13520069366590162
CableReceiver_MotorolaDCT700_r8_MK1_20160515235249.csv,0.12950755832015887
CableReceiver_MotorolaDCT700_r8_MK1_20160515235256.csv,0.1254829716240864
CableReceiver_MotorolaDCT700_r8_MK1_20160515235303.csv,0.1388500716477718
CableReceiver_MotorolaDCT700_r8_MK1_20160515235310.csv,0.13543208593594713
CableReceiver_MotorolaDCT700_r8_MK1_20160515235317.csv,0.1251818129887998
Laptop_Lenovo-IdeapadS11_r8_MK1_20160515235654.csv,0.5052297209162325
Laptop_Lenovo-IdeapadS11_r8_MK1_20160515235704.csv,0.39896638148603336
Laptop_Lenovo-IdeapadS11_r8_MK1_20160515235713.csv,0.4673906994607401
Laptop_Lenovo-IdeapadS11_r8_MK1_20160515235721.csv,0.4024886142134663
Laptop_Lenovo-IdeapadS11_r8_MK1_20160515235729.csv,0.45097007735452066
Laptop_Lenovo-IdeapadS11_r8_MK1_20160515235738.csv,0.422437236037805
Laptop_Lenovo-IdeapadS11_r8_MK1_20160515235746.csv,0.44241767825435013
Laptop_Lenovo-IdeapadS11_r8_MK1_20160515235755.csv,0.41148983419009155
Laptop_Lenovo-IdeapadS11_r8_MK1_20160515235802.csv,0.45836685232303437
Laptop_Lenovo-IdeapadS11_r8_MK1_20160515235810.csv,0.4031380827647307
Fridge_Danby_r8_MK1_20160516085740.csv,4.935313213129207
Fridge_Danby_r8_MK1_20160516085807.csv,2.4125624201287272
Fridge_Danby_r8_MK1_20160516085819.csv,4.9030348759871
Fridge_Danby_r8_MK1_20160516085830.csv,4.841552014660796
Fridge_Danby_r8_MK1_20160516090328.csv,2.986068342038413
Fridge_Danby_r8_MK1_20160516090338.csv,4.931356039410336
Fridge_Danby_r8_MK1_20160516090348.csv,4.863704453957036
Fridge_Danby_r8_MK1_20160516090358.csv,4.81055713460055
Fridge_Danby_r8_MK1_20160516090407.csv,4.7714651087916895
Fridge_Danby_r8_MK1_20160516090416.csv,4.734932984488916
Microwave_Whirlpool_r8_MK1_20160516101135.csv,9.415667628698957
Microwave_Whirlpool_r8_MK1_20160516101147.csv,9.921785498552921
Microwave_Whirlpool_r8_MK1_20160516101156.csv,10.338485105893918
Microwave_Whirlpool_r8_MK1_20160516101205.csv,10.42350496565231
Microwave_Whirlpool_r8_MK1_20160516101215.csv,10.191537730676451
Microwave_Whirlpool_r8_MK1_20160516101340.csv,9.278092026445004
Microwave_Whirlpool_r8_MK1_20160516101349.csv,9.687944117432432
Microwave_Whirlpool_r8_MK1_20160516101400.csv,9.760106498484339
Microwave_Whirlpool_r8_MK1_20160516101416.csv,9.564765069316499
Microwave_Whirlpool_r8_MK1_20160516101430.csv,9.772117922930917
TV_Toshiba43L31OU_r8_MK1_20160516102246.csv,0.4519745756994333
TV_Toshiba43L31OU_r8_MK1_20160516102309.csv,0.44624936723388975
TV_Toshiba43L31OU_r8_MK1_20160516102337.csv,0.4478067704065458
TV_Toshiba43L31OU_r8_MK1_20160516102402.csv,0.4511635506378262
TV_Toshiba43L31OU_r8_MK1_20160516102430.csv,0.45160180592899735
TV_Toshiba43L31OU_r8_MK1_20160516102452.csv,0.45216001409158096
TV_Toshiba43L31OU_r8_MK1_20160516102512.csv,0.45293629546674036
TV_Toshiba43L31OU_r8_MK1_20160516102535.csv,0.45468021892572935
TV_Toshiba43L31OU_r8_MK1_20160516102559.csv,0.4488045762827131
TV_Toshiba43L31OU_r8_MK1_20160516102619.csv,0.4536253555936388
KitchenHood_AmicaUH17051_r2_MK1_20160520141329.csv,0.8605239658728401
KitchenHood_AmicaUH17051_r2_MK1_20160520141340.csv,0.8597743147527995
KitchenHood_AmicaUH17051_r2_MK1_20160520141351.csv,0.8523290421558396
KitchenHood_AmicaUH17051_r2_MK1_20160520141405.csv,0.8492952460625002
KitchenHood_AmicaUH17051_r2_MK1_20160520141416.csv,0.8463956591055212
KitchenHood_AmicaUH17051_r2_MK1_20160520141430.csv,0.8529887979967603
KitchenHood_AmicaUH17051_r2_MK1_20160520141441.csv,0.8378952616859249
KitchenHood_AmicaUH17051_r2_MK1_20160520141453.csv,0.8487119163568988
KitchenHood_AmicaUH17051_r2_MK1_20160520141516.csv,0.8389237937782226
KitchenHood_AmicaUH17051_r2_MK1_20160520141541.csv,0.8582503893301174
AirPump_SimexHB-135C_r2_MK1_20160124164919.csv,0.4681549245840688
AirPump_SimexHB-135C_r2_MK1_20160124165057.csv,0.46509861631769245
AirPump_SimexHB-135C_r2_MK1_20160124165115.csv,0.4623248911064791
AirPump_SimexHB-135C_r2_MK1_20160124165105.csv,0.46673237113187754
AirPump_SimexHB-135C_r2_MK1_20160124165133.csv,0.46118806266584933
AirPump_SimexHB-135C_r2_MK1_20160124165124.csv,0.4627364968112582
AirPump_SimexHB-135C_r2_MK1_20160124165214.csv,0.45928978726225717
AirPump_SimexHB-135C_r2_MK1_20160124165144.csv,0.46029189198481385
AirPump_SimexHB-135C_r2_MK1_20160124165201.csv,0.46021284812526075
AirPump_SimexHB-135C_r2_MK1_20160124165226.csv,0.45630436649322265
Charger_TAS1801_r2_MK2_20151105154524.csv,0.3570989748516451
Charger_TAS1801_r2_MK2_20151105154540.csv,0.31353368220651534
Charger_TAS1801_r2_MK2_20151105154554.csv,0.31032132887868413
Charger_TAS1801_r2_MK2_20151105154606.csv,0.3353816052972043
Charger_TAS1801_r2_MK2_20151105154632.csv,0.342274744770368
Charger_TAS1801_r2_MK2_20151105154617.csv,0.3375649100245995
Charger_TAS1801_r2_MK2_20151105154656.csv,0.33937309205522326
Charger_TAS1801_r2_MK2_20151105154714.csv,0.33554033381361825
Charger_TAS1801_r2_MK2_20151105154729.csv,0.3203617307357853
Charger_TAS1801_r2_MK2_20151105154758.csv,0.3164292767572596
DrillingMachine_Pattfield-E-SB550E_r1_MK1_20160128133030.csv,1.7302493955309026
DrillingMachine_Pattfield-E-SB550E_r1_MK1_20160128133043.csv,1.757267573484771
DrillingMachine_Pattfield-E-SB550E_r1_MK1_20160128133016.csv,1.7719088358750226
DrillingMachine_Pattfield-E-SB550E_r1_MK1_20160128133057.csv,1.7670297076853017
DrillingMachine_Pattfield-E-SB550E_r1_MK1_20160128133112.csv,1.7612444839568056
DrillingMachine_Pattfield-E-SB550E_r1_MK1_20160128133136.csv,1.778394659640264
DrillingMachine_Pattfield-E-SB550E_r1_MK1_20160128133214.csv,1.756408091143206
DrillingMachine_Pattfield-E-SB550E_r1_MK1_20160128133152.csv,1.7671690050964821
DrillingMachine_Pattfield-E-SB550E_r1_MK1_20160128133258.csv,1.7604879232260164
DrillingMachine_Pattfield-E-SB550E_r1_MK1_20160128133307.csv,1.7935431293477204
Fan_Salco-STT23-1_r2_MK1_20160124171618.csv,0.1701616085230023
Fan_Salco-STT23-1_r2_MK1_20160124171640.csv,0.16922001200203432
Fan_Salco-STT23-1_r2_MK1_20160124171702.csv,0.17264331286887427
Fan_Salco-STT23-1_r2_MK1_20160124171719.csv,0.17193929653013174
Fan_Salco-STT23-1_r2_MK1_20160124171747.csv,0.1708991176605269
Fan_Salco-STT23-1_r2_MK1_20160124171731.csv,0.1717967368153288
Fan_Salco-STT23-1_r2_MK1_20160124171801.csv,0.16985643111184973
Fan_Salco-STT23-1_r2_MK1_20160124171820.csv,0.17030482595464635
Fan_Salco-STT23-1_r2_MK1_20160124171835.csv,0.1697383273653668
Fan_Salco-STT23-1_r2_MK1_20160124171851.csv,0.1697185329986445
Hairdryer_Valera54206_r9_MK2_20170513131813.csv,6.672052738646137
Hairdryer_Valera54206_r9_MK2_20170513131826.csv,6.649761474014584
Hairdryer_Valera54206_r9_MK2_20170513131835.csv,6.656858303021402
Hairdryer_Valera54206_r9_MK2_20170513131844.csv,6.635529775093796
Hairdryer_Valera54206_r9_MK2_20170513131852.csv,6.657392082488605
Hairdryer_Valera54206_r9_MK2_20170513131901.csv,6.657388500705329
Hairdryer_Valera54206_r9_MK2_20170513131910.csv,6.656618510856134
Hairdryer_Valera54206_r9_MK2_20170513131919.csv,6.6545032041241825
Hairdryer_Valera54206_r9_MK2_20170513131927.csv,6.640350379590258
Hairdryer_Valera54206_r9_MK2_20170513131937.csv,6.635192107003705
Kettle_WIK9501_r9_MK2_20170513132440.csv,8.465843253633457
Kettle_WIK9501_r9_MK2_20170513132448.csv,8.41673918556943
Kettle_WIK9501_r9_MK2_20170513132611.csv,8.426214044104851
Kettle_WIK9501_r9_MK2_20170513132618.csv,8.427556215855521
Kettle_WIK9501_r9_MK2_20170513132626.csv,8.39302041181034
Kettle_WIK9501_r9_MK2_20170513132635.csv,8.380700041783513
Kettle_WIK9501_r9_MK2_20170513132643.csv,8.374913586802622
Kettle_WIK9501_r9_MK2_20170513132722.csv,8.458043787706671
Kettle_WIK9501_r9_MK2_20170513132734.csv,8.463574559903845
Kettle_WIK9501_r9_MK2_20170513132745.csv,8.430704149641612
Iron_PanasonicNIB36TS_r9_MK2_20170513162209.csv,8.185607405412876
Iron_PanasonicNIB36TS_r9_MK2_20170513162218.csv,8.14393154086585
Iron_PanasonicNIB36TS_r9_MK2_20170513162358.csv,8.222223493603844
Iron_PanasonicNIB36TS_r9_MK2_20170513162412.csv,8.213741160422925
Iron_PanasonicNIB36TS_r9_MK2_20170513162431.csv,8.203151514888836
Iron_PanasonicNIB36TS_r9_MK2_20170513162443.csv,8.185056341494086
Iron_PanasonicNIB36TS_r9_MK2_20170513162451.csv,8.159902183937913
Iron_PanasonicNIB36TS_r9_MK2_20170513162501.csv,8.111049843121144
Iron_PanasonicNIB36TS_r9_MK2_20170513162658.csv,8.185927717474948
Iron_PanasonicNIB36TS_r9_MK2_20170513162708.csv,8.182348377080997
TV_SonyKDL42W700B_r9_MK2_20170513163759.csv,0.2511152139684716
TV_SonyKDL42W700B_r9_MK2_20170513163818.csv,0.24881445027600818
TV_SonyKDL42W700B_r9_MK2_20170513163831.csv,0.2501017027109709
TV_SonyKDL42W700B_r9_MK2_20170513163843.csv,0.25129985502646934
TV_SonyKDL42W700B_r9_MK2_20170513163853.csv,0.248158088104271
TV_SonyKDL42W700B_r9_MK2_20170513163906.csv,0.2511757689579131
TV_SonyKDL42W700B_r9_MK2_20170513163918.csv,0.2510557836481933
TV_SonyKDL42W700B_r9_MK2_20170513163933.csv,0.2519020048641315
TV_SonyKDL42W700B_r9_MK2_20170513164003.csv,0.2615761580327428
TV_SonyKDL42W700B_r9_MK2_20170513164053.csv,0.2619104709412137
TV_Philips-42pfl3403_r9_MK2_20170515231624.csv,0.8503097085095245
TV_Philips-42pfl3403_r9_MK2_20170515231647.csv,0.8509089811720459
TV_Philips-42pfl3403_r9_MK2_20170515231710.csv,0.8497203267380578
TV_Philips-42pfl3403_r9_MK2_20170515231729.csv,0.848480187501116
TV_Philips-42pfl3403_r9_MK2_20170515231757.csv,0.8504096060008095
TV_Philips-42pfl3403_r9_MK2_20170515231822.csv,0.8513020926180402
TV_Philips-42pfl3403_r9_MK2_20170515231844.csv,0.8513979996383875
TV_Philips-42pfl3403_r9_MK2_20170515231912.csv,0.8510647212718335
TV_Philips-42pfl3403_r9_MK2_20170515231938.csv,0.8502395510458324
TV_Philips-42pfl3403_r9_MK2_20170515232010.csv,0.8516641286445392
Kettle_WKF-818B_r9_MK2_20170515232831.csv,4.523961724986667
Kettle_WKF-818B_r9_MK2_20170515232849.csv,4.510901575139992
Kettle_WKF-818B_r9_MK2_20170515232858.csv,4.495726160026455
Kettle_WKF-818B_r9_MK2_20170515232906.csv,4.49445019654919
Kettle_WKF-818B_r9_MK2_20170515232919.csv,4.490690832490141
Kettle_WKF-818B_r9_MK2_20170515232928.csv,4.481983716112036
Kettle_WKF-818B_r9_MK2_20170515232936.csv,4.47354566362535
Kettle_WKF-818B_r9_MK2_20170515232948.csv,4.4681533501857915
Kettle_WKF-818B_r9_MK2_20170515233002.csv,4.4841759249113435
Kettle_WKF-818B_r9_MK2_20170515233014.csv,4.469051837715167
Iron_Philips-GC1990_r9_MK2_20170515233647.csv,6.568167978362465
Iron_Philips-GC1990_r9_MK2_20170515233701.csv,6.556591635848996
Iron_Philips-GC1990_r9_MK2_20170515233710.csv,6.5298828101648
Iron_Philips-GC1990_r9_MK2_20170515233722.csv,6.507848601620679
Iron_Philips-GC1990_r9_MK2_20170515233735.csv,6.491773244364859
Iron_Philips-GC1990_r9_MK2_20170515233748.csv,6.490036198422643
Iron_Philips-GC1990_r9_MK2_20170515233759.csv,6.479182294435767
Iron_Philips-GC1990_r9_MK2_20170515233815.csv,6.479335382134971
Iron_Philips-GC1990_r9_MK2_20170515234020.csv,6.55362520097884
Iron_Philips-GC1990_r9_MK2_20170515234029.csv,6.565448265291451
Halogen_Osram-25W_r9_MK2_20170515234827.csv,0.10852030002321245
Halogen_Osram-25W_r9_MK2_20170515234839.csv,0.10829057623025995
Halogen_Osram-25W_r9_MK2_20170515234845.csv,0.10814299705902501
Halogen_Osram-25W_r9_MK2_20170515234852.csv,0.10792231596253539
Halogen_Osram-25W_r9_MK2_20170515234859.csv,0.10758300798099085
Halogen_Osram-25W_r9_MK2_20170515234906.csv,0.10786630133860378
Halogen_Osram-25W_r9_MK2_20170515234914.csv,0.10786685616801896
Halogen_Osram-25W_r9_MK2_20170515234920.csv,0.10773166187008018
Halogen_Osram-25W_r9_MK2_20170515234927.csv,0.10772560255494444
Halogen_Osram-25W_r9_MK2_20170515234934.csv,0.107773963622059
Kettle_1800W_r1_MK2_20151009173102.csv,7.372903002945144
Kettle_1800W_r1_MK2_20151009173122.csv,7.362797441685896
Kettle_1800W_r1_MK2_20151009173208.csv,7.376455294738321
Kettle_1800W_r1_MK2_20151009173217.csv,7.350924951019663
Kettle_1800W_r1_MK2_20151009173253.csv,7.3775779495623395
Kettle_1800W_r1_MK2_20151009173301.csv,7.349702558241836
Kettle_1800W_r1_MK2_20151009173308.csv,7.327985726028829
Kettle_1800W_r1_MK2_20151009173826.csv,7.356822804697579
Kettle_1800W_r1_MK2_20151009173837.csv,7.3372566154470995
Kettle_1800W_r1_MK2_20151009173849.csv,7.3204618330087055
HairDryer_RemingtonD3090_r1_MK2_20151009174125.csv,8.120028921363176
HairDryer_RemingtonD3090_r1_MK2_20151009174147.csv,8.104674220453639
HairDryer_RemingtonD3090_r1_MK2_20151009174200.csv,8.09038264119522
HairDryer_RemingtonD3090_r1_MK2_20151009174210.csv,7.863457365230519
HairDryer_RemingtonD3090_r1_MK2_20151009174218.csv,8.040713448815167
HairDryer_RemingtonD3090_r1_MK2_20151009174234.csv,8.102868477671853
HairDryer_RemingtonD3090_r1_MK2_20151009174250.csv,8.114743116621383
HairDryer_RemingtonD3090_r1_MK2_20151009174301.csv,8.108935901667833
HairDryer_RemingtonD3090_r1_MK2_20151009174311.csv,8.097088324610029
HairDryer_RemingtonD3090_r1_MK2_20151009174322.csv,8.097923461586259
FlatIron_PhilipsB_r1_MK2_20151009174744.csv,2.701328507113983
FlatIron_PhilipsB_r1_MK2_20151009174818.csv,2.3555876946028516
FlatIron_PhilipsB_r1_MK2_20151009174830.csv,1.501126133552232
FlatIron_PhilipsB_r1_MK2_20151009175200.csv,2.375552966182819
FlatIron_PhilipsB_r1_MK2_20151009175217.csv,1.7963277448023323
FlatIron_PhilipsB_r1_MK2_20151009175302.csv,1.6160616103039462
FlatIron_PhilipsB_r1_MK2_20151009175317.csv,1.2091130654147266
FlatIron_PhilipsB_r1_MK2_20151009175345.csv,1.4318973265009431
FlatIron_PhilipsB_r1_MK2_20151009175401.csv,1.1641034361491212
FlatIron_PhilipsB_r1_MK2_20151009175416.csv,1.1873412096795644
MultiTool_Mannesmann-135W_r1_MK2_20151009180501.csv,0.33813850545950197
MultiTool_Mannesmann-135W_r1_MK2_20151009180639.csv,0.33951038967405944
MultiTool_Mannesmann-135W_r1_MK2_20151009180710.csv,0.33727450589728686
MultiTool_Mannesmann-135W_r1_MK2_20151009180721.csv,0.34206083679501575
MultiTool_Mannesmann-135W_r1_MK2_20151009180745.csv,0.3413221920224371
MultiTool_Mannesmann-135W_r1_MK2_20151009180804.csv,0.3410816933871325
MultiTool_Mannesmann-135W_r1_MK2_20151009180819.csv,0.3419945837108639
MultiTool_Mannesmann-135W_r1_MK2_20151009180841.csv,0.3410525195776194
MultiTool_Mannesmann-135W_r1_MK2_20151009180854.csv,0.34256445415391257
MultiTool_Mannesmann-135W_r1_MK2_20151009180911.csv,0.3415294140154773
LightBulb_Osram-25W_r1_MK2_20151009181814.csv,0.10540844050498079
LightBulb_Osram-25W_r1_MK2_20151009181825.csv,0.10504119174520656
LightBulb_Osram-25W_r1_MK2_20151009181836.csv,0.10530555877477529
LightBulb_Osram-25W_r1_MK2_20151009181917.csv,0.10529162432875674
LightBulb_Osram-25W_r1_MK2_20151009181928.csv,0.10533395192961036
LightBulb_Osram-25W_r1_MK2_20151009181941.csv,0.10531513248829014
LightBulb_Osram-25W_r1_MK2_20151009181954.csv,0.10527146066023349
LightBulb_Osram-25W_r1_MK2_20151009182005.csv,0.10520807528367342
LightBulb_Osram-25W_r1_MK2_20151009182016.csv,0.10527255606136489
LightBulb_Osram-25W_r1_MK2_20151009182027.csv,0.10517307654764396
Fan_VOV-50W_r1_MK2_20151009182413.csv,0.21370266819508932
Fan_VOV-50W_r1_MK2_20151009182425.csv,0.20938902756536903
Fan_VOV-50W_r1_MK2_20151009182444.csv,0.21396555340768328
Fan_VOV-50W_r1_MK2_20151009182514.csv,0.21428669826082367
Fan_VOV-50W_r1_MK2_20151009182526.csv,0.2133012884747945
Fan_VOV-50W_r1_MK2_20151009182538.csv,0.21291689399841246
Fan_VOV-50W_r1_MK2_20151009182553.csv,0.21249679724121895
Fan_VOV-50W_r1_MK2_20151009182606.csv,0.212641067210559
Fan_VOV-50W_r1_MK2_20151009182620.csv,0.21244915972749245
Fan_VOV-50W_r1_MK2_20151009182632.csv,0.21225549250897846
LightBulb_Vintage-40W_r1_MK2_20151012101142.csv,0.17950463432500652
LightBulb_Vintage-40W_r1_MK2_20151012101210.csv,0.18594535035681656
LightBulb_Vintage-40W_r1_MK2_20151012101233.csv,0.1837192274995609
LightBulb_Vintage-40W_r1_MK2_20151012101252.csv,0.18430540845973348
LightBulb_Vintage-40W_r1_MK2_20151012101308.csv,0.18240623172968923
LightBulb_Vintage-40W_r1_MK2_20151012101323.csv,0.18249287477098555
LightBulb_Vintage-40W_r1_MK2_20151012101341.csv,0.17761848193845234
LightBulb_Vintage-40W_r1_MK2_20151012101405.csv,0.17786801186283616
LightBulb_Vintage-40W_r1_MK2_20151012101422.csv,0.18564750380232284
LightBulb_Vintage-40W_r1_MK2_20151012101444.csv,0.1845166169974814
LightBulb_Osram-100W_r1_MK2_20151012101701.csv,0.43004408797814936
LightBulb_Osram-100W_r1_MK2_20151012101714.csv,0.42752448822041406
LightBulb_Osram-100W_r1_MK2_20151012101729.csv,0.4280451252705811
LightBulb_Osram-100W_r1_MK2_20151012101741.csv,0.4294662139532833
LightBulb_Osram-100W_r1_MK2_20151012101751.csv,0.42968913556796345
LightBulb_Osram-100W_r1_MK2_20151012101803.csv,0.4297823539417049
LightBulb_Osram-100W_r1_MK2_20151012101813.csv,0.42934346980987453
LightBulb_Osram-100W_r1_MK2_20151012101823.csv,0.42897948675047154
LightBulb_Osram-100W_r1_MK2_20151012101837.csv,0.4298414733840549
LightBulb_Osram-100W_r1_MK2_20151012101848.csv,0.42961451983028637
CFL_IKEA15W_r1_MK2_20151012103604.csv,0.05980708535742892
CFL_IKEA15W_r1_MK2_20151012103623.csv,0.07313187104986418
CFL_IKEA15W_r1_MK2_20151012103637.csv,0.06844958298122397
CFL_IKEA15W_r1_MK2_20151012103710.csv,0.07131125669630856
CFL_IKEA15W_r1_MK2_20151012103735.csv,0.07496120340442192
CFL_IKEA15W_r1_MK2_20151012103755.csv,0.06376434121734892
CFL_IKEA15W_r1_MK2_20151012103821.csv,0.06654550541652911
CFL_IKEA15W_r1_MK2_20151012103848.csv,0.060510994136106014
CFL_IKEA15W_r1_MK2_20151012103903.csv,0.06341774610561551
CFL_IKEA15W_r1_MK2_20151012103918.csv,0.06246012093559201
Mixer_OK-200W_r1_MK2_20151012104514.csv,0.5168694263836329
Mixer_OK-200W_r1_MK2_20151012104546.csv,0.5024909531815569
Mixer_OK-200W_r1_MK2_20151012104605.csv,0.37881238549458435
Mixer_OK-200W_r1_MK2_20151012104618.csv,0.37003185273558964
Mixer_OK-200W_r1_MK2_20151012104630.csv,0.37570795299760595
Mixer_OK-200W_r1_MK2_20151012104641.csv,0.37781153099394077
Mixer_OK-200W_r1_MK2_20151012104652.csv,0.39462069319183696
Mixer_OK-200W_r1_MK2_20151012104702.csv,0.39252429465691535
Mixer_OK-200W_r1_MK2_20151012104712.csv,0.41309528996130285
Mixer_OK-200W_r1_MK2_20151012104721.csv,0.4124533677880019
Mixer_KenwoodCH580W_r1_MK2_20151012110632.csv,0.5230788273050744
Mixer_KenwoodCH580W_r1_MK2_20151012110735.csv,0.4995065555409075
Mixer_KenwoodCH580W_r1_MK2_20151012110759.csv,0.4812099463938555
Mixer_KenwoodCH580W_r1_MK2_20151012110839.csv,0.47959305317905315
Mixer_KenwoodCH580W_r1_MK2_20151012110852.csv,0.4620095627933191
Mixer_KenwoodCH580W_r1_MK2_20151012110905.csv,0.5760667904642287
Mixer_KenwoodCH580W_r1_MK2_20151012110926.csv,0.5657351571764562
Mixer_KenwoodCH580W_r1_MK2_20151012110946.csv,0.5615955886588913
Mixer_KenwoodCH580W_r1_MK2_20151012111005.csv,0.5527717121238898
Mixer_KenwoodCH580W_r1_MK2_20151012111034.csv,0.553062524669176
Mixer_IdeenWelt-500W_r2_MK2_20151012111315.csv,0.5816314214920976
Mixer_IdeenWelt-500W_r2_MK2_20151012111336.csv,0.550452695883313
Mixer_IdeenWelt-500W_r2_MK2_20151012111347.csv,0.547399239013457
Mixer_IdeenWelt-500W_r2_MK2_20151012111357.csv,0.5333287919674775
Mixer_IdeenWelt-500W_r2_MK2_20151012111407.csv,0.534332944396219
Mixer_IdeenWelt-500W_r2_MK2_20151012111438.csv,0.6576172727641579
Mixer_IdeenWelt-500W_r2_MK2_20151012111447.csv,0.6444137588482489
Mixer_IdeenWelt-500W_r2_MK2_20151012111456.csv,0.643622549783662
Mixer_IdeenWelt-500W_r2_MK2_20151012111506.csv,0.6287771587216195
Mixer_IdeenWelt-500W_r2_MK2_20151012111517.csv,0.6257215672823803
Toaster_750W_r2_MK2_20151012111819.csv,3.177654011797643
Toaster_750W_r2_MK2_20151012111900.csv,3.173082564930574
Toaster_750W_r2_MK2_20151012111913.csv,3.1718677562800623
Toaster_750W_r2_MK2_20151012111928.csv,3.1694576372084198
Toaster_750W_r2_MK2_20151012111942.csv,3.165273175883015
Toaster_750W_r2_MK2_20151012112001.csv,3.1650185902562344
Toaster_750W_r2_MK2_20151012112012.csv,3.1591186763017225
Toaster_750W_r2_MK2_20151012112024.csv,3.163955013757696
Toaster_750W_r2_MK2_20151012112037.csv,3.165474919361783
Toaster_750W_r2_MK2_20151012112051.csv,3.1663419909743906
Kettle_2000W_r2_MK2_20151012112409.csv,8.150938132120528
Kettle_2000W_r2_MK2_20151012112419.csv,8.12101391688333
Kettle_2000W_r2_MK2_20151012112428.csv,8.11898713701073
Kettle_2000W_r2_MK2_20151012112438.csv,8.11897126221842
Kettle_2000W_r2_MK2_20151012112448.csv,8.126101727314248
Kettle_2000W_r2_MK2_20151012112459.csv,8.118415414376928
Kettle_2000W_r2_MK2_20151012112511.csv,8.137684672267039
Kettle_2000W_r2_MK2_20151012112523.csv,8.125445656073175
Kettle_2000W_r2_MK2_20151012112534.csv,8.111921403785422
Kettle_2000W_r2_MK2_20151012112603.csv,8.163066870158314
SolderingIron_80W_r1_MK2_20151012113036.csv,0.6176983097013901
SolderingIron_80W_r1_MK2_20151012113054.csv,0.4293409220802158
SolderingIron_80W_r1_MK2_20151012113112.csv,0.4425302847035344
SolderingIron_80W_r1_MK2_20151012113132.csv,0.43756918866135064
SolderingIron_80W_r1_MK2_20151012113221.csv,0.4415301909806615
SolderingIron_80W_r1_MK2_20151012113244.csv,0.4498705487032487
SolderingIron_80W_r1_MK2_20151012113307.csv,0.42143154074126565
SolderingIron_80W_r1_MK2_20151012113326.csv,0.4850815661827751
SolderingIron_80W_r1_MK2_20151012113354.csv,0.5175325862353857
SolderingIron_80W_r1_MK2_20151012113434.csv,0.41544654496676997
Shredder_HSMX8-230W_r1_MK2_20151012114053.csv,0.4548778876755201
Shredder_HSMX8-230W_r1_MK2_20151012114312.csv,0.4283574914562908
Shredder_HSMX8-230W_r1_MK2_20151012114343.csv,0.4636278520950305
Shredder_HSMX8-230W_r1_MK2_20151012114651.csv,0.562305919227446
Shredder_HSMX8-230W_r1_MK2_20151012114707.csv,0.6306024456509011
Shredder_HSMX8-230W_r1_MK2_20151012114734.csv,0.414165638942013
Shredder_HSMX8-230W_r1_MK2_20151012114829.csv,0.5839238921775814
Shredder_HSMX8-230W_r1_MK2_20151012114847.csv,0.405699783851192
Shredder_HSMX8-230W_r1_MK2_20151012114933.csv,0.35286940344335305
Shredder_HSMX8-230W_r1_MK2_20151012114958.csv,0.3757879629280734
Monitor_FujitsuP171_r1_MK2_20151012120036.csv,0.2300561877047968
Monitor_FujitsuP171_r1_MK2_20151012120109.csv,0.24257902191123445
Monitor_FujitsuP171_r1_MK2_20151012120140.csv,0.24740484199433682
Monitor_FujitsuP171_r1_MK2_20151012120155.csv,0.2479261173306392
Monitor_FujitsuP171_r1_MK2_20151012120205.csv,0.24811996106233955
Monitor_FujitsuP171_r1_MK2_20151012120219.csv,0.24673163233265638
Monitor_FujitsuP171_r1_MK2_20151012120232.csv,0.2467342221166354
Monitor_FujitsuP171_r1_MK2_20151012120245.csv,0.24721388588925838
Monitor_FujitsuP171_r1_MK2_20151012120258.csv,0.2483367474221884
Monitor_FujitsuP171_r1_MK2_20151012120311.csv,0.24829127196059358
Monitor_DellU2713H_r1_MK2_20151012121109.csv,0.22672517090039282
Monitor_DellU2713H_r1_MK2_20151012132405.csv,0.24669184014441187
Monitor_DellU2713H_r1_MK2_20151012132421.csv,0.24619268426366644
Monitor_DellU2713H_r1_MK2_20151012132436.csv,0.2463823864838757
Monitor_DellU2713H_r1_MK2_20151012132501.csv,0.24656497904620078
Monitor_DellU2713H_r1_MK2_20151012132556.csv,0.2466588849852384
Monitor_DellU2713H_r1_MK2_20151012132727.csv,0.24607280305334767
Monitor_DellU2713H_r1_MK2_20151012132741.csv,0.24612449471533737
Monitor_DellU2713H_r1_MK2_20151012132757.csv,0.2447531663381725
Monitor_DellU2713H_r1_MK2_20151012132813.csv,0.24516932682637727
PowerSupply_BaseTechBT305_r1_MK2_20151016151011.csv,0.9633631577057331
PowerSupply_BaseTechBT305_r1_MK2_20151016151022.csv,0.6673139592269375
PowerSupply_BaseTechBT305_r1_MK2_20151016151033.csv,0.707660543703519
PowerSupply_BaseTechBT305_r1_MK2_20151016151042.csv,1.4805955264447659
PowerSupply_BaseTechBT305_r1_MK2_20151016151114.csv,1.1334954806379165
PowerSupply_BaseTechBT305_r1_MK2_20151016151256.csv,0.18398122643841502
PowerSupply_BaseTechBT305_r1_MK2_20151016151312.csv,0.05232943860041689
PowerSupply_BaseTechBT305_r1_MK2_20151016151340.csv,1.3109825104907449
PowerSupply_BaseTechBT305_r1_MK2_20151016151358.csv,1.031977625261633
PowerSupply_BaseTechBT305_r1_MK2_20151016151458.csv,0.23752457961986162
Kettle_Clatronic_r3_MK2_20151017001448.csv,9.403981182422108
Kettle_Clatronic_r3_MK2_20151017001538.csv,9.395631053236075
Kettle_Clatronic_r3_MK2_20151017001548.csv,9.291659042216851
Kettle_Clatronic_r3_MK2_20151017001604.csv,9.304872968933932
Kettle_Clatronic_r3_MK2_20151017001615.csv,9.2931733153866
Kettle_Clatronic_r3_MK2_20151017001624.csv,9.246279477640144
Kettle_Clatronic_r3_MK2_20151017001633.csv,9.255859068379928
Kettle_Clatronic_r3_MK2_20151017001642.csv,9.218302079059908
Kettle_Clatronic_r3_MK2_20151017001651.csv,9.099235708641507
Mixer_VEB-rg5_r3_MK2_20151017011856.csv,0.49635667004760864
Mixer_VEB-rg5_r3_MK2_20151017011954.csv,0.5087783263172537
Mixer_VEB-rg5_r3_MK2_20151017012037.csv,0.5155546490761819
Mixer_VEB-rg5_r3_MK2_20151017012049.csv,0.5108591794447371
Mixer_VEB-rg5_r3_MK2_20151017012102.csv,0.5030294033112119
Mixer_VEB-rg5_r3_MK2_20151017012120.csv,0.5149982938526687
Mixer_VEB-rg5_r3_MK2_20151017012133.csv,0.5198848598622942
Mixer_VEB-rg5_r3_MK2_20151017012155.csv,0.5196883494567964
Mixer_VEB-rg5_r3_MK2_20151017012213.csv,0.5092879593745184
Mixer_VEB-rg5_r3_MK2_20151017012249.csv,0.5073818550046896
JigSaw_TIP_r3_MK2_20151017123321.csv,1.2848746014830825
JigSaw_TIP_r3_MK2_20151017123405.csv,1.2681518422945797
JigSaw_TIP_r3_MK2_20151017123426.csv,1.2599390867903733
JigSaw_TIP_r3_MK2_20151017123444.csv,1.2821110886265066
JigSaw_TIP_r3_MK2_20151017123502.csv,1.2872368000264531
JigSaw_TIP_r3_MK2_20151017123523.csv,1.2869482493570967
JigSaw_TIP_r3_MK2_20151017123538.csv,1.2859562151065613
JigSaw_TIP_r3_MK2_20151017123552.csv,1.2861402212576982
JigSaw_TIP_r3_MK2_20151017123607.csv,1.2931472594530764
JigSaw_TIP_r3_MK2_20151017123627.csv,1.278847187647819
DrillingMachine_ProWorkSMJ500e_r3_MK2_20151017123919.csv,1.4693905784142807
DrillingMachine_ProWorkSMJ500e_r3_MK2_20151017124000.csv,1.4264870242903196
DrillingMachine_ProWorkSMJ500e_r3_MK2_20151017124022.csv,1.4022583006687814
DrillingMachine_ProWorkSMJ500e_r3_MK2_20151017124103.csv,1.3924122687262315
DrillingMachine_ProWorkSMJ500e_r3_MK2_20151017124121.csv,1.3754712636337603
DrillingMachine_ProWorkSMJ500e_r3_MK2_20151017124201.csv,1.3742738677547763
DrillingMachine_ProWorkSMJ500e_r3_MK2_20151017124216.csv,1.361341782779431
DrillingMachine_ProWorkSMJ500e_r3_MK2_20151017124235.csv,1.3349795976022873
DrillingMachine_ProWorkSMJ500e_r3_MK2_20151017124249.csv,1.3315640552920256
DrillingMachine_ProWorkSMJ500e_r3_MK2_20151017124307.csv,1.3218813279758121
Iron_AFK1800W_r3_MK2_20151017124918.csv,7.5594489012549815
Iron_AFK1800W_r3_MK2_20151017124928.csv,7.5242833327466885
Iron_AFK1800W_r3_MK2_20151017124939.csv,7.494544071333672
Iron_AFK1800W_r3_MK2_20151017124950.csv,7.506340829383613
Iron_AFK1800W_r3_MK2_20151017125001.csv,7.48302857579302
Iron_AFK1800W_r3_MK2_20151017125011.csv,7.439566376947342
Iron_AFK1800W_r3_MK2_20151017125022.csv,7.449771729101459
Iron_AFK1800W_r3_MK2_20151017125126.csv,7.431771989036476
Iron_AFK1800W_r3_MK2_20151017125241.csv,7.420712995338826
Iron_AFK1800W_r3_MK2_20151017125403.csv,7.395699006020837
Iron_Clatronic1200W_r3_MK2_20151017125552.csv,5.056473062183643
Iron_Clatronic1200W_r3_MK2_20151017125602.csv,5.056024143257739
Iron_Clatronic1200W_r3_MK2_20151017125613.csv,5.042187941521125
Iron_Clatronic1200W_r3_MK2_20151017125622.csv,5.029578985825843
Iron_Clatronic1200W_r3_MK2_20151017125632.csv,5.031733696026864
Iron_Clatronic1200W_r3_MK2_20151017125642.csv,5.024696363275317
Iron_Clatronic1200W_r3_MK2_20151017125652.csv,4.995151831775451
Iron_Clatronic1200W_r3_MK2_20151017125703.csv,5.000020338917194
Iron_Clatronic1200W_r3_MK2_20151017125852.csv,5.001306438337287
Iron_Clatronic1200W_r3_MK2_20151017130106.csv,5.011882432074546
VacuumCleaner_Siemens2500W_r3_MK2_20151017131802.csv,7.974914031605159
VacuumCleaner_Siemens2500W_r3_MK2_20151017131820.csv,7.977918903700424
VacuumCleaner_Siemens2500W_r3_MK2_20151017131839.csv,8.059174236116817
VacuumCleaner_Siemens2500W_r3_MK2_20151017131901.csv,8.026160852831685
VacuumCleaner_Siemens2500W_r3_MK2_20151017131935.csv,8.047074651060203
VacuumCleaner_Siemens2500W_r3_MK2_20151017131959.csv,8.06521904311878
VacuumCleaner_Siemens2500W_r3_MK2_20151017132023.csv,8.048482498472739
VacuumCleaner_Siemens2500W_r3_MK2_20151017132049.csv,8.017795031421603
VacuumCleaner_Siemens2500W_r3_MK2_20151017132113.csv,8.026545520328085
VacuumCleaner_Siemens2500W_r3_MK2_20151017132230.csv,7.9727081982648995
HairDryer_RemingtonD5000_r3_MK2_20151017132922.csv,7.142879504357152
HairDryer_RemingtonD5000_r3_MK2_20151017132940.csv,7.126640119270798
HairDryer_RemingtonD5000_r3_MK2_20151017132952.csv,7.11663743632211
HairDryer_RemingtonD5000_r3_MK2_20151017133004.csv,7.1193781020094375
HairDryer_RemingtonD5000_r3_MK2_20151017133029.csv,2.5465058300251084
HairDryer_RemingtonD5000_r3_MK2_20151017133041.csv,7.114902224139419
HairDryer_RemingtonD5000_r3_MK2_20151017133052.csv,7.1339929812834315
HairDryer_RemingtonD5000_r3_MK2_20151017133103.csv,7.110612647526063
HairDryer_RemingtonD5000_r3_MK2_20151017133117.csv,7.108385945521758
HairDryer_RemingtonD5000_r3_MK2_20151017133211.csv,7.115604009456354
FanHeater_Zhongshan_r3_MK2_20151017133341.csv,8.33127962228894
FanHeater_Zhongshan_r3_MK2_20151017133355.csv,8.346527459727993
FanHeater_Zhongshan_r3_MK2_20151017133410.csv,8.337683802184156
FanHeater_Zhongshan_r3_MK2_20151017133430.csv,8.344200254177089
FanHeater_Zhongshan_r3_MK2_20151017133502.csv,8.336638350860483
FanHeater_Zhongshan_r3_MK2_20151017133526.csv,8.3532302267422
FanHeater_Zhongshan_r3_MK2_20151017133549.csv,8.34175174134485
FanHeater_Zhongshan_r3_MK2_20151017133608.csv,8.352561828230295
FanHeater_Zhongshan_r3_MK2_20151017133627.csv,8.342420778235944
FanHeater_Zhongshan_r3_MK2_20151017133647.csv,8.360929016984503
Toaster_Powertec-900W_r3_MK2_20151017134450.csv,3.9620793082309733
Toaster_Powertec-900W_r3_MK2_20151017134508.csv,3.945643325605648
Toaster_Powertec-900W_r3_MK2_20151017134516.csv,3.933812808702498
Toaster_Powertec-900W_r3_MK2_20151017134527.csv,3.9388890251385837
Toaster_Powertec-900W_r3_MK2_20151017134538.csv,3.936292251005183
Toaster_Powertec-900W_r3_MK2_20151017134549.csv,3.935623032285159
Toaster_Powertec-900W_r3_MK2_20151017134600.csv,3.937000419626186
Toaster_Powertec-900W_r3_MK2_20151017134610.csv,3.9366196309065073
Toaster_Powertec-900W_r3_MK2_20151017134621.csv,3.9391283672209756
Toaster_Powertec-900W_r3_MK2_20151017134716.csv,3.939567108277822
HalogenFluter_300W_r3_MK2_20151017135333.csv,0.9487880807039278
HalogenFluter_300W_r3_MK2_20151017135345.csv,0.9418813257727117
HalogenFluter_300W_r3_MK2_20151017135355.csv,0.9391707054216498
HalogenFluter_300W_r3_MK2_20151017135408.csv,0.9383404434639527
HalogenFluter_300W_r3_MK2_20151017135417.csv,0.934776103148072
HalogenFluter_300W_r3_MK2_20151017135427.csv,0.9350338932913964
HalogenFluter_300W_r3_MK2_20151017135437.csv,0.9345123464342381
HalogenFluter_300W_r3_MK2_20151017135447.csv,0.9347921413990976
HalogenFluter_300W_r3_MK2_20151017135501.csv,0.9355920182990302
HalogenFluter_300W_r3_MK2_20151017135510.csv,0.9344543655192701
LightBulb_Tungsten-40W_r3_MK2_20151017135738.csv,0.18295937258685713
LightBulb_Tungsten-40W_r3_MK2_20151017135748.csv,0.18280063853725065
LightBulb_Tungsten-40W_r3_MK2_20151017135757.csv,0.1828353613741944
LightBulb_Tungsten-40W_r3_MK2_20151017135805.csv,0.18309202511269512
LightBulb_Tungsten-40W_r3_MK2_20151017135813.csv,0.18275929613705086
LightBulb_Tungsten-40W_r3_MK2_20151017135821.csv,0.1828161081625607
LightBulb_Tungsten-40W_r3_MK2_20151017135829.csv,0.18255980405043912
LightBulb_Tungsten-40W_r3_MK2_20151017135837.csv,0.18276727704633666
LightBulb_Tungsten-40W_r3_MK2_20151017135845.csv,0.1827849907151496
LightBulb_Tungsten-40W_r3_MK2_20151017135854.csv,0.18283006057735476
Microwave_Sharp_r3_MK2_20151017140537.csv,5.02333143928887
Microwave_Sharp_r3_MK2_20151017140550.csv,5.408756210734992
Microwave_Sharp_r3_MK2_20151017140601.csv,5.439158434281251
Microwave_Sharp_r3_MK2_20151017140624.csv,5.202952091222926
Microwave_Sharp_r3_MK2_20151017140636.csv,5.42942471937302
Microwave_Sharp_r3_MK2_20151017140648.csv,5.366272813054422
Microwave_Sharp_r3_MK2_20151017140659.csv,5.337886729015799
Microwave_Sharp_r3_MK2_20151017140711.csv,5.341868144246027
Microwave_Sharp_r3_MK2_20151017140724.csv,5.299602925658329
Microwave_Sharp_r3_MK2_20151017140737.csv,5.293317747447434
DesktopPC_300W_r3_MK2_20151017173815.csv,0.7591277330399911
DesktopPC_300W_r3_MK2_20151017173833.csv,0.3899209510648428
DesktopPC_300W_r3_MK2_20151017173853.csv,0.38899556841574656
DesktopPC_300W_r3_MK2_20151017173945.csv,0.3915632714049231
DesktopPC_300W_r3_MK2_20151017174005.csv,0.3859098342021043
DesktopPC_300W_r3_MK2_20151017174022.csv,0.38645865616681524
DesktopPC_300W_r3_MK2_20151017174037.csv,0.3863164524577239
DesktopPC_300W_r3_MK2_20151017174054.csv,0.3866901226916838
DesktopPC_300W_r3_MK2_20151017174108.csv,0.3961125044834092
DesktopPC_300W_r3_MK2_20151017174121.csv,0.3954093851331765
PowerSupply_UHS401-1_r3_MK2_20151017174741.csv,0.3370709866183534
PowerSupply_UHS401-1_r3_MK2_20151017174752.csv,0.3034361338816585
PowerSupply_UHS401-1_r3_MK2_20151017174802.csv,0.5795354484058721
PowerSupply_UHS401-1_r3_MK2_20151017174812.csv,0.5168781940773262
PowerSupply_UHS401-1_r3_MK2_20151017174822.csv,0.32375868173848943
PowerSupply_UHS401-1_r3_MK2_20151017174831.csv,0.30037297069418367
PowerSupply_UHS401-1_r3_MK2_20151017174841.csv,0.4532526421034244
PowerSupply_UHS401-1_r3_MK2_20151017174849.csv,0.3556516733136503
PowerSupply_UHS401-1_r3_MK2_20151017174857.csv,0.2951031373122165
PowerSupply_UHS401-1_r3_MK2_20151017174906.csv,0.28835360733094423
LaserPrinter_BrotherHL1450_r3_MK2_20151018103058.csv,2.3287961918976587
LaserPrinter_BrotherHL1450_r3_MK2_20151018103121.csv,2.377945260794682
LaserPrinter_BrotherHL1450_r3_MK2_20151018103201.csv,3.462046284594751
LaserPrinter_BrotherHL1450_r3_MK2_20151018103304.csv,3.654848043523054
LaserPrinter_BrotherHL1450_r3_MK2_20151018103354.csv,3.644141675698044
LaserPrinter_BrotherHL1450_r3_MK2_20151018103532.csv,3.1182015021432767
LaserPrinter_BrotherHL1450_r3_MK2_20151018103654.csv,3.4853267809708206
LaserPrinter_BrotherHL1450_r3_MK2_20151018103731.csv,3.4264500078183935
LaserPrinter_BrotherHL1450_r3_MK2_20151018103814.csv,3.2082293749684756
LaserPrinter_BrotherHL1450_r3_MK2_20151018103857.csv,3.349759950639697
LightBulb_Halogen-30W_r3_MK2_20151018111428.csv,0.137976102426338
LightBulb_Halogen-30W_r3_MK2_20151018111452.csv,0.1378389822367112
LightBulb_Halogen-30W_r3_MK2_20151018111540.csv,0.13797214816775444
LightBulb_Halogen-30W_r3_MK2_20151018111554.csv,0.13784795023135682
LightBulb_Halogen-30W_r3_MK2_20151018111610.csv,0.1380272601206892
LightBulb_Halogen-30W_r3_MK2_20151018111641.csv,0.1375555720255206
LightBulb_Halogen-30W_r3_MK2_20151018111755.csv,0.13693767803789356
LightBulb_Halogen-30W_r3_MK2_20151018111814.csv,0.1372740101480867
LightBulb_Halogen-30W_r3_MK2_20151018111830.csv,0.13747942750377506
LightBulb_Halogen-30W_r3_MK2_20151018111845.csv,0.13706843755595213
HIFI_YamahaA500_r3_MK2_20151018113750.csv,0.545015851074216
HIFI_YamahaA500_r3_MK2_20151018113801.csv,0.3260573165204342
HIFI_YamahaA500_r3_MK2_20151018113813.csv,0.3603353081270086
HIFI_YamahaA500_r3_MK2_20151018113822.csv,0.3589143201795014
HIFI_YamahaA500_r3_MK2_20151018113831.csv,0.3907444337676476
HIFI_YamahaA500_r3_MK2_20151018113840.csv,0.3971340498297235
HIFI_YamahaA500_r3_MK2_20151018113849.csv,0.34367380477961834
HIFI_YamahaA500_r3_MK2_20151018113858.csv,0.3992407341149226
HIFI_YamahaA500_r3_MK2_20151018113907.csv,0.6283701131154323
HIFI_YamahaA500_r3_MK2_20151018113915.csv,0.36135188276573527
Shredder_Quigg190W_r3_MK2_20151018140535.csv,0.3187895420775403
Shredder_Quigg190W_r3_MK2_20151018140600.csv,0.41090554940200336
Shredder_Quigg190W_r3_MK2_20151018140618.csv,0.4157575898435332
Shredder_Quigg190W_r3_MK2_20151018140643.csv,0.40474921700774613
Shredder_Quigg190W_r3_MK2_20151018140659.csv,0.37258588689629496
Shredder_Quigg190W_r3_MK2_20151018141040.csv,0.3382058629476199
Shredder_Quigg190W_r3_MK2_20151018141102.csv,0.5125655527660984
Shredder_Quigg190W_r3_MK2_20151018141133.csv,0.44711843816928226
Shredder_Quigg190W_r3_MK2_20151018141143.csv,0.46395962004319946
Shredder_Quigg190W_r3_MK2_20151018141159.csv,0.36476762990271705
Fan_HoneywellCL25AE_r5_MK2_20151022182552.csv,0.6917272762076199
Fan_HoneywellCL25AE_r5_MK2_20151022182627.csv,0.691867025326028
Fan_HoneywellCL25AE_r5_MK2_20151022182614.csv,0.7198711138386898
Fan_Krisbow50W_r5_MK2_20151022173811.csv,0.29958318135698825
Fan_Krisbow50W_r5_MK2_20151022173704.csv,0.2984339270327974
Fan_HoneywellCL25AE_r5_MK2_20151022182725.csv,0.6862111450780918
Fan_HoneywellCL25AE_r5_MK2_20151022182639.csv,0.6925466739150067
Fan_Krisbow50W_r5_MK2_20151022173907.csv,0.299208643554269
Fan_Krisbow50W_r5_MK2_20151022173731.csv,0.2994110769074462
Fan_HoneywellCL25AE_r5_MK2_20151022182800.csv,0.6846115048418373
Fan_HoneywellCL25AE_r5_MK2_20151022182536.csv,0.6945608353108628
Fan_HoneywellCL25AE_r5_MK2_20151022182654.csv,0.6909709158101639
Fan_Krisbow50W_r5_MK2_20151022173847.csv,0.3004119671236939
Fan_HoneywellCL25AE_r5_MK2_20151022182740.csv,0.6862564841569535
Fan_Krisbow50W_r5_MK2_20151022174001.csv,0.3044897475507749
Fan_HoneywellCL25AE_r5_MK2_20151022182711.csv,0.6881010263637642
FlatIron_PhilipsA_r5_MK2_20151022183453.csv,0.9878228911933
FlatIron_PhilipsA_r5_MK2_20151022183408.csv,1.7468460952794627
Fan_Krisbow50W_r5_MK2_20151022174040.csv,0.29804944073668355
FlatIron_PhilipsA_r5_MK2_20151022183638.csv,1.3150239274454654
DeepFryer_Kueche1500W_r5_MK2_20151028045634.csv,6.408980821539485
Fan_Krisbow50W_r5_MK2_20151022174122.csv,0.29729739684454803
FlatIron_PhilipsA_r5_MK2_20151022183354.csv,1.9221014485408763
FlatIron_PhilipsA_r5_MK2_20151022183424.csv,1.6134536827280634
FlatIron_PhilipsA_r5_MK2_20151022183344.csv,2.76275498810996
Fan_Krisbow50W_r5_MK2_20151022174102.csv,0.2976893792123747
FlatIron_PhilipsA_r5_MK2_20151022183442.csv,1.454194968581113
FlatIron_PhilipsA_r5_MK2_20151022183557.csv,0.9723801007638078
FlatIron_PhilipsA_r5_MK2_20151022183512.csv,1.197136029540072
DeepFryer_Kueche1500W_r5_MK2_20151028045616.csv,6.412407435089318
FlatIron_PhilipsA_r5_MK2_20151022183541.csv,0.9819958986367165
Fan_Krisbow50W_r5_MK2_20151022174020.csv,0.29841622995767375
DeepFryer_Kueche1500W_r5_MK2_20151028045602.csv,6.422262847311926
Iron_PhilipsFeatherLight_r5_MK2_20151022181410.csv,1.8774790588710264
Iron_PhilipsFeatherLight_r5_MK2_20151022181514.csv,1.878213417745201
Iron_PhilipsFeatherLight_r5_MK2_20151022181347.csv,1.874914670223067
Iron_PhilipsFeatherLight_r5_MK2_20151022181451.csv,1.879572756782504
Iron_PhilipsFeatherLight_r5_MK2_20151022181358.csv,1.8760657887918994
DeepFryer_Kueche1500W_r5_MK2_20151028045806.csv,6.445906594463403
Iron_PhilipsFeatherLight_r5_MK2_20151022181535.csv,1.8784721403218465
Iron_PhilipsFeatherLight_r5_MK2_20151022181440.csv,1.8785031650267183
DeepFryer_Kueche1500W_r5_MK2_20151028045740.csv,6.449735059563692
Iron_PhilipsFeatherLight_r5_MK2_20151022181430.csv,1.8782617843806515
Iron_PhilipsFeatherLight_r5_MK2_20151022181503.csv,1.8784434074465413
Iron_PhilipsFeatherLight_r5_MK2_20151022181524.csv,1.879309725855874
DeepFryer_Kueche1500W_r5_MK2_20151028045727.csv,6.448407392821826
DeepFryer_Kueche1500W_r5_MK2_20151028045900.csv,6.43001844693863
DeepFryer_Kueche1500W_r5_MK2_20151028045649.csv,6.418432427293999
DeepFryer_Kueche1500W_r5_MK2_20151028045841.csv,6.440621719305734
DeepFryer_Kueche1500W_r5_MK2_20151028045824.csv,6.450010094763008
JuiceMaker_PowerJuicer_r5_MK2_20151028050612.csv,1.8285100545416768
JuiceMaker_PowerJuicer_r5_MK2_20151028050706.csv,1.8450741109961768
LEDLight_A_r4_MK2_20151028072456.csv,0.19401427316145425
JuiceMaker_PowerJuicer_r5_MK2_20151028050953.csv,1.8384962144081676
JuiceMaker_PowerJuicer_r5_MK2_20151028051051.csv,1.8490704249845584
JuiceMaker_PowerJuicer_r5_MK2_20151028050746.csv,1.8502367246602995
JuiceMaker_PowerJuicer_r5_MK2_20151028050902.csv,1.8472180153065383
LEDLight_A_r4_MK2_20151028072619.csv,0.2615466454512205
JuiceMaker_PowerJuicer_r5_MK2_20151028051243.csv,1.8459848013619187
LEDLight_A_r4_MK2_20151028072826.csv,0.2339485998592129
JuiceMaker_PowerJuicer_r5_MK2_20151028051327.csv,1.8583160278002322
LEDLight_A_r4_MK2_20151028072938.csv,0.23809843542466433
JuiceMaker_PowerJuicer_r5_MK2_20151028050357.csv,1.8764756752460081
LEDLight_A_r4_MK2_20151028072653.csv,0.21181239048105208
JuiceMaker_PowerJuicer_r5_MK2_20151028050442.csv,1.8565127549287412
LEDLight_A_r4_MK2_20151028072926.csv,0.18890402842546597
LEDLight_A_r4_MK2_20151028072951.csv,0.2273734305368842
Toaster_Electrolux_r5_MK2_20151028035340.csv,3.6257421669411176
Massage_Advance_r5_MK2_20151022185245.csv,0.12862726376142372
LEDLight_A_r4_MK2_20151028073021.csv,0.18018328704542858
Massage_Advance_r5_MK2_20151022185255.csv,0.1175300895498082
Massage_Advance_r5_MK2_20151022185209.csv,0.13199958409696527
Massage_Advance_r5_MK2_20151022185145.csv,0.1307910992221906
Massage_Advance_r5_MK2_20151022185221.csv,0.12933206438085884
Toaster_Electrolux_r5_MK2_20151028035355.csv,3.598947242837537
Massage_Advance_r5_MK2_20151022185158.csv,0.13252264394317934
Massage_Advance_r5_MK2_20151022185101.csv,0.1370200431816278
Massage_Advance_r5_MK2_20151022185118.csv,0.1339219100942033
Toaster_Electrolux_r5_MK2_20151028035348.csv,3.6163118252900843
LEDLight_A_r4_MK2_20151028073010.csv,0.1846985787002024
Massage_Advance_r5_MK2_20151022185233.csv,0.1300589327828464
LEDLight_A_r4_MK2_20151028073001.csv,0.17102459930777092
Massage_Advance_r5_MK2_20151022185133.csv,0.13621750964128548
Toaster_Electrolux_r5_MK2_20151028035446.csv,3.5750507212678544
Treadmill_Shaga_r5_MK2_20151028054447.csv,1.259326609770129
Treadmill_Shaga_r5_MK2_20151028054258.csv,0.7357427413532003
Treadmill_Shaga_r5_MK2_20151028054231.csv,0.6913877642879879
Toaster_Electrolux_r5_MK2_20151028035402.csv,3.599167326995032
Treadmill_Shaga_r5_MK2_20151028054647.csv,1.1299931098495837
Treadmill_Shaga_r5_MK2_20151028054412.csv,2.191569168457817
Toaster_Electrolux_r5_MK2_20151028035409.csv,3.5967969176466084
Treadmill_Shaga_r5_MK2_20151028054333.csv,0.9881969853525654
Treadmill_Shaga_r5_MK2_20151028054606.csv,1.1275502340829409
Treadmill_Shaga_r5_MK2_20151028054625.csv,1.151703070905132
Toaster_Electrolux_r5_MK2_20151028035417.csv,3.5941666000994035
Toaster_Electrolux_r5_MK2_20151028035431.csv,3.58007109528936
Treadmill_Shaga_r5_MK2_20151028054200.csv,0.4764194419414228
Treadmill_Shaga_r5_MK2_20151028054534.csv,1.258662278374904
Toaster_Electrolux_r5_MK2_20151028035439.csv,3.579184221804977
Toaster_Electrolux_r5_MK2_20151028035424.csv,3.583883183695664
VacuumCleaner_Maximus_r5_MK2_20151029045214.csv,4.091936637149769
VacuumCleaner_Maximus_r5_MK2_20151029045228.csv,4.010151533222433
VacuumCleaner_Maximus_r5_MK2_20151029045245.csv,3.9959798577933716
VacuumCleaner_Maximus_r5_MK2_20151029045257.csv,3.947724037900433
VacuumCleaner_Maximus_r5_MK2_20151029045310.csv,3.9622481266979546
VacuumCleaner_Maximus_r5_MK2_20151029045321.csv,3.924934318893145
VacuumCleaner_Maximus_r5_MK2_20151029045335.csv,3.878650044589403
VacuumCleaner_Maximus_r5_MK2_20151029045349.csv,3.9054073506623443
VacuumCleaner_Maximus_r5_MK2_20151029045402.csv,3.8854367926294406
VacuumCleaner_Maximus_r5_MK2_20151029045416.csv,3.8866754680762914
Charger_Patona_r5_MK2_20151028180120.csv,0.07036595334459209
Charger_Patona_r5_MK2_20151028180135.csv,0.07886241584971854
Charger_Blackberry_r5_MK2_20151028181112.csv,0.06870519319292988
Charger_Blackberry_r5_MK2_20151028181319.csv,0.06701857175740993
Charger_Blackberry_r5_MK2_20151028181334.csv,0.06872866696679214
Charger_Blackberry_r5_MK2_20151028181030.csv,0.06844579586710516
Charger_Blackberry_r5_MK2_20151028181020.csv,0.06646030251141848
Charger_Blackberry_r5_MK2_20151028181212.csv,0.0672622742916518
Charger_Blackberry_r5_MK2_20151028181823.csv,0.0692759328977977
Charger_Blackberry_r5_MK2_20151028181408.csv,0.06870135261836231
Charger_Patona_r5_MK2_20151028180145.csv,0.05856969357817726
Charger_Blackberry_r5_MK2_20151028181102.csv,0.0678631629709592
Charger_Blackberry_r5_MK2_20151028181201.csv,0.09934867385026412
Charger_Patona_r5_MK2_20151028180203.csv,0.05856506849820583
Charger_Patona_r5_MK2_20151028180221.csv,0.05802008721194838
Charger_Patona_r5_MK2_20151028180248.csv,0.05770264545553075
Charger_Patona_r5_MK2_20151028180154.csv,0.079675982581999
Charger_Patona_r5_MK2_20151028180230.csv,0.05820775217543744
Charger_Patona_r5_MK2_20151028180239.csv,0.05752254991576462
Charger_Patona_r5_MK2_20151028180212.csv,0.058077373916759455
HairDryer_PhilipsSalonDryTravel_r5_MK2_20151029041613.csv,6.134302739597421
HairDryer_PhilipsSalonDryTravel_r5_MK2_20151029041635.csv,6.144834051328412
HairDryer_PhilipsSalonDryTravel_r5_MK2_20151029041604.csv,6.137769077193189
HairDryer_PhilipsSalonDryTravel_r5_MK2_20151029041538.csv,6.1217272473875655
HairDryer_PhilipsSalonDryTravel_r5_MK2_20151029041452.csv,6.112219825504371
HairDryer_PhilipsSalonDryTravel_r5_MK2_20151029041530.csv,6.137657171272451
HairDryer_PhilipsSalonDryTravel_r5_MK2_20151029041507.csv,6.099188647012006
HairDryer_PhilipsSalonDryTravel_r5_MK2_20151029041626.csv,6.150557135395344
HairDryer_PhilipsSalonDryTravel_r5_MK2_20151029041556.csv,6.145477806842746
HairDryer_PhilipsSalonDryTravel_r5_MK2_20151029041517.csv,6.098879849258559
Charger_SamsungTravelAdapter1A_r5_MK2_20151030054420.csv,0.0819370625381273
Charger_SamsungTravelAdapter1A_r5_MK2_20151030054433.csv,0.07985143369039455
Charger_SamsungTravelAdapter1A_r5_MK2_20151030054442.csv,0.055874831504323284
Charger_SamsungTravelAdapter1A_r5_MK2_20151030054452.csv,0.0806729881056143
Charger_SamsungTravelAdapter1A_r5_MK2_20151030054503.csv,0.08106185352464385
Charger_SamsungTravelAdapter1A_r5_MK2_20151030054513.csv,0.06133427394423223
Charger_SamsungTravelAdapter1A_r5_MK2_20151030054524.csv,0.07809056112135251
Charger_SamsungTravelAdapter1A_r5_MK2_20151030054533.csv,0.04575880532026782
Charger_SamsungTravelAdapter1A_r5_MK2_20151030054542.csv,0.06131246078416615
Charger_SamsungTravelAdapter1A_r5_MK2_20151030054552.csv,0.07151591219952008
MosquitoRepellent_Baygon3W_r5_MK2_20151030054959.csv,0.09125578580736445
MosquitoRepellent_Baygon3W_r5_MK2_20151030055010.csv,0.056729427636877966
MosquitoRepellent_Baygon3W_r5_MK2_20151030055021.csv,0.04924604286677226
MosquitoRepellent_Baygon3W_r5_MK2_20151030055031.csv,0.04827861336689619
MosquitoRepellent_Baygon3W_r5_MK2_20151030055042.csv,0.04491193878900993
MosquitoRepellent_Baygon3W_r5_MK2_20151030055053.csv,0.04463171773650355
MosquitoRepellent_Baygon3W_r5_MK2_20151030055104.csv,0.046968919835223846
MosquitoRepellent_Baygon3W_r5_MK2_20151030055120.csv,0.05403425606527329
MosquitoRepellent_Baygon3W_r5_MK2_20151030055132.csv,0.045175068181643685
MosquitoRepellent_Baygon3W_r5_MK2_20151030055143.csv,0.04282976193094254
WaterHeater_Daalderop_r5_MK2_20151030061122.csv,4.695035231590872
WaterHeater_Daalderop_r5_MK2_20151030061133.csv,4.673285072473889
WaterHeater_Daalderop_r5_MK2_20151030061142.csv,4.66432889959134
WaterHeater_Daalderop_r5_MK2_20151030061153.csv,4.676080989221033
WaterHeater_Daalderop_r5_MK2_20151030061201.csv,4.666287454152952
WaterHeater_Daalderop_r5_MK2_20151030061210.csv,4.662756061681347
WaterHeater_Daalderop_r5_MK2_20151030061220.csv,4.66156239464754
WaterHeater_Daalderop_r5_MK2_20151030061233.csv,4.6643008304334455
WaterHeater_Daalderop_r5_MK2_20151030061243.csv,4.6528506047228895
WaterHeater_Daalderop_r5_MK2_20151030061253.csv,4.645467940266044
WaterPump_Grundfos_r5_MK2_20151030062017.csv,2.521750252659236
WaterPump_Grundfos_r5_MK2_20151030062240.csv,2.4591245153556964
WaterPump_Grundfos_r5_MK2_20151030062308.csv,2.4665541855862503
WaterPump_Grundfos_r5_MK2_20151030062338.csv,2.5048584761754222
WaterPump_Grundfos_r5_MK2_20151030062404.csv,2.455791899680059
WaterPump_Grundfos_r5_MK2_20151030062604.csv,2.4929707881693157
WaterPump_Grundfos_r5_MK2_20151030062627.csv,2.4672230460808335
WaterPump_Grundfos_r5_MK2_20151030062650.csv,2.430035673336968
WaterPump_Grundfos_r5_MK2_20151030062713.csv,2.4219574283424423
WaterPump_Grundfos_r5_MK2_20151030062740.csv,2.3836452600154248
AC_Electrolux_r5_MK2_20151031065948.csv,1.9192530700210475
AC_Electrolux_r5_MK2_20151031070257.csv,1.84388813711425
AC_Electrolux_r5_MK2_20151031070606.csv,1.8667061822380302
AC_Electrolux_r5_MK2_20151031070919.csv,1.8194883656477534
AC_Electrolux_r5_MK2_20151031071229.csv,1.8560729849522506
AC_Electrolux_r5_MK2_20151031071715.csv,1.8336577467062434
AC_Electrolux_r5_MK2_20151031072145.csv,1.850949145434042
AC_Electrolux_r5_MK2_20151031072511.csv,1.8419946736480506
AC_Electrolux_r5_MK2_20151031072816.csv,1.7767299244956862
AC_Electrolux_r5_MK2_20151031073129.csv,1.793329273253192
Charger_Asus_r5_MK2_20151101065144.csv,0.047308555459550164
Charger_Asus_r5_MK2_20151101065154.csv,0.05212025431216323
Charger_Asus_r5_MK2_20151101065202.csv,0.08886338233821382
Charger_Asus_r5_MK2_20151101065212.csv,0.08180219289615695
Charger_Asus_r5_MK2_20151101065221.csv,0.07068142476154811
Charger_Asus_r5_MK2_20151101065230.csv,0.05695839795766554
Charger_Asus_r5_MK2_20151101065239.csv,0.0882841934135347
Charger_Asus_r5_MK2_20151101065248.csv,0.08854593485730551
Charger_Asus_r5_MK2_20151101065258.csv,0.08771898817147958
Charger_Asus_r5_MK2_20151101065310.csv,0.047621535114170575
Massage_InfraTrumper_r5_MK2_20151101070202.csv,0.15277169189565123
Massage_InfraTrumper_r5_MK2_20151101070428.csv,0.15048960583983795
Massage_InfraTrumper_r5_MK2_20151101070458.csv,0.14755621986649206
Massage_InfraTrumper_r5_MK2_20151101070509.csv,0.14052587679999953
Massage_InfraTrumper_r5_MK2_20151101070521.csv,0.15429918819653887
Massage_InfraTrumper_r5_MK2_20151101070530.csv,0.16800593926083865
Massage_InfraTrumper_r5_MK2_20151101070555.csv,0.16912175917049468
Massage_InfraTrumper_r5_MK2_20151101070606.csv,0.13581929986057636
Massage_InfraTrumper_r5_MK2_20151101070626.csv,0.13618342613617782
Massage_InfraTrumper_r5_MK2_20151101070634.csv,0.13556087441813397
Massage_SumoFootTherapy_r5_MK2_20151101144454.csv,0.17761935608284962
Massage_SumoFootTherapy_r5_MK2_20151101144512.csv,0.17490035502543338
Massage_SumoFootTherapy_r5_MK2_20151101144532.csv,0.1688885209588162
Massage_SumoFootTherapy_r5_MK2_20151101144543.csv,0.17379654034788394
Massage_SumoFootTherapy_r5_MK2_20151101144648.csv,0.18342333323350868
Massage_SumoFootTherapy_r5_MK2_20151101144700.csv,0.18381830644857622
Massage_SumoFootTherapy_r5_MK2_20151101144712.csv,0.18441043243708874
Massage_SumoFootTherapy_r5_MK2_20151101144730.csv,0.18413679590250945
Massage_SumoFootTherapy_r5_MK2_20151101144747.csv,0.1821017261254139
Massage_SumoFootTherapy_r5_MK2_20151101144800.csv,0.1821717943281589
LEDLight_MH300_r4_MK2_20151102025950.csv,1.5867621258980344
LEDLight_MH300_r4_MK2_20151102030320.csv,1.592522405310369
LEDLight_MH300_r4_MK2_20151102030335.csv,1.6008674989532226
LEDLight_MH300_r4_MK2_20151102030348.csv,1.545449205316195
LEDLight_MH300_r4_MK2_20151102030439.csv,1.5345117767458778
LEDLight_MH300_r4_MK2_20151102030452.csv,1.542397316014343
LEDLight_MH300_r4_MK2_20151102031050.csv,1.509348578478388
LEDLight_MH300_r4_MK2_20151102031305.csv,1.5104027431804403
LEDLight_MH300_r4_MK2_20151102031319.csv,1.5474567005256639
LEDLight_MH300_r4_MK2_20151102031331.csv,1.6001647831580033
LEDLight_EcoBay_r4_MK2_20151102032135.csv,0.5054895046710038
LEDLight_EcoBay_r4_MK2_20151102032144.csv,0.4786504058040866
LEDLight_EcoBay_r4_MK2_20151102032203.csv,0.48378498106216283
LEDLight_EcoBay_r4_MK2_20151102032216.csv,0.48750759647990866
LEDLight_EcoBay_r4_MK2_20151102032231.csv,0.48248063095213195
LEDLight_EcoBay_r4_MK2_20151102032411.csv,0.47801699617622545
LEDLight_EcoBay_r4_MK2_20151102032423.csv,0.4888308708542681
LEDLight_EcoBay_r4_MK2_20151102032435.csv,0.4879902187281626
LEDLight_EcoBay_r4_MK2_20151102032448.csv,0.4886387426339164
LEDLight_EcoBay_r4_MK2_20151102032830.csv,0.509137068642169
LEDLight_HighBay_r4_MK2_20151102033241.csv,0.6833534462219384
LEDLight_HighBay_r4_MK2_20151102033302.csv,0.6764470018831158
LEDLight_HighBay_r4_MK2_20151102033313.csv,0.6724855736668907
LEDLight_HighBay_r4_MK2_20151102033323.csv,0.6735910731778365
LEDLight_HighBay_r4_MK2_20151102033332.csv,0.6732334488717737
LEDLight_HighBay_r4_MK2_20151102033342.csv,0.6717056957725215
LEDLight_HighBay_r4_MK2_20151102033353.csv,0.6718243090380221
LEDLight_HighBay_r4_MK2_20151102033601.csv,0.6645869003807917
LEDLight_HighBay_r4_MK2_20151102033630.csv,0.6680441261032669
LEDLight_HighBay_r4_MK2_20151102033642.csv,0.6698723268201427
LEDLight_EcoBayHB100_r4_MK2_20151102034730.csv,0.5555353062267722
LEDLight_EcoBayHB100_r4_MK2_20151102034751.csv,0.5336347869873476
LEDLight_EcoBayHB100_r4_MK2_20151102034812.csv,0.5370402264763304
LEDLight_EcoBayHB100_r4_MK2_20151102034825.csv,0.5341244919984067
LEDLight_EcoBayHB100_r4_MK2_20151102034840.csv,0.53286959684551
LEDLight_EcoBayHB100_r4_MK2_20151102034853.csv,0.533528035559224
LEDLight_EcoBayHB100_r4_MK2_20151102034905.csv,0.5373099731556088
LEDLight_EcoBayHB100_r4_MK2_20151102034917.csv,0.5356733322530267
LEDLight_EcoBayHB100_r4_MK2_20151102034929.csv,0.5346923030168854
LEDLight_EcoBayHB100_r4_MK2_20151102034941.csv,0.5379963510222524
LEDLight_SL0211VS_r4_MK2_20151102035447.csv,0.05211587802834076
LEDLight_SL0211VS_r4_MK2_20151102035544.csv,0.05534816866096876
LEDLight_SL0211VS_r4_MK2_20151102035733.csv,0.052276953175622726
LEDLight_SL0211VS_r4_MK2_20151102035744.csv,0.04722849740757476
LEDLight_SL0211VS_r4_MK2_20151102035812.csv,0.04773587185667497
LEDLight_SL0211VS_r4_MK2_20151102035826.csv,0.04705393402051233
LEDLight_SL0211VS_r4_MK2_20151102035845.csv,0.04696818016931289
LEDLight_SL0211VS_r4_MK2_20151102035905.csv,0.04771166993210693
LEDLight_SL0211VS_r4_MK2_20151102035929.csv,0.047577142827403184
LEDLight_SL0211VS_r4_MK2_20151102035948.csv,0.04937426423372142
PowerSupply_HaoxinRXN3010d_r4_MK2_20151102040731.csv,0.12054623436062101
PowerSupply_HaoxinRXN3010d_r4_MK2_20151102040741.csv,0.11717367321244723
PowerSupply_HaoxinRXN3010d_r4_MK2_20151102040752.csv,0.18477262394945299
PowerSupply_HaoxinRXN3010d_r4_MK2_20151102040809.csv,0.11618622351965746
PowerSupply_HaoxinRXN3010d_r4_MK2_20151102040832.csv,0.39555534041647566
PowerSupply_HaoxinRXN3010d_r4_MK2_20151102040845.csv,0.7602443111337648
PowerSupply_HaoxinRXN3010d_r4_MK2_20151102040855.csv,0.12623322172254622
PowerSupply_HaoxinRXN3010d_r4_MK2_20151102040905.csv,0.1601829099236592
PowerSupply_HaoxinRXN3010d_r4_MK2_20151102040918.csv,0.11220578782187192
PowerSupply_HaoxinRXN3010d_r4_MK2_20151102040932.csv,0.2275953981873771
PowerSupply_AlincoDM340MV_r4_MK2_20151102041158.csv,0.454140106094751
PowerSupply_AlincoDM340MV_r4_MK2_20151102041210.csv,0.4716869113443898
PowerSupply_AlincoDM340MV_r4_MK2_20151102041218.csv,0.2331541277196551
PowerSupply_AlincoDM340MV_r4_MK2_20151102041227.csv,0.8850950536847793
PowerSupply_AlincoDM340MV_r4_MK2_20151102041236.csv,0.23386664825703116
PowerSupply_AlincoDM340MV_r4_MK2_20151102041243.csv,0.23370827604835256
PowerSupply_AlincoDM340MV_r4_MK2_20151102041252.csv,0.2289986141427926
PowerSupply_AlincoDM340MV_r4_MK2_20151102041300.csv,0.9224756354886262
PowerSupply_AlincoDM340MV_r4_MK2_20151102041310.csv,0.6968396409488343
PowerSupply_AlincoDM340MV_r4_MK2_20151102041318.csv,0.2329360055552962
Desoldering_Dekko850AD_r4_MK2_20151102041551.csv,1.598354806790636
Desoldering_Dekko850AD_r4_MK2_20151102041613.csv,1.4865744957928346
Desoldering_Dekko850AD_r4_MK2_20151102041645.csv,1.4987480743337027
Desoldering_Dekko850AD_r4_MK2_20151102041722.csv,1.487086336652595
Desoldering_Dekko850AD_r4_MK2_20151102041800.csv,1.4975175143599495
Desoldering_Dekko850AD_r4_MK2_20151102041837.csv,1.4999726804960147
Desoldering_Dekko850AD_r4_MK2_20151102041915.csv,1.5038337007486386
Desoldering_Dekko850AD_r4_MK2_20151102041952.csv,1.487419516184152
Desoldering_Dekko850AD_r4_MK2_20151102042035.csv,1.4974486722681435
Desoldering_Dekko850AD_r4_MK2_20151102042110.csv,1.5002790927988723
SolderingIron_TaiyoKX40R_r4_MK2_20151102042428.csv,0.14496531589839373
SolderingIron_TaiyoKX40R_r4_MK2_20151102042449.csv,0.14530707467675172
SolderingIron_TaiyoKX40R_r4_MK2_20151102042459.csv,0.1451469943119585
SolderingIron_TaiyoKX40R_r4_MK2_20151102042509.csv,0.14458635060646804
SolderingIron_TaiyoKX40R_r4_MK2_20151102042519.csv,0.1456669663883492
SolderingIron_TaiyoKX40R_r4_MK2_20151102042529.csv,0.14384472118344768
SolderingIron_TaiyoKX40R_r4_MK2_20151102042537.csv,0.14364181616489707
SolderingIron_TaiyoKX40R_r4_MK2_20151102042552.csv,0.14381349680215372
SolderingIron_TaiyoKX40R_r4_MK2_20151102042602.csv,0.1445416688751277
SolderingIron_TaiyoKX40R_r4_MK2_20151102042614.csv,0.1430171384652939
LEDLight_FL0301M_r4_MK2_20151102044934.csv,0.34929603702195705
LEDLight_FL0301M_r4_MK2_20151102044944.csv,0.23823691227934865
LEDLight_FL0301M_r4_MK2_20151102044953.csv,0.23605593979907566
LEDLight_FL0301M_r4_MK2_20151102045001.csv,0.23257699991925654
LEDLight_FL0301M_r4_MK2_20151102045009.csv,0.23362428716027087
LEDLight_FL0301M_r4_MK2_20151102045016.csv,0.23034848002514452
LEDLight_FL0301M_r4_MK2_20151102045024.csv,0.23432584811267484
LEDLight_FL0301M_r4_MK2_20151102045032.csv,0.2254226006755098
LEDLight_FL0301M_r4_MK2_20151102045039.csv,0.22116974113190316
LEDLight_FL0301M_r4_MK2_20151102045045.csv,0.2236080562033743
LEDLight_FLRGB_r4_MK2_20151102050438.csv,0.33287036582458057
LEDLight_FLRGB_r4_MK2_20151102050450.csv,0.4034830844814752
LEDLight_FLRGB_r4_MK2_20151102050500.csv,0.37723373934470195
LEDLight_FLRGB_r4_MK2_20151102050513.csv,0.390722077155458
LEDLight_FLRGB_r4_MK2_20151102050529.csv,0.3741010133020111
LEDLight_FLRGB_r4_MK2_20151102050542.csv,0.3543776206574388
LEDLight_FLRGB_r4_MK2_20151102050559.csv,0.3979819961829849
LEDLight_FLRGB_r4_MK2_20151102050610.csv,0.35451433256701864
LEDLight_FLRGB_r4_MK2_20151102050621.csv,0.3838642225979081
LEDLight_FLRGB_r4_MK2_20151102050631.csv,0.41890534757686676
