filename,max_power
WaterHeater_StiebelEltronSN10S_r1_MK1_20160126153648.csv,1935.744269203013
Laptop_Schenker-W503_r1_MK1_20160126161033.csv,83.85017077642051
Laptop_Schenker-W503_r1_MK1_20160126161054.csv,82.94354186504658
Laptop_Schenker-W503_r1_MK1_20160126161121.csv,83.12713749876897
Laptop_Schenker-W503_r1_MK1_20160126161142.csv,83.02824592732246
Laptop_Schenker-W503_r1_MK1_20160126161205.csv,86.04570441314625
Laptop_Schenker-W503_r1_MK1_20160126161228.csv,83.78053940644347
Laptop_Schenker-W503_r1_MK1_20160126161251.csv,82.71706015688859
Laptop_Schenker-W503_r1_MK1_20160126161312.csv,83.11830220983582
Laptop_Schenker-W503_r1_MK1_20160126161334.csv,82.61347484447509
Laptop_Schenker-W503_r1_MK1_20160126161357.csv,83.85074513750911
SandwichMaker_ClatronicST3011_r2_MK1_20160503220543.csv,677.0487298127173
SandwichMaker_ClatronicST3011_r2_MK1_20160503220552.csv,678.1137683293971
SandwichMaker_ClatronicST3011_r2_MK1_20160503220614.csv,676.5957191803835
SandwichMaker_ClatronicST3011_r2_MK1_20160503220647.csv,682.0601286271811
SandwichMaker_ClatronicST3011_r2_MK1_20160503220746.csv,679.4635799762316
SandwichMaker_ClatronicST3011_r2_MK1_20160503220753.csv,677.2630806878552
SandwichMaker_ClatronicST3011_r2_MK1_20160503220800.csv,678.3512709927809
SandwichMaker_ClatronicST3011_r2_MK1_20160503220809.csv,680.2272564000467
SandwichMaker_ClatronicST3011_r2_MK1_20160503220818.csv,680.853917700295
SandwichMaker_ClatronicST3011_r2_MK1_20160503220826.csv,678.9599405792696
RiceCooker_PanasonicSRG06_r2_MK1_20160503221300.csv,329.50578372751363
RiceCooker_PanasonicSRG06_r2_MK1_20160503221311.csv,327.15003743636487
RiceCooker_PanasonicSRG06_r2_MK1_20160503221319.csv,326.8069751612985
RiceCooker_PanasonicSRG06_r2_MK1_20160503221326.csv,326.9528825009125
RiceCooker_PanasonicSRG06_r2_MK1_20160503221332.csv,328.0802523894007
RiceCooker_PanasonicSRG06_r2_MK1_20160503221339.csv,327.8326377963338
RiceCooker_PanasonicSRG06_r2_MK1_20160503221348.csv,326.56069333241834
RiceCooker_PanasonicSRG06_r2_MK1_20160503221356.csv,324.7816024934573
RiceCooker_PanasonicSRG06_r2_MK1_20160503221402.csv,325.41811486326264
RiceCooker_PanasonicSRG06_r2_MK1_20160503221414.csv,324.53805296510535
RiceCooker_arendo301224_r2_MK1_20160503221730.csv,387.27247844798296
RiceCooker_arendo301224_r2_MK1_20160503221738.csv,387.5531273761975
RiceCooker_arendo301224_r2_MK1_20160503221745.csv,387.642312272036
RiceCooker_arendo301224_r2_MK1_20160503221753.csv,388.8922006272081
RiceCooker_arendo301224_r2_MK1_20160503221801.csv,388.53625186192033
RiceCooker_arendo301224_r2_MK1_20160503221808.csv,388.4721728277279
RiceCooker_arendo301224_r2_MK1_20160503221817.csv,388.90314429550597
RiceCooker_arendo301224_r2_MK1_20160503221827.csv,387.22713667181745
RiceCooker_arendo301224_r2_MK1_20160503221836.csv,386.43166042754007
RiceCooker_arendo301224_r2_MK1_20160503221906.csv,385.3085526385525
CoffeeMachine_SIEMENS_r7_MK1_20160505235142.csv,1005.6657852592348
CoffeeMachine_SIEMENS_r7_MK1_20160505235150.csv,1004.0333526620013
CoffeeMachine_SIEMENS_r7_MK1_20160505235225.csv,1002.0740303138333
CoffeeMachine_SIEMENS_r7_MK1_20160505235233.csv,1005.4410705017062
CoffeeMachine_SIEMENS_r7_MK1_20160505235243.csv,1000.9702232943229
CoffeeMachine_SIEMENS_r7_MK1_20160505235252.csv,998.053335127036
CoffeeMachine_SIEMENS_r7_MK1_20160505235301.csv,998.1248212493435
CoffeeMachine_SIEMENS_r7_MK1_20160505235311.csv,1005.1814649153996
CoffeeMachine_SIEMENS_r7_MK1_20160505235324.csv,1005.7693292492613
CoffeeMachine_SIEMENS_r7_MK1_20160505235335.csv,1005.8363291801602
Stove_sOlac_r7_MK1_20160505235957.csv,2031.6044441292065
Stove_sOlac_r7_MK1_20160506000005.csv,2030.574048975794
Stove_sOlac_r7_MK1_20160506000012.csv,2033.4772114802336
Stove_sOlac_r7_MK1_20160506000018.csv,2028.1284556929904
Stove_sOlac_r7_MK1_20160506000025.csv,2020.0226456601456
Stove_sOlac_r7_MK1_20160506000033.csv,2021.1139942143548
Stove_sOlac_r7_MK1_20160506000040.csv,2014.082784377092
Stove_sOlac_r7_MK1_20160506000047.csv,2007.9877913519265
Stove_sOlac_r7_MK1_20160506000054.csv,2006.7900313554974
Stove_sOlac_r7_MK1_20160506000102.csv,2012.617762834296
Toaster_PhilipsHD2567_r7_MK1_20160506221921.csv,950.2504341539296
Toaster_PhilipsHD2567_r7_MK1_20160506221929.csv,948.1317322294144
Toaster_PhilipsHD2567_r7_MK1_20160506221937.csv,947.608219711079
Toaster_PhilipsHD2567_r7_MK1_20160506221945.csv,949.8428729234925
Toaster_PhilipsHD2567_r7_MK1_20160506221953.csv,943.0288299782393
Toaster_PhilipsHD2567_r7_MK1_20160506222001.csv,941.4661361088216
Toaster_PhilipsHD2567_r7_MK1_20160506222010.csv,943.5020931344148
Toaster_PhilipsHD2567_r7_MK1_20160506222019.csv,946.3872169769693
Toaster_PhilipsHD2567_r7_MK1_20160506222027.csv,946.1079566684856
Toaster_PhilipsHD2567_r7_MK1_20160506222035.csv,941.9377767083164
Kettle_ClatronicWK3462_r7_MK1_20160506222437.csv,832.1377586399364
Kettle_ClatronicWK3462_r7_MK1_20160506222444.csv,830.9634765236542
Kettle_ClatronicWK3462_r7_MK1_20160506222451.csv,830.3415395710681
Kettle_ClatronicWK3462_r7_MK1_20160506222458.csv,829.4665862451022
Kettle_ClatronicWK3462_r7_MK1_20160506222505.csv,830.4785581102623
Kettle_ClatronicWK3462_r7_MK1_20160506222512.csv,828.0987940690123
Kettle_ClatronicWK3462_r7_MK1_20160506222520.csv,830.4172588605081
Kettle_ClatronicWK3462_r7_MK1_20160506222527.csv,830.9475172417924
Kettle_ClatronicWK3462_r7_MK1_20160506222534.csv,832.2395586510977
Kettle_ClatronicWK3462_r7_MK1_20160506222543.csv,832.292705201496
LightBulb_PhilipsClassicTone40W_r7_MK1_20160506222930.csv,81.81708870400479
LightBulb_PhilipsClassicTone40W_r7_MK1_20160506222939.csv,70.40952470715088
LightBulb_PhilipsClassicTone40W_r7_MK1_20160506222947.csv,69.52728886298894
LightBulb_PhilipsClassicTone40W_r7_MK1_20160506222956.csv,82.48785887308642
LightBulb_PhilipsClassicTone40W_r7_MK1_20160506223005.csv,78.66225618590641
LightBulb_PhilipsClassicTone40W_r7_MK1_20160506223013.csv,83.48984699502816
LightBulb_PhilipsClassicTone40W_r7_MK1_20160506223020.csv,58.48707593133602
LightBulb_PhilipsClassicTone40W_r7_MK1_20160506223027.csv,74.51532646440278
LightBulb_PhilipsClassicTone40W_r7_MK1_20160506223034.csv,73.50336002406208
LightBulb_PhilipsClassicTone40W_r7_MK1_20160506223042.csv,78.67548176080513
NetworkSwitch_DLink-DGS1008D_r8_MK1_20160515232459.csv,42.187334890678564
NetworkSwitch_DLink-DGS1008D_r8_MK1_20160515232507.csv,36.827519638691676
NetworkSwitch_DLink-DGS1008D_r8_MK1_20160515232516.csv,45.31435128074419
NetworkSwitch_DLink-DGS1008D_r8_MK1_20160515232524.csv,40.360983805038344
NetworkSwitch_DLink-DGS1008D_r8_MK1_20160515232532.csv,42.193442995826246
NetworkSwitch_DLink-DGS1008D_r8_MK1_20160515232539.csv,38.210493833927984
NetworkSwitch_DLink-DGS1008D_r8_MK1_20160515232546.csv,27.43968936431418
NetworkSwitch_DLink-DGS1008D_r8_MK1_20160515232554.csv,27.2244125328398
NetworkSwitch_DLink-DGS1008D_r8_MK1_20160515232601.csv,28.76159078594575
NetworkSwitch_DLink-DGS1008D_r8_MK1_20160515232608.csv,29.018461352617155
CableModem_MotorolaSB5102_r8_MK1_20160515233311.csv,43.068230349118146
CableModem_MotorolaSB5102_r8_MK1_20160515233319.csv,29.18948548388293
CableModem_MotorolaSB5102_r8_MK1_20160515233326.csv,36.573376671038815
CableModem_MotorolaSB5102_r8_MK1_20160515233333.csv,26.00891069919353
CableModem_MotorolaSB5102_r8_MK1_20160515233340.csv,37.30551941199671
CableModem_MotorolaSB5102_r8_MK1_20160515233347.csv,28.876710670094948
CableModem_MotorolaSB5102_r8_MK1_20160515233354.csv,31.066694609775208
CableModem_MotorolaSB5102_r8_MK1_20160515233401.csv,30.29826368701929
CableModem_MotorolaSB5102_r8_MK1_20160515233410.csv,20.135913753351378
CableModem_MotorolaSB5102_r8_MK1_20160515233417.csv,41.79938952464079
CableReceiver_MotorolaDCT700_r8_MK1_20160515235205.csv,54.136571677461966
CableReceiver_MotorolaDCT700_r8_MK1_20160515235214.csv,40.69586109972679
CableReceiver_MotorolaDCT700_r8_MK1_20160515235221.csv,39.33378073570654
CableReceiver_MotorolaDCT700_r8_MK1_20160515235230.csv,39.81173269023625
CableReceiver_MotorolaDCT700_r8_MK1_20160515235239.csv,43.457937776751216
CableReceiver_MotorolaDCT700_r8_MK1_20160515235249.csv,24.25056956539197
CableReceiver_MotorolaDCT700_r8_MK1_20160515235256.csv,33.09596599460839
CableReceiver_MotorolaDCT700_r8_MK1_20160515235303.csv,43.79203751404243
CableReceiver_MotorolaDCT700_r8_MK1_20160515235310.csv,37.37150257107047
CableReceiver_MotorolaDCT700_r8_MK1_20160515235317.csv,37.61952200297925
Laptop_Lenovo-IdeapadS11_r8_MK1_20160515235654.csv,78.91096201146311
Laptop_Lenovo-IdeapadS11_r8_MK1_20160515235704.csv,53.46859498211517
Laptop_Lenovo-IdeapadS11_r8_MK1_20160515235713.csv,74.68879159011122
Laptop_Lenovo-IdeapadS11_r8_MK1_20160515235721.csv,66.419588820338
Laptop_Lenovo-IdeapadS11_r8_MK1_20160515235729.csv,74.93644205395687
Laptop_Lenovo-IdeapadS11_r8_MK1_20160515235738.csv,72.01761060932918
Laptop_Lenovo-IdeapadS11_r8_MK1_20160515235746.csv,78.86885978989378
Laptop_Lenovo-IdeapadS11_r8_MK1_20160515235755.csv,50.83974985177621
Laptop_Lenovo-IdeapadS11_r8_MK1_20160515235802.csv,83.30277753489433
Laptop_Lenovo-IdeapadS11_r8_MK1_20160515235810.csv,52.48902978044713
Fridge_Danby_r8_MK1_20160516085740.csv,486.1848510349482
Fridge_Danby_r8_MK1_20160516085807.csv,584.173856143375
Fridge_Danby_r8_MK1_20160516085819.csv,478.86125112598296
Fridge_Danby_r8_MK1_20160516085830.csv,475.93507672665635
Fridge_Danby_r8_MK1_20160516090328.csv,859.8293466238024
Fridge_Danby_r8_MK1_20160516090338.csv,484.5562307460454
Fridge_Danby_r8_MK1_20160516090348.csv,477.7328167540507
Fridge_Danby_r8_MK1_20160516090358.csv,471.71982483823433
Fridge_Danby_r8_MK1_20160516090407.csv,467.06779054981376
Fridge_Danby_r8_MK1_20160516090416.csv,467.3752835990387
Microwave_Whirlpool_r8_MK1_20160516101135.csv,1189.5361331979855
Microwave_Whirlpool_r8_MK1_20160516101147.csv,1181.978042712882
Microwave_Whirlpool_r8_MK1_20160516101156.csv,1173.9684273395285
Microwave_Whirlpool_r8_MK1_20160516101205.csv,1157.622028809864
Microwave_Whirlpool_r8_MK1_20160516101215.csv,1164.012315122546
Microwave_Whirlpool_r8_MK1_20160516101340.csv,1170.1220226412174
Microwave_Whirlpool_r8_MK1_20160516101349.csv,1154.0784959382568
Microwave_Whirlpool_r8_MK1_20160516101400.csv,1160.8797399404914
Microwave_Whirlpool_r8_MK1_20160516101416.csv,1153.906280597095
Microwave_Whirlpool_r8_MK1_20160516101430.csv,1158.0830286468836
TV_Toshiba43L31OU_r8_MK1_20160516102246.csv,55.30729335775257
TV_Toshiba43L31OU_r8_MK1_20160516102309.csv,55.293092226258594
TV_Toshiba43L31OU_r8_MK1_20160516102337.csv,55.17730504918236
TV_Toshiba43L31OU_r8_MK1_20160516102402.csv,55.21547897845
TV_Toshiba43L31OU_r8_MK1_20160516102430.csv,55.173722659416846
TV_Toshiba43L31OU_r8_MK1_20160516102452.csv,55.08613417397067
TV_Toshiba43L31OU_r8_MK1_20160516102512.csv,55.18940842324143
TV_Toshiba43L31OU_r8_MK1_20160516102535.csv,55.06328258583514
TV_Toshiba43L31OU_r8_MK1_20160516102559.csv,55.10907746164014
TV_Toshiba43L31OU_r8_MK1_20160516102619.csv,55.11974707611611
KitchenHood_AmicaUH17051_r2_MK1_20160520141329.csv,138.93134177674472
KitchenHood_AmicaUH17051_r2_MK1_20160520141340.csv,235.91976032215882
KitchenHood_AmicaUH17051_r2_MK1_20160520141351.csv,171.32820268740738
KitchenHood_AmicaUH17051_r2_MK1_20160520141405.csv,175.47149523517052
KitchenHood_AmicaUH17051_r2_MK1_20160520141416.csv,189.25563944027655
KitchenHood_AmicaUH17051_r2_MK1_20160520141430.csv,263.7127846533908
KitchenHood_AmicaUH17051_r2_MK1_20160520141441.csv,154.5704981680181
KitchenHood_AmicaUH17051_r2_MK1_20160520141453.csv,253.82072469476574
KitchenHood_AmicaUH17051_r2_MK1_20160520141516.csv,144.38096169340332
KitchenHood_AmicaUH17051_r2_MK1_20160520141541.csv,177.00150832030158
AirPump_SimexHB-135C_r2_MK1_20160124164919.csv,269.9466174165706
AirPump_SimexHB-135C_r2_MK1_20160124165057.csv,252.08401790007255
AirPump_SimexHB-135C_r2_MK1_20160124165115.csv,255.2852304109404
AirPump_SimexHB-135C_r2_MK1_20160124165105.csv,283.1442814203501
AirPump_SimexHB-135C_r2_MK1_20160124165133.csv,248.6388915273264
AirPump_SimexHB-135C_r2_MK1_20160124165124.csv,252.69926497920036
AirPump_SimexHB-135C_r2_MK1_20160124165214.csv,252.08727667594115
AirPump_SimexHB-135C_r2_MK1_20160124165144.csv,237.85317333270385
AirPump_SimexHB-135C_r2_MK1_20160124165201.csv,289.1940992313868
AirPump_SimexHB-135C_r2_MK1_20160124165226.csv,244.9993450646331
Charger_TAS1801_r2_MK2_20151105154524.csv,143.94673631256447
Charger_TAS1801_r2_MK2_20151105154540.csv,82.21767056770626
Charger_TAS1801_r2_MK2_20151105154554.csv,82.87535155375177
Charger_TAS1801_r2_MK2_20151105154606.csv,86.74540117075667
Charger_TAS1801_r2_MK2_20151105154632.csv,84.6152814745903
Charger_TAS1801_r2_MK2_20151105154617.csv,86.50564502772566
Charger_TAS1801_r2_MK2_20151105154656.csv,85.47908723096673
Charger_TAS1801_r2_MK2_20151105154714.csv,86.19841274420419
Charger_TAS1801_r2_MK2_20151105154729.csv,82.11753813708201
Charger_TAS1801_r2_MK2_20151105154758.csv,82.01736235972496
DrillingMachine_Pattfield-E-SB550E_r1_MK1_20160128133030.csv,1866.4728827171384
DrillingMachine_Pattfield-E-SB550E_r1_MK1_20160128133043.csv,1773.259849241982
DrillingMachine_Pattfield-E-SB550E_r1_MK1_20160128133016.csv,1761.0448164002569
DrillingMachine_Pattfield-E-SB550E_r1_MK1_20160128133057.csv,1744.519331172335
DrillingMachine_Pattfield-E-SB550E_r1_MK1_20160128133112.csv,1750.579248723955
DrillingMachine_Pattfield-E-SB550E_r1_MK1_20160128133136.csv,1738.6076678308125
DrillingMachine_Pattfield-E-SB550E_r1_MK1_20160128133214.csv,1775.1449845776858
DrillingMachine_Pattfield-E-SB550E_r1_MK1_20160128133152.csv,1543.5579354109925
DrillingMachine_Pattfield-E-SB550E_r1_MK1_20160128133258.csv,1763.9020870116956
DrillingMachine_Pattfield-E-SB550E_r1_MK1_20160128133307.csv,1836.03340568597
Fan_Salco-STT23-1_r2_MK1_20160124171618.csv,23.05623025893743
Fan_Salco-STT23-1_r2_MK1_20160124171640.csv,33.70427880213361
Fan_Salco-STT23-1_r2_MK1_20160124171702.csv,32.085311275514066
Fan_Salco-STT23-1_r2_MK1_20160124171719.csv,23.676190836089212
Fan_Salco-STT23-1_r2_MK1_20160124171747.csv,23.47490915372025
Fan_Salco-STT23-1_r2_MK1_20160124171731.csv,30.953725766839124
Fan_Salco-STT23-1_r2_MK1_20160124171801.csv,24.465149327710296
Fan_Salco-STT23-1_r2_MK1_20160124171820.csv,25.194087621357824
Fan_Salco-STT23-1_r2_MK1_20160124171835.csv,24.09285806062739
Fan_Salco-STT23-1_r2_MK1_20160124171851.csv,28.003528205986623
Hairdryer_Valera54206_r9_MK2_20170513131813.csv,1634.2646475558481
Hairdryer_Valera54206_r9_MK2_20170513131826.csv,1579.1836238172837
Hairdryer_Valera54206_r9_MK2_20170513131835.csv,1592.6933688018783
Hairdryer_Valera54206_r9_MK2_20170513131844.csv,1594.831050861006
Hairdryer_Valera54206_r9_MK2_20170513131852.csv,1573.1940575965991
Hairdryer_Valera54206_r9_MK2_20170513131901.csv,1587.630578935457
Hairdryer_Valera54206_r9_MK2_20170513131910.csv,1598.2213416847715
Hairdryer_Valera54206_r9_MK2_20170513131919.csv,1601.7478271769364
Hairdryer_Valera54206_r9_MK2_20170513131927.csv,1579.4098925587102
Hairdryer_Valera54206_r9_MK2_20170513131937.csv,1586.4812308453954
Kettle_WIK9501_r9_MK2_20170513132440.csv,1909.8868252870932
Kettle_WIK9501_r9_MK2_20170513132448.csv,1891.900891208773
Kettle_WIK9501_r9_MK2_20170513132611.csv,1891.0656780957863
Kettle_WIK9501_r9_MK2_20170513132618.csv,1900.7549451592374
Kettle_WIK9501_r9_MK2_20170513132626.csv,1893.9228228780755
Kettle_WIK9501_r9_MK2_20170513132635.csv,1882.5523376204385
Kettle_WIK9501_r9_MK2_20170513132643.csv,1876.4462752490927
Kettle_WIK9501_r9_MK2_20170513132722.csv,1908.6039254205305
Kettle_WIK9501_r9_MK2_20170513132734.csv,1911.5536105516985
Kettle_WIK9501_r9_MK2_20170513132745.csv,1908.3246885587466
Iron_PanasonicNIB36TS_r9_MK2_20170513162209.csv,1828.1400489962966
Iron_PanasonicNIB36TS_r9_MK2_20170513162218.csv,1812.213124079971
Iron_PanasonicNIB36TS_r9_MK2_20170513162358.csv,1842.710615180744
Iron_PanasonicNIB36TS_r9_MK2_20170513162412.csv,1848.9823224943127
Iron_PanasonicNIB36TS_r9_MK2_20170513162431.csv,1841.2862442756696
Iron_PanasonicNIB36TS_r9_MK2_20170513162443.csv,1836.9107522694394
Iron_PanasonicNIB36TS_r9_MK2_20170513162451.csv,1840.713322571572
Iron_PanasonicNIB36TS_r9_MK2_20170513162501.csv,1819.7618342983224
Iron_PanasonicNIB36TS_r9_MK2_20170513162658.csv,1832.574032602211
Iron_PanasonicNIB36TS_r9_MK2_20170513162708.csv,1840.513515861208
TV_SonyKDL42W700B_r9_MK2_20170513163759.csv,117.30043779592958
TV_SonyKDL42W700B_r9_MK2_20170513163818.csv,87.82492385876057
TV_SonyKDL42W700B_r9_MK2_20170513163831.csv,112.0601119714168
TV_SonyKDL42W700B_r9_MK2_20170513163843.csv,104.44111491627993
TV_SonyKDL42W700B_r9_MK2_20170513163853.csv,97.13890114845707
TV_SonyKDL42W700B_r9_MK2_20170513163906.csv,85.43167312967901
TV_SonyKDL42W700B_r9_MK2_20170513163918.csv,130.07134341100854
TV_SonyKDL42W700B_r9_MK2_20170513163933.csv,128.65340511730562
TV_SonyKDL42W700B_r9_MK2_20170513164003.csv,119.55011692134045
TV_SonyKDL42W700B_r9_MK2_20170513164053.csv,81.31641465714202
TV_Philips-42pfl3403_r9_MK2_20170515231624.csv,223.92106300027424
TV_Philips-42pfl3403_r9_MK2_20170515231647.csv,225.43653554770472
TV_Philips-42pfl3403_r9_MK2_20170515231710.csv,220.87715351060035
TV_Philips-42pfl3403_r9_MK2_20170515231729.csv,224.3560724216824
TV_Philips-42pfl3403_r9_MK2_20170515231757.csv,222.77130612644058
TV_Philips-42pfl3403_r9_MK2_20170515231822.csv,219.27842584569007
TV_Philips-42pfl3403_r9_MK2_20170515231844.csv,224.2085304871512
TV_Philips-42pfl3403_r9_MK2_20170515231912.csv,225.3128567558403
TV_Philips-42pfl3403_r9_MK2_20170515231938.csv,226.3247932398692
TV_Philips-42pfl3403_r9_MK2_20170515232010.csv,222.8115015737092
Kettle_WKF-818B_r9_MK2_20170515232831.csv,1008.3095649229364
Kettle_WKF-818B_r9_MK2_20170515232849.csv,1005.1989577825805
Kettle_WKF-818B_r9_MK2_20170515232858.csv,1006.4120018715347
Kettle_WKF-818B_r9_MK2_20170515232906.csv,1004.2405720274586
Kettle_WKF-818B_r9_MK2_20170515232919.csv,1001.03153359682
Kettle_WKF-818B_r9_MK2_20170515232928.csv,1004.4684257706317
Kettle_WKF-818B_r9_MK2_20170515232936.csv,1005.2103304984979
Kettle_WKF-818B_r9_MK2_20170515232948.csv,996.2242049639424
Kettle_WKF-818B_r9_MK2_20170515233002.csv,1000.2915906917307
Kettle_WKF-818B_r9_MK2_20170515233014.csv,1005.0393907419096
Iron_Philips-GC1990_r9_MK2_20170515233647.csv,1444.16346732586
Iron_Philips-GC1990_r9_MK2_20170515233701.csv,1438.6107679231407
Iron_Philips-GC1990_r9_MK2_20170515233710.csv,1433.3571853870214
Iron_Philips-GC1990_r9_MK2_20170515233722.csv,1426.573461375013
Iron_Philips-GC1990_r9_MK2_20170515233735.csv,1432.1859522868258
Iron_Philips-GC1990_r9_MK2_20170515233748.csv,1433.4190320895057
Iron_Philips-GC1990_r9_MK2_20170515233759.csv,1417.2745153858948
Iron_Philips-GC1990_r9_MK2_20170515233815.csv,1427.2628360472308
Iron_Philips-GC1990_r9_MK2_20170515234020.csv,1446.6645835536533
Iron_Philips-GC1990_r9_MK2_20170515234029.csv,1464.156130903587
Halogen_Osram-25W_r9_MK2_20170515234827.csv,31.77685027265301
Halogen_Osram-25W_r9_MK2_20170515234839.csv,31.9883514608567
Halogen_Osram-25W_r9_MK2_20170515234845.csv,43.25043775942178
Halogen_Osram-25W_r9_MK2_20170515234852.csv,44.81025686056043
Halogen_Osram-25W_r9_MK2_20170515234859.csv,31.98902546971416
Halogen_Osram-25W_r9_MK2_20170515234906.csv,33.89326873427878
Halogen_Osram-25W_r9_MK2_20170515234914.csv,44.07599713904784
Halogen_Osram-25W_r9_MK2_20170515234920.csv,42.30630738741408
Halogen_Osram-25W_r9_MK2_20170515234927.csv,36.90111998151989
Halogen_Osram-25W_r9_MK2_20170515234934.csv,32.907622043726356
Kettle_1800W_r1_MK2_20151009173102.csv,1662.9780084225656
Kettle_1800W_r1_MK2_20151009173122.csv,1663.8732266586585
Kettle_1800W_r1_MK2_20151009173208.csv,1661.5341610422986
Kettle_1800W_r1_MK2_20151009173217.csv,1657.4845736362665
Kettle_1800W_r1_MK2_20151009173253.csv,1663.6115556772486
Kettle_1800W_r1_MK2_20151009173301.csv,1656.3019749898776
Kettle_1800W_r1_MK2_20151009173308.csv,1652.4322580262092
Kettle_1800W_r1_MK2_20151009173826.csv,1654.875365926605
Kettle_1800W_r1_MK2_20151009173837.csv,1651.5183814845047
Kettle_1800W_r1_MK2_20151009173849.csv,1653.8700823451086
HairDryer_RemingtonD3090_r1_MK2_20151009174125.csv,1825.1441719556226
HairDryer_RemingtonD3090_r1_MK2_20151009174147.csv,1828.1724630482493
HairDryer_RemingtonD3090_r1_MK2_20151009174200.csv,1851.145292829412
HairDryer_RemingtonD3090_r1_MK2_20151009174210.csv,1840.9309182447385
HairDryer_RemingtonD3090_r1_MK2_20151009174218.csv,1825.8772187348452
HairDryer_RemingtonD3090_r1_MK2_20151009174234.csv,1837.2789962287995
HairDryer_RemingtonD3090_r1_MK2_20151009174250.csv,1836.7326212241935
HairDryer_RemingtonD3090_r1_MK2_20151009174301.csv,1840.9231963964487
HairDryer_RemingtonD3090_r1_MK2_20151009174311.csv,1825.460159348759
HairDryer_RemingtonD3090_r1_MK2_20151009174322.csv,1836.889527694943
FlatIron_PhilipsB_r1_MK2_20151009174744.csv,703.4660223189743
FlatIron_PhilipsB_r1_MK2_20151009174818.csv,785.5322099022258
FlatIron_PhilipsB_r1_MK2_20151009174830.csv,922.6370009728707
FlatIron_PhilipsB_r1_MK2_20151009175200.csv,791.2189610466053
FlatIron_PhilipsB_r1_MK2_20151009175217.csv,917.6154442482318
FlatIron_PhilipsB_r1_MK2_20151009175302.csv,923.7980010697307
FlatIron_PhilipsB_r1_MK2_20151009175317.csv,792.2250948151575
FlatIron_PhilipsB_r1_MK2_20151009175345.csv,848.0010466429717
FlatIron_PhilipsB_r1_MK2_20151009175401.csv,864.3259139415808
FlatIron_PhilipsB_r1_MK2_20151009175416.csv,882.4199977899901
MultiTool_Mannesmann-135W_r1_MK2_20151009180501.csv,309.96425552731375
MultiTool_Mannesmann-135W_r1_MK2_20151009180639.csv,306.4583052761853
MultiTool_Mannesmann-135W_r1_MK2_20151009180710.csv,295.6429818765881
MultiTool_Mannesmann-135W_r1_MK2_20151009180721.csv,277.268433775194
MultiTool_Mannesmann-135W_r1_MK2_20151009180745.csv,293.68187968454635
MultiTool_Mannesmann-135W_r1_MK2_20151009180804.csv,295.55148080941296
MultiTool_Mannesmann-135W_r1_MK2_20151009180819.csv,292.1356511524258
MultiTool_Mannesmann-135W_r1_MK2_20151009180841.csv,285.04765338087446
MultiTool_Mannesmann-135W_r1_MK2_20151009180854.csv,292.9489619056384
MultiTool_Mannesmann-135W_r1_MK2_20151009180911.csv,285.19250431520237
LightBulb_Osram-25W_r1_MK2_20151009181814.csv,37.10631312547873
LightBulb_Osram-25W_r1_MK2_20151009181825.csv,28.929709938199572
LightBulb_Osram-25W_r1_MK2_20151009181836.csv,44.07653968470792
LightBulb_Osram-25W_r1_MK2_20151009181917.csv,41.26381386487434
LightBulb_Osram-25W_r1_MK2_20151009181928.csv,43.26328076149027
LightBulb_Osram-25W_r1_MK2_20151009181941.csv,44.605528106788796
LightBulb_Osram-25W_r1_MK2_20151009181954.csv,32.56887635703509
LightBulb_Osram-25W_r1_MK2_20151009182005.csv,44.932346162758776
LightBulb_Osram-25W_r1_MK2_20151009182016.csv,44.54532277869682
LightBulb_Osram-25W_r1_MK2_20151009182027.csv,45.610543124626076
Fan_VOV-50W_r1_MK2_20151009182413.csv,53.56778869256378
Fan_VOV-50W_r1_MK2_20151009182425.csv,52.90426027604069
Fan_VOV-50W_r1_MK2_20151009182444.csv,52.84740523444489
Fan_VOV-50W_r1_MK2_20151009182514.csv,53.24984856195128
Fan_VOV-50W_r1_MK2_20151009182526.csv,54.397149668230384
Fan_VOV-50W_r1_MK2_20151009182538.csv,52.2617336799701
Fan_VOV-50W_r1_MK2_20151009182553.csv,52.63972901230057
Fan_VOV-50W_r1_MK2_20151009182606.csv,52.47389098008475
Fan_VOV-50W_r1_MK2_20151009182620.csv,52.3106110071453
Fan_VOV-50W_r1_MK2_20151009182632.csv,52.2978309454086
LightBulb_Vintage-40W_r1_MK2_20151012101142.csv,102.78917744013792
LightBulb_Vintage-40W_r1_MK2_20151012101210.csv,105.78255180902781
LightBulb_Vintage-40W_r1_MK2_20151012101233.csv,110.01792829257124
LightBulb_Vintage-40W_r1_MK2_20151012101252.csv,69.80258295803021
LightBulb_Vintage-40W_r1_MK2_20151012101308.csv,82.64998209283999
LightBulb_Vintage-40W_r1_MK2_20151012101323.csv,98.53351857149973
LightBulb_Vintage-40W_r1_MK2_20151012101341.csv,95.63753144961471
LightBulb_Vintage-40W_r1_MK2_20151012101405.csv,81.39720612584304
LightBulb_Vintage-40W_r1_MK2_20151012101422.csv,103.78241719758759
LightBulb_Vintage-40W_r1_MK2_20151012101444.csv,97.51002585943786
LightBulb_Osram-100W_r1_MK2_20151012101701.csv,176.8200747028304
LightBulb_Osram-100W_r1_MK2_20151012101714.csv,210.07497073874495
LightBulb_Osram-100W_r1_MK2_20151012101729.csv,262.97318348878366
LightBulb_Osram-100W_r1_MK2_20151012101741.csv,211.36566119538625
LightBulb_Osram-100W_r1_MK2_20151012101751.csv,252.29100740564368
LightBulb_Osram-100W_r1_MK2_20151012101803.csv,258.1364969128122
LightBulb_Osram-100W_r1_MK2_20151012101813.csv,229.6148668003889
LightBulb_Osram-100W_r1_MK2_20151012101823.csv,223.31732439619182
LightBulb_Osram-100W_r1_MK2_20151012101837.csv,250.7507640612312
LightBulb_Osram-100W_r1_MK2_20151012101848.csv,264.8871026526516
CFL_IKEA15W_r1_MK2_20151012103604.csv,17.013476616392538
CFL_IKEA15W_r1_MK2_20151012103623.csv,26.05577240173395
CFL_IKEA15W_r1_MK2_20151012103637.csv,20.734429563209414
CFL_IKEA15W_r1_MK2_20151012103710.csv,23.565393739814557
CFL_IKEA15W_r1_MK2_20151012103735.csv,25.950546565807123
CFL_IKEA15W_r1_MK2_20151012103755.csv,16.435977781905486
CFL_IKEA15W_r1_MK2_20151012103821.csv,16.04551495499909
CFL_IKEA15W_r1_MK2_20151012103848.csv,15.00624271864072
CFL_IKEA15W_r1_MK2_20151012103903.csv,15.22387303635478
CFL_IKEA15W_r1_MK2_20151012103918.csv,16.16245458871126
Mixer_OK-200W_r1_MK2_20151012104514.csv,424.79871515023217
Mixer_OK-200W_r1_MK2_20151012104546.csv,407.7288614009197
Mixer_OK-200W_r1_MK2_20151012104605.csv,243.58733941701558
Mixer_OK-200W_r1_MK2_20151012104618.csv,250.23181878160688
Mixer_OK-200W_r1_MK2_20151012104630.csv,245.174741270238
Mixer_OK-200W_r1_MK2_20151012104641.csv,238.60989532697326
Mixer_OK-200W_r1_MK2_20151012104652.csv,280.55316610969606
Mixer_OK-200W_r1_MK2_20151012104702.csv,292.8728124779649
Mixer_OK-200W_r1_MK2_20151012104712.csv,293.8828350286
Mixer_OK-200W_r1_MK2_20151012104721.csv,303.8276848825316
Mixer_KenwoodCH580W_r1_MK2_20151012110632.csv,328.5817770625775
Mixer_KenwoodCH580W_r1_MK2_20151012110735.csv,295.8768227230447
Mixer_KenwoodCH580W_r1_MK2_20151012110759.csv,277.96699954196805
Mixer_KenwoodCH580W_r1_MK2_20151012110839.csv,266.9154957764161
Mixer_KenwoodCH580W_r1_MK2_20151012110852.csv,250.9830864585005
Mixer_KenwoodCH580W_r1_MK2_20151012110905.csv,370.222738371417
Mixer_KenwoodCH580W_r1_MK2_20151012110926.csv,415.931120490438
Mixer_KenwoodCH580W_r1_MK2_20151012110946.csv,505.13133482138323
Mixer_KenwoodCH580W_r1_MK2_20151012111005.csv,386.4009343918413
Mixer_KenwoodCH580W_r1_MK2_20151012111034.csv,508.1774796779889
Mixer_IdeenWelt-500W_r2_MK2_20151012111315.csv,342.8352363916735
Mixer_IdeenWelt-500W_r2_MK2_20151012111336.csv,360.4775428575154
Mixer_IdeenWelt-500W_r2_MK2_20151012111347.csv,359.65655376693866
Mixer_IdeenWelt-500W_r2_MK2_20151012111357.csv,350.5848890923585
Mixer_IdeenWelt-500W_r2_MK2_20151012111407.csv,286.97861952312917
Mixer_IdeenWelt-500W_r2_MK2_20151012111438.csv,455.6654352539219
Mixer_IdeenWelt-500W_r2_MK2_20151012111447.csv,428.22556352481865
Mixer_IdeenWelt-500W_r2_MK2_20151012111456.csv,453.55672441059716
Mixer_IdeenWelt-500W_r2_MK2_20151012111506.csv,460.61616445695984
Mixer_IdeenWelt-500W_r2_MK2_20151012111517.csv,509.00818615375715
Toaster_750W_r2_MK2_20151012111819.csv,740.0046960213842
Toaster_750W_r2_MK2_20151012111900.csv,751.1712733219067
Toaster_750W_r2_MK2_20151012111913.csv,755.7004916154781
Toaster_750W_r2_MK2_20151012111928.csv,737.6722989605428
Toaster_750W_r2_MK2_20151012111942.csv,739.7431759873098
Toaster_750W_r2_MK2_20151012112001.csv,743.1729641132367
Toaster_750W_r2_MK2_20151012112012.csv,743.7983886718131
Toaster_750W_r2_MK2_20151012112024.csv,742.3044547984999
Toaster_750W_r2_MK2_20151012112037.csv,750.1503929619987
Toaster_750W_r2_MK2_20151012112051.csv,741.0380329297235
Kettle_2000W_r2_MK2_20151012112409.csv,1852.7081211899103
Kettle_2000W_r2_MK2_20151012112419.csv,1850.7575207290552
Kettle_2000W_r2_MK2_20151012112428.csv,1846.722159698854
Kettle_2000W_r2_MK2_20151012112438.csv,1862.097566290852
Kettle_2000W_r2_MK2_20151012112448.csv,1854.4116245852786
Kettle_2000W_r2_MK2_20151012112459.csv,1848.884232340629
Kettle_2000W_r2_MK2_20151012112511.csv,1864.6131045568115
Kettle_2000W_r2_MK2_20151012112523.csv,1857.0713268055274
Kettle_2000W_r2_MK2_20151012112534.csv,1854.111006728591
Kettle_2000W_r2_MK2_20151012112603.csv,1854.267397198081
SolderingIron_80W_r1_MK2_20151012113036.csv,397.3926066401416
SolderingIron_80W_r1_MK2_20151012113054.csv,162.6022205005089
SolderingIron_80W_r1_MK2_20151012113112.csv,210.4439606231327
SolderingIron_80W_r1_MK2_20151012113132.csv,292.5684166141785
SolderingIron_80W_r1_MK2_20151012113221.csv,166.97030831556768
SolderingIron_80W_r1_MK2_20151012113244.csv,167.4689424764676
SolderingIron_80W_r1_MK2_20151012113307.csv,161.25620111376048
SolderingIron_80W_r1_MK2_20151012113326.csv,389.81285129468887
SolderingIron_80W_r1_MK2_20151012113354.csv,580.6168677108674
SolderingIron_80W_r1_MK2_20151012113434.csv,155.30088975817586
Shredder_HSMX8-230W_r1_MK2_20151012114053.csv,261.93496153500547
Shredder_HSMX8-230W_r1_MK2_20151012114312.csv,175.83704622061921
Shredder_HSMX8-230W_r1_MK2_20151012114343.csv,298.8628890626444
Shredder_HSMX8-230W_r1_MK2_20151012114651.csv,172.3391313700937
Shredder_HSMX8-230W_r1_MK2_20151012114707.csv,185.11691466678553
Shredder_HSMX8-230W_r1_MK2_20151012114734.csv,171.406353080521
Shredder_HSMX8-230W_r1_MK2_20151012114829.csv,163.9830971186981
Shredder_HSMX8-230W_r1_MK2_20151012114847.csv,321.73503401599214
Shredder_HSMX8-230W_r1_MK2_20151012114933.csv,173.57371177974468
Shredder_HSMX8-230W_r1_MK2_20151012114958.csv,195.38588955144704
Monitor_FujitsuP171_r1_MK2_20151012120036.csv,38.2741443281062
Monitor_FujitsuP171_r1_MK2_20151012120109.csv,40.157572732369104
Monitor_FujitsuP171_r1_MK2_20151012120140.csv,41.130857777564465
Monitor_FujitsuP171_r1_MK2_20151012120155.csv,38.18856260757893
Monitor_FujitsuP171_r1_MK2_20151012120205.csv,40.176092788173506
Monitor_FujitsuP171_r1_MK2_20151012120219.csv,40.997382350421205
Monitor_FujitsuP171_r1_MK2_20151012120232.csv,39.8281803073672
Monitor_FujitsuP171_r1_MK2_20151012120245.csv,40.75616451396296
Monitor_FujitsuP171_r1_MK2_20151012120258.csv,37.92325734194989
Monitor_FujitsuP171_r1_MK2_20151012120311.csv,39.18151984503493
Monitor_DellU2713H_r1_MK2_20151012121109.csv,160.5865824265406
Monitor_DellU2713H_r1_MK2_20151012132405.csv,168.4585086530385
Monitor_DellU2713H_r1_MK2_20151012132421.csv,170.57567555730543
Monitor_DellU2713H_r1_MK2_20151012132436.csv,184.35882201396552
Monitor_DellU2713H_r1_MK2_20151012132501.csv,242.3280768194236
Monitor_DellU2713H_r1_MK2_20151012132556.csv,240.57199252356463
Monitor_DellU2713H_r1_MK2_20151012132727.csv,211.59496152630695
Monitor_DellU2713H_r1_MK2_20151012132741.csv,169.7547305249609
Monitor_DellU2713H_r1_MK2_20151012132757.csv,194.8270170050984
Monitor_DellU2713H_r1_MK2_20151012132813.csv,205.03706534501788
PowerSupply_BaseTechBT305_r1_MK2_20151016151011.csv,1385.1499316566312
PowerSupply_BaseTechBT305_r1_MK2_20151016151022.csv,652.7327564493752
PowerSupply_BaseTechBT305_r1_MK2_20151016151033.csv,772.094615007161
PowerSupply_BaseTechBT305_r1_MK2_20151016151042.csv,2936.880449527533
PowerSupply_BaseTechBT305_r1_MK2_20151016151114.csv,1851.1598765421356
PowerSupply_BaseTechBT305_r1_MK2_20151016151256.csv,110.56291324626652
PowerSupply_BaseTechBT305_r1_MK2_20151016151312.csv,63.930379877394685
PowerSupply_BaseTechBT305_r1_MK2_20151016151340.csv,2637.4982189348284
PowerSupply_BaseTechBT305_r1_MK2_20151016151358.csv,1416.0107541417706
PowerSupply_BaseTechBT305_r1_MK2_20151016151458.csv,119.94050394619505
Kettle_Clatronic_r3_MK2_20151017001448.csv,2193.942180662074
Kettle_Clatronic_r3_MK2_20151017001538.csv,2181.018756283602
Kettle_Clatronic_r3_MK2_20151017001548.csv,2151.1429308900615
Kettle_Clatronic_r3_MK2_20151017001604.csv,2175.529206776619
Kettle_Clatronic_r3_MK2_20151017001615.csv,2150.7159932651866
Kettle_Clatronic_r3_MK2_20151017001624.csv,2152.1322219352865
Kettle_Clatronic_r3_MK2_20151017001633.csv,2136.4852728549704
Kettle_Clatronic_r3_MK2_20151017001642.csv,2132.5394407250606
Kettle_Clatronic_r3_MK2_20151017001651.csv,2073.429672846012
Mixer_VEB-rg5_r3_MK2_20151017011856.csv,554.4739580319883
Mixer_VEB-rg5_r3_MK2_20151017011954.csv,605.2168920838585
Mixer_VEB-rg5_r3_MK2_20151017012037.csv,580.8059884116985
Mixer_VEB-rg5_r3_MK2_20151017012049.csv,582.7162373879925
Mixer_VEB-rg5_r3_MK2_20151017012102.csv,567.2185307805116
Mixer_VEB-rg5_r3_MK2_20151017012120.csv,629.5156653109627
Mixer_VEB-rg5_r3_MK2_20151017012133.csv,616.5152305905398
Mixer_VEB-rg5_r3_MK2_20151017012155.csv,596.4170405957537
Mixer_VEB-rg5_r3_MK2_20151017012213.csv,550.9314027785014
Mixer_VEB-rg5_r3_MK2_20151017012249.csv,526.9398773237132
JigSaw_TIP_r3_MK2_20151017123321.csv,1304.5588285213955
JigSaw_TIP_r3_MK2_20151017123405.csv,1370.9897526905256
JigSaw_TIP_r3_MK2_20151017123426.csv,1314.856965960469
JigSaw_TIP_r3_MK2_20151017123444.csv,1570.2493735947335
JigSaw_TIP_r3_MK2_20151017123502.csv,1370.669360130932
JigSaw_TIP_r3_MK2_20151017123523.csv,1267.8590717372795
JigSaw_TIP_r3_MK2_20151017123538.csv,1346.8430693021355
JigSaw_TIP_r3_MK2_20151017123552.csv,1353.657024431198
JigSaw_TIP_r3_MK2_20151017123607.csv,1583.0482059444926
JigSaw_TIP_r3_MK2_20151017123627.csv,1299.2683966102388
DrillingMachine_ProWorkSMJ500e_r3_MK2_20151017123919.csv,1563.9202586234546
DrillingMachine_ProWorkSMJ500e_r3_MK2_20151017124000.csv,1573.007268315119
DrillingMachine_ProWorkSMJ500e_r3_MK2_20151017124022.csv,1483.7729523103687
DrillingMachine_ProWorkSMJ500e_r3_MK2_20151017124103.csv,1504.3219259419793
DrillingMachine_ProWorkSMJ500e_r3_MK2_20151017124121.csv,1517.5983344784631
DrillingMachine_ProWorkSMJ500e_r3_MK2_20151017124201.csv,1528.1430969852645
DrillingMachine_ProWorkSMJ500e_r3_MK2_20151017124216.csv,1608.334599506762
DrillingMachine_ProWorkSMJ500e_r3_MK2_20151017124235.csv,1556.8828577089434
DrillingMachine_ProWorkSMJ500e_r3_MK2_20151017124249.csv,1630.5336426001973
DrillingMachine_ProWorkSMJ500e_r3_MK2_20151017124307.csv,1498.6768623685775
Iron_AFK1800W_r3_MK2_20151017124918.csv,1745.935715813283
Iron_AFK1800W_r3_MK2_20151017124928.csv,1722.8673385036486
Iron_AFK1800W_r3_MK2_20151017124939.csv,1721.053388180273
Iron_AFK1800W_r3_MK2_20151017124950.csv,1730.4546980263353
Iron_AFK1800W_r3_MK2_20151017125001.csv,1735.0673191556086
Iron_AFK1800W_r3_MK2_20151017125011.csv,1703.2269312747758
Iron_AFK1800W_r3_MK2_20151017125022.csv,1728.5334480651966
Iron_AFK1800W_r3_MK2_20151017125126.csv,1718.9068255687134
Iron_AFK1800W_r3_MK2_20151017125241.csv,1702.0971742660429
Iron_AFK1800W_r3_MK2_20151017125403.csv,1705.3443781814228
Iron_Clatronic1200W_r3_MK2_20151017125552.csv,1165.4885810465555
Iron_Clatronic1200W_r3_MK2_20151017125602.csv,1178.1359360491235
Iron_Clatronic1200W_r3_MK2_20151017125613.csv,1170.1242226295485
Iron_Clatronic1200W_r3_MK2_20151017125622.csv,1157.2112240160195
Iron_Clatronic1200W_r3_MK2_20151017125632.csv,1169.2712340722485
Iron_Clatronic1200W_r3_MK2_20151017125642.csv,1168.0655508824625
Iron_Clatronic1200W_r3_MK2_20151017125652.csv,1151.631939547571
Iron_Clatronic1200W_r3_MK2_20151017125703.csv,1152.9551240177514
Iron_Clatronic1200W_r3_MK2_20151017125852.csv,1153.2605603673187
Iron_Clatronic1200W_r3_MK2_20151017130106.csv,1163.3402720870758
VacuumCleaner_Siemens2500W_r3_MK2_20151017131802.csv,1614.5637017435085
VacuumCleaner_Siemens2500W_r3_MK2_20151017131820.csv,1607.6927187332267
VacuumCleaner_Siemens2500W_r3_MK2_20151017131839.csv,1636.7023790383712
VacuumCleaner_Siemens2500W_r3_MK2_20151017131901.csv,1632.7648717251298
VacuumCleaner_Siemens2500W_r3_MK2_20151017131935.csv,1639.3103038598786
VacuumCleaner_Siemens2500W_r3_MK2_20151017131959.csv,1644.6370325299604
VacuumCleaner_Siemens2500W_r3_MK2_20151017132023.csv,1646.5136278034188
VacuumCleaner_Siemens2500W_r3_MK2_20151017132049.csv,1633.9834988951684
VacuumCleaner_Siemens2500W_r3_MK2_20151017132113.csv,1638.3396440285571
VacuumCleaner_Siemens2500W_r3_MK2_20151017132230.csv,1647.5596500346123
HairDryer_RemingtonD5000_r3_MK2_20151017132922.csv,1679.3766057224946
HairDryer_RemingtonD5000_r3_MK2_20151017132940.csv,1683.197052720779
HairDryer_RemingtonD5000_r3_MK2_20151017132952.csv,1673.3827135307092
HairDryer_RemingtonD5000_r3_MK2_20151017133004.csv,1675.7777290519634
HairDryer_RemingtonD5000_r3_MK2_20151017133029.csv,1674.783953535464
HairDryer_RemingtonD5000_r3_MK2_20151017133041.csv,1664.669223073901
HairDryer_RemingtonD5000_r3_MK2_20151017133052.csv,1672.274155044649
HairDryer_RemingtonD5000_r3_MK2_20151017133103.csv,1691.1236892012878
HairDryer_RemingtonD5000_r3_MK2_20151017133117.csv,1668.7650532890111
HairDryer_RemingtonD5000_r3_MK2_20151017133211.csv,1656.4305794921088
FanHeater_Zhongshan_r3_MK2_20151017133341.csv,1910.8871114062451
FanHeater_Zhongshan_r3_MK2_20151017133355.csv,1922.2469207795334
FanHeater_Zhongshan_r3_MK2_20151017133410.csv,1920.3728533539927
FanHeater_Zhongshan_r3_MK2_20151017133430.csv,1920.27832731974
FanHeater_Zhongshan_r3_MK2_20151017133502.csv,1910.5807908818438
FanHeater_Zhongshan_r3_MK2_20151017133526.csv,1922.0254753472907
FanHeater_Zhongshan_r3_MK2_20151017133549.csv,1922.8236062607416
FanHeater_Zhongshan_r3_MK2_20151017133608.csv,1920.0827675493128
FanHeater_Zhongshan_r3_MK2_20151017133627.csv,1913.1723657754565
FanHeater_Zhongshan_r3_MK2_20151017133647.csv,1929.673695324827
Toaster_Powertec-900W_r3_MK2_20151017134450.csv,941.5473739109933
Toaster_Powertec-900W_r3_MK2_20151017134508.csv,942.109606540638
Toaster_Powertec-900W_r3_MK2_20151017134516.csv,930.5575927733755
Toaster_Powertec-900W_r3_MK2_20151017134527.csv,934.7729052474102
Toaster_Powertec-900W_r3_MK2_20151017134538.csv,941.5582254809638
Toaster_Powertec-900W_r3_MK2_20151017134549.csv,933.0701116547921
Toaster_Powertec-900W_r3_MK2_20151017134600.csv,940.6697578417447
Toaster_Powertec-900W_r3_MK2_20151017134610.csv,936.198889614207
Toaster_Powertec-900W_r3_MK2_20151017134621.csv,931.6007023449364
Toaster_Powertec-900W_r3_MK2_20151017134716.csv,940.1712230718384
HalogenFluter_300W_r3_MK2_20151017135333.csv,658.8807489582648
HalogenFluter_300W_r3_MK2_20151017135345.csv,578.4973746961292
HalogenFluter_300W_r3_MK2_20151017135355.csv,467.45469701935855
HalogenFluter_300W_r3_MK2_20151017135408.csv,527.4335488310084
HalogenFluter_300W_r3_MK2_20151017135417.csv,505.34906754028054
HalogenFluter_300W_r3_MK2_20151017135427.csv,575.8213869113165
HalogenFluter_300W_r3_MK2_20151017135437.csv,380.50162422383835
HalogenFluter_300W_r3_MK2_20151017135447.csv,390.3770620568656
HalogenFluter_300W_r3_MK2_20151017135501.csv,546.1983325173458
HalogenFluter_300W_r3_MK2_20151017135510.csv,485.15325818549235
LightBulb_Tungsten-40W_r3_MK2_20151017135738.csv,93.99030223867548
LightBulb_Tungsten-40W_r3_MK2_20151017135748.csv,93.1511498818795
LightBulb_Tungsten-40W_r3_MK2_20151017135757.csv,89.58390647480266
LightBulb_Tungsten-40W_r3_MK2_20151017135805.csv,94.91250135308752
LightBulb_Tungsten-40W_r3_MK2_20151017135813.csv,60.191707147409524
LightBulb_Tungsten-40W_r3_MK2_20151017135821.csv,73.18734783958645
LightBulb_Tungsten-40W_r3_MK2_20151017135829.csv,64.90218604371573
LightBulb_Tungsten-40W_r3_MK2_20151017135837.csv,79.34264328780897
LightBulb_Tungsten-40W_r3_MK2_20151017135845.csv,90.56540928337105
LightBulb_Tungsten-40W_r3_MK2_20151017135854.csv,64.45211067718144
Microwave_Sharp_r3_MK2_20151017140537.csv,1445.3992190277206
Microwave_Sharp_r3_MK2_20151017140550.csv,1397.0372653504212
Microwave_Sharp_r3_MK2_20151017140601.csv,1411.3628459806866
Microwave_Sharp_r3_MK2_20151017140624.csv,1407.06900444186
Microwave_Sharp_r3_MK2_20151017140636.csv,1421.3943283850324
Microwave_Sharp_r3_MK2_20151017140648.csv,1396.3441786216265
Microwave_Sharp_r3_MK2_20151017140659.csv,1393.3979687819253
Microwave_Sharp_r3_MK2_20151017140711.csv,1391.1860915103312
Microwave_Sharp_r3_MK2_20151017140724.csv,1485.699156660773
Microwave_Sharp_r3_MK2_20151017140737.csv,1386.9941949742224
DesktopPC_300W_r3_MK2_20151017173815.csv,824.1892372899067
DesktopPC_300W_r3_MK2_20151017173833.csv,182.2142418586649
DesktopPC_300W_r3_MK2_20151017173853.csv,210.03250637461122
DesktopPC_300W_r3_MK2_20151017173945.csv,338.96265290637183
DesktopPC_300W_r3_MK2_20151017174005.csv,311.447158532807
DesktopPC_300W_r3_MK2_20151017174022.csv,187.47722603843238
DesktopPC_300W_r3_MK2_20151017174037.csv,294.23507074397065
DesktopPC_300W_r3_MK2_20151017174054.csv,232.04287980310625
DesktopPC_300W_r3_MK2_20151017174108.csv,267.1038464159704
DesktopPC_300W_r3_MK2_20151017174121.csv,243.10438018999997
PowerSupply_UHS401-1_r3_MK2_20151017174741.csv,108.42537376067291
PowerSupply_UHS401-1_r3_MK2_20151017174752.csv,62.48809150177986
PowerSupply_UHS401-1_r3_MK2_20151017174802.csv,837.3842834615152
PowerSupply_UHS401-1_r3_MK2_20151017174812.csv,621.1039197258963
PowerSupply_UHS401-1_r3_MK2_20151017174822.csv,127.27290712626032
PowerSupply_UHS401-1_r3_MK2_20151017174831.csv,59.33351030501847
PowerSupply_UHS401-1_r3_MK2_20151017174841.csv,453.4407892498498
PowerSupply_UHS401-1_r3_MK2_20151017174849.csv,197.62229499872777
PowerSupply_UHS401-1_r3_MK2_20151017174857.csv,30.80343699337293
PowerSupply_UHS401-1_r3_MK2_20151017174906.csv,27.824226224174108
LaserPrinter_BrotherHL1450_r3_MK2_20151018103058.csv,2020.1528978628107
LaserPrinter_BrotherHL1450_r3_MK2_20151018103121.csv,2071.2987865366044
LaserPrinter_BrotherHL1450_r3_MK2_20151018103201.csv,2874.618060687309
LaserPrinter_BrotherHL1450_r3_MK2_20151018103304.csv,1831.0643442165415
LaserPrinter_BrotherHL1450_r3_MK2_20151018103354.csv,2026.336766908132
LaserPrinter_BrotherHL1450_r3_MK2_20151018103532.csv,1975.8198593047755
LaserPrinter_BrotherHL1450_r3_MK2_20151018103654.csv,2142.5412190144884
LaserPrinter_BrotherHL1450_r3_MK2_20151018103731.csv,2048.7250659967467
LaserPrinter_BrotherHL1450_r3_MK2_20151018103814.csv,1840.1045627520111
LaserPrinter_BrotherHL1450_r3_MK2_20151018103857.csv,1924.9007142708947
LightBulb_Halogen-30W_r3_MK2_20151018111428.csv,68.45310962479562
LightBulb_Halogen-30W_r3_MK2_20151018111452.csv,65.4558251288409
LightBulb_Halogen-30W_r3_MK2_20151018111540.csv,67.5667561239563
LightBulb_Halogen-30W_r3_MK2_20151018111554.csv,64.02194957689693
LightBulb_Halogen-30W_r3_MK2_20151018111610.csv,65.4084279940774
LightBulb_Halogen-30W_r3_MK2_20151018111641.csv,52.47406376497819
LightBulb_Halogen-30W_r3_MK2_20151018111755.csv,52.42114391711851
LightBulb_Halogen-30W_r3_MK2_20151018111814.csv,61.61652312272539
LightBulb_Halogen-30W_r3_MK2_20151018111830.csv,63.4138795286417
LightBulb_Halogen-30W_r3_MK2_20151018111845.csv,48.13131414030989
HIFI_YamahaA500_r3_MK2_20151018113750.csv,1409.9407778160648
HIFI_YamahaA500_r3_MK2_20151018113801.csv,698.4785035068478
HIFI_YamahaA500_r3_MK2_20151018113813.csv,684.3594245774051
HIFI_YamahaA500_r3_MK2_20151018113822.csv,651.4913916739945
HIFI_YamahaA500_r3_MK2_20151018113831.csv,725.8365748063661
HIFI_YamahaA500_r3_MK2_20151018113840.csv,593.3633998192847
HIFI_YamahaA500_r3_MK2_20151018113849.csv,548.7680053795689
HIFI_YamahaA500_r3_MK2_20151018113858.csv,844.5955240947197
HIFI_YamahaA500_r3_MK2_20151018113907.csv,1151.5324482873702
HIFI_YamahaA500_r3_MK2_20151018113915.csv,574.6181699426535
Shredder_Quigg190W_r3_MK2_20151018140535.csv,234.40516536667323
Shredder_Quigg190W_r3_MK2_20151018140600.csv,227.50361842180916
Shredder_Quigg190W_r3_MK2_20151018140618.csv,233.66159479978182
Shredder_Quigg190W_r3_MK2_20151018140643.csv,226.48489505443726
Shredder_Quigg190W_r3_MK2_20151018140659.csv,254.6042299954221
Shredder_Quigg190W_r3_MK2_20151018141040.csv,246.29112187127274
Shredder_Quigg190W_r3_MK2_20151018141102.csv,223.62596648841478
Shredder_Quigg190W_r3_MK2_20151018141133.csv,253.60069588149585
Shredder_Quigg190W_r3_MK2_20151018141143.csv,255.31050819680092
Shredder_Quigg190W_r3_MK2_20151018141159.csv,216.62392649219058
Fan_HoneywellCL25AE_r5_MK2_20151022182552.csv,202.7580075882996
Fan_HoneywellCL25AE_r5_MK2_20151022182627.csv,213.73647079545387
Fan_HoneywellCL25AE_r5_MK2_20151022182614.csv,201.41736615188415
Fan_Krisbow50W_r5_MK2_20151022173811.csv,90.98029476512843
Fan_Krisbow50W_r5_MK2_20151022173704.csv,87.03359504379334
Fan_HoneywellCL25AE_r5_MK2_20151022182725.csv,196.98911192227774
Fan_HoneywellCL25AE_r5_MK2_20151022182639.csv,211.78895840619998
Fan_Krisbow50W_r5_MK2_20151022173907.csv,87.52324543011684
Fan_Krisbow50W_r5_MK2_20151022173731.csv,91.78238905863836
Fan_HoneywellCL25AE_r5_MK2_20151022182800.csv,196.72888227446626
Fan_HoneywellCL25AE_r5_MK2_20151022182536.csv,202.96503273375959
Fan_HoneywellCL25AE_r5_MK2_20151022182654.csv,204.70592005914082
Fan_Krisbow50W_r5_MK2_20151022173847.csv,97.75096298201632
Fan_HoneywellCL25AE_r5_MK2_20151022182740.csv,196.8376964208049
Fan_Krisbow50W_r5_MK2_20151022174001.csv,87.04642890583105
Fan_HoneywellCL25AE_r5_MK2_20151022182711.csv,197.5036421839148
FlatIron_PhilipsA_r5_MK2_20151022183453.csv,955.7856871691844
FlatIron_PhilipsA_r5_MK2_20151022183408.csv,1175.3253857208106
Fan_Krisbow50W_r5_MK2_20151022174040.csv,86.26807712847366
FlatIron_PhilipsA_r5_MK2_20151022183638.csv,1128.6584466489653
DeepFryer_Kueche1500W_r5_MK2_20151028045634.csv,1405.0611993742798
Fan_Krisbow50W_r5_MK2_20151022174122.csv,85.81263262325278
FlatIron_PhilipsA_r5_MK2_20151022183354.csv,1160.4757750530728
FlatIron_PhilipsA_r5_MK2_20151022183424.csv,1170.9042322005146
FlatIron_PhilipsA_r5_MK2_20151022183344.csv,1060.9673084433502
Fan_Krisbow50W_r5_MK2_20151022174102.csv,85.91540296527869
FlatIron_PhilipsA_r5_MK2_20151022183442.csv,1143.5122642484805
FlatIron_PhilipsA_r5_MK2_20151022183557.csv,945.2560343373564
FlatIron_PhilipsA_r5_MK2_20151022183512.csv,1063.9170059436622
DeepFryer_Kueche1500W_r5_MK2_20151028045616.csv,1409.2293643951105
FlatIron_PhilipsA_r5_MK2_20151022183541.csv,975.3367764299736
Fan_Krisbow50W_r5_MK2_20151022174020.csv,87.87159608509394
DeepFryer_Kueche1500W_r5_MK2_20151028045602.csv,1407.397009661949
Iron_PhilipsFeatherLight_r5_MK2_20151022181410.csv,432.9777038308171
Iron_PhilipsFeatherLight_r5_MK2_20151022181514.csv,434.1562328100826
Iron_PhilipsFeatherLight_r5_MK2_20151022181347.csv,433.45970702155813
Iron_PhilipsFeatherLight_r5_MK2_20151022181451.csv,434.75550910883277
Iron_PhilipsFeatherLight_r5_MK2_20151022181358.csv,432.773986117697
DeepFryer_Kueche1500W_r5_MK2_20151028045806.csv,1424.5695030563202
Iron_PhilipsFeatherLight_r5_MK2_20151022181535.csv,434.42327544779215
Iron_PhilipsFeatherLight_r5_MK2_20151022181440.csv,434.2939493209744
DeepFryer_Kueche1500W_r5_MK2_20151028045740.csv,1428.314802746475
Iron_PhilipsFeatherLight_r5_MK2_20151022181430.csv,434.2066863820888
Iron_PhilipsFeatherLight_r5_MK2_20151022181503.csv,435.9379127496544
Iron_PhilipsFeatherLight_r5_MK2_20151022181524.csv,433.9568089958592
DeepFryer_Kueche1500W_r5_MK2_20151028045727.csv,1422.3645740142401
DeepFryer_Kueche1500W_r5_MK2_20151028045900.csv,1420.3894813357856
DeepFryer_Kueche1500W_r5_MK2_20151028045649.csv,1409.6715173799853
DeepFryer_Kueche1500W_r5_MK2_20151028045841.csv,1422.7425621221153
DeepFryer_Kueche1500W_r5_MK2_20151028045824.csv,1421.7561604212347
JuiceMaker_PowerJuicer_r5_MK2_20151028050612.csv,759.9558972450596
JuiceMaker_PowerJuicer_r5_MK2_20151028050706.csv,939.6656042854922
LEDLight_A_r4_MK2_20151028072456.csv,71.30918797894071
JuiceMaker_PowerJuicer_r5_MK2_20151028050953.csv,823.0467049810104
JuiceMaker_PowerJuicer_r5_MK2_20151028051051.csv,869.5006181214316
JuiceMaker_PowerJuicer_r5_MK2_20151028050746.csv,866.8406650155473
JuiceMaker_PowerJuicer_r5_MK2_20151028050902.csv,864.5887215159213
LEDLight_A_r4_MK2_20151028072619.csv,106.4224929257296
JuiceMaker_PowerJuicer_r5_MK2_20151028051243.csv,855.0674365060404
LEDLight_A_r4_MK2_20151028072826.csv,78.75436616778994
JuiceMaker_PowerJuicer_r5_MK2_20151028051327.csv,875.40843300599
LEDLight_A_r4_MK2_20151028072938.csv,88.49809851053482
JuiceMaker_PowerJuicer_r5_MK2_20151028050357.csv,851.347685883753
LEDLight_A_r4_MK2_20151028072653.csv,72.31729916852589
JuiceMaker_PowerJuicer_r5_MK2_20151028050442.csv,834.327598562216
LEDLight_A_r4_MK2_20151028072926.csv,64.73673939090223
LEDLight_A_r4_MK2_20151028072951.csv,81.67665184006717
Toaster_Electrolux_r5_MK2_20151028035340.csv,795.2205189043657
Massage_Advance_r5_MK2_20151022185245.csv,20.313135989444948
LEDLight_A_r4_MK2_20151028073021.csv,56.73072447950641
Massage_Advance_r5_MK2_20151022185255.csv,20.320481290357804
Massage_Advance_r5_MK2_20151022185209.csv,20.93169118547813
Massage_Advance_r5_MK2_20151022185145.csv,20.66060307162504
Massage_Advance_r5_MK2_20151022185221.csv,20.78851583224411
Toaster_Electrolux_r5_MK2_20151028035355.csv,791.9877341264239
Massage_Advance_r5_MK2_20151022185158.csv,21.537613217035933
Massage_Advance_r5_MK2_20151022185101.csv,21.74114736331006
Massage_Advance_r5_MK2_20151022185118.csv,21.155909549817444
Toaster_Electrolux_r5_MK2_20151028035348.csv,792.1423267463845
LEDLight_A_r4_MK2_20151028073010.csv,58.59630568747718
Massage_Advance_r5_MK2_20151022185233.csv,20.581552368309342
LEDLight_A_r4_MK2_20151028073001.csv,66.30432543844607
Massage_Advance_r5_MK2_20151022185133.csv,21.202570282698925
Toaster_Electrolux_r5_MK2_20151028035446.csv,784.66497570388
Treadmill_Shaga_r5_MK2_20151028054447.csv,337.90108643826096
Treadmill_Shaga_r5_MK2_20151028054258.csv,143.27686690390112
Treadmill_Shaga_r5_MK2_20151028054231.csv,144.60671226729946
Toaster_Electrolux_r5_MK2_20151028035402.csv,785.7784531136978
Treadmill_Shaga_r5_MK2_20151028054647.csv,318.70678315044694
Treadmill_Shaga_r5_MK2_20151028054412.csv,475.5102755811998
Toaster_Electrolux_r5_MK2_20151028035409.csv,793.0414504026994
Treadmill_Shaga_r5_MK2_20151028054333.csv,194.9367380942529
Treadmill_Shaga_r5_MK2_20151028054606.csv,318.8585694525702
Treadmill_Shaga_r5_MK2_20151028054625.csv,301.2484765600413
Toaster_Electrolux_r5_MK2_20151028035417.csv,792.1760460166262
Toaster_Electrolux_r5_MK2_20151028035431.csv,787.4847990039115
Treadmill_Shaga_r5_MK2_20151028054200.csv,104.51490627073994
Treadmill_Shaga_r5_MK2_20151028054534.csv,363.81953261389083
Toaster_Electrolux_r5_MK2_20151028035439.csv,785.7804067268656
Toaster_Electrolux_r5_MK2_20151028035424.csv,796.3540164296518
VacuumCleaner_Maximus_r5_MK2_20151029045214.csv,3327.549420797856
VacuumCleaner_Maximus_r5_MK2_20151029045228.csv,3469.941590297875
VacuumCleaner_Maximus_r5_MK2_20151029045245.csv,3449.5026485711965
VacuumCleaner_Maximus_r5_MK2_20151029045257.csv,3402.747987369697
VacuumCleaner_Maximus_r5_MK2_20151029045310.csv,3413.1121819457976
VacuumCleaner_Maximus_r5_MK2_20151029045321.csv,3378.544237131812
VacuumCleaner_Maximus_r5_MK2_20151029045335.csv,3154.5816609326453
VacuumCleaner_Maximus_r5_MK2_20151029045349.csv,3352.447636103071
VacuumCleaner_Maximus_r5_MK2_20151029045402.csv,3172.793839561412
VacuumCleaner_Maximus_r5_MK2_20151029045416.csv,3620.9178059095207
Charger_Patona_r5_MK2_20151028180120.csv,17.85402553705499
Charger_Patona_r5_MK2_20151028180135.csv,23.69321652312452
Charger_Blackberry_r5_MK2_20151028181112.csv,6.007131334828834
Charger_Blackberry_r5_MK2_20151028181319.csv,6.693562479286144
Charger_Blackberry_r5_MK2_20151028181334.csv,6.774583433909964
Charger_Blackberry_r5_MK2_20151028181030.csv,8.009305267749975
Charger_Blackberry_r5_MK2_20151028181020.csv,7.898924454456815
Charger_Blackberry_r5_MK2_20151028181212.csv,6.01411787585045
Charger_Blackberry_r5_MK2_20151028181823.csv,6.070753885091594
Charger_Blackberry_r5_MK2_20151028181408.csv,7.38145980508998
Charger_Patona_r5_MK2_20151028180145.csv,10.104420725752911
Charger_Blackberry_r5_MK2_20151028181102.csv,5.995348357409241
Charger_Blackberry_r5_MK2_20151028181201.csv,47.81120847916852
Charger_Patona_r5_MK2_20151028180203.csv,10.383873336048175
Charger_Patona_r5_MK2_20151028180221.csv,13.894712901612124
Charger_Patona_r5_MK2_20151028180248.csv,13.878798192429045
Charger_Patona_r5_MK2_20151028180154.csv,20.760709231502066
Charger_Patona_r5_MK2_20151028180230.csv,10.588954719870038
Charger_Patona_r5_MK2_20151028180239.csv,13.202397657092659
Charger_Patona_r5_MK2_20151028180212.csv,12.906134122020257
HairDryer_PhilipsSalonDryTravel_r5_MK2_20151029041613.csv,1408.5154202255114
HairDryer_PhilipsSalonDryTravel_r5_MK2_20151029041635.csv,1418.8852250838654
HairDryer_PhilipsSalonDryTravel_r5_MK2_20151029041604.csv,1407.4260674617567
HairDryer_PhilipsSalonDryTravel_r5_MK2_20151029041538.csv,1406.6020106594076
HairDryer_PhilipsSalonDryTravel_r5_MK2_20151029041452.csv,1382.2945813305676
HairDryer_PhilipsSalonDryTravel_r5_MK2_20151029041530.csv,1388.5673106856643
HairDryer_PhilipsSalonDryTravel_r5_MK2_20151029041507.csv,1398.6582905856585
HairDryer_PhilipsSalonDryTravel_r5_MK2_20151029041626.csv,1417.9443900487076
HairDryer_PhilipsSalonDryTravel_r5_MK2_20151029041556.csv,1392.75640353101
HairDryer_PhilipsSalonDryTravel_r5_MK2_20151029041517.csv,1385.9606926696374
Charger_SamsungTravelAdapter1A_r5_MK2_20151030054420.csv,57.1852637385639
Charger_SamsungTravelAdapter1A_r5_MK2_20151030054433.csv,61.2886642525904
Charger_SamsungTravelAdapter1A_r5_MK2_20151030054442.csv,32.35432174177841
Charger_SamsungTravelAdapter1A_r5_MK2_20151030054452.csv,62.61150895444057
Charger_SamsungTravelAdapter1A_r5_MK2_20151030054503.csv,65.55938435951248
Charger_SamsungTravelAdapter1A_r5_MK2_20151030054513.csv,40.96080958445867
Charger_SamsungTravelAdapter1A_r5_MK2_20151030054524.csv,58.835483326762905
Charger_SamsungTravelAdapter1A_r5_MK2_20151030054533.csv,36.9497129278568
Charger_SamsungTravelAdapter1A_r5_MK2_20151030054542.csv,46.33420626660809
Charger_SamsungTravelAdapter1A_r5_MK2_20151030054552.csv,52.87638077397521
MosquitoRepellent_Baygon3W_r5_MK2_20151030054959.csv,46.552572657819844
MosquitoRepellent_Baygon3W_r5_MK2_20151030055010.csv,47.865692531100166
MosquitoRepellent_Baygon3W_r5_MK2_20151030055021.csv,47.38941751259068
MosquitoRepellent_Baygon3W_r5_MK2_20151030055031.csv,47.81630894473443
MosquitoRepellent_Baygon3W_r5_MK2_20151030055042.csv,46.86649522495766
MosquitoRepellent_Baygon3W_r5_MK2_20151030055053.csv,46.99333504447714
MosquitoRepellent_Baygon3W_r5_MK2_20151030055104.csv,47.654113515807936
MosquitoRepellent_Baygon3W_r5_MK2_20151030055120.csv,47.668561167952916
MosquitoRepellent_Baygon3W_r5_MK2_20151030055132.csv,46.02087238313009
MosquitoRepellent_Baygon3W_r5_MK2_20151030055143.csv,45.27086707036943
WaterHeater_Daalderop_r5_MK2_20151030061122.csv,1098.745473597944
WaterHeater_Daalderop_r5_MK2_20151030061133.csv,1095.0516953309377
WaterHeater_Daalderop_r5_MK2_20151030061142.csv,1093.453363642811
WaterHeater_Daalderop_r5_MK2_20151030061153.csv,1097.8119034642664
WaterHeater_Daalderop_r5_MK2_20151030061201.csv,1100.178139765095
WaterHeater_Daalderop_r5_MK2_20151030061210.csv,1095.4745375652487
WaterHeater_Daalderop_r5_MK2_20151030061220.csv,1094.8042073786257
WaterHeater_Daalderop_r5_MK2_20151030061233.csv,1094.8781683435975
WaterHeater_Daalderop_r5_MK2_20151030061243.csv,1093.7573751874581
WaterHeater_Daalderop_r5_MK2_20151030061253.csv,1097.785492442238
WaterPump_Grundfos_r5_MK2_20151030062017.csv,2055.4646433316484
WaterPump_Grundfos_r5_MK2_20151030062240.csv,2005.5080643308042
WaterPump_Grundfos_r5_MK2_20151030062308.csv,2009.119761509076
WaterPump_Grundfos_r5_MK2_20151030062338.csv,2013.2524172366286
WaterPump_Grundfos_r5_MK2_20151030062404.csv,1998.2662269793134
WaterPump_Grundfos_r5_MK2_20151030062604.csv,1983.6460656195254
WaterPump_Grundfos_r5_MK2_20151030062627.csv,2062.3021971445232
WaterPump_Grundfos_r5_MK2_20151030062650.csv,1985.6329893837064
WaterPump_Grundfos_r5_MK2_20151030062713.csv,1955.1519813159484
WaterPump_Grundfos_r5_MK2_20151030062740.csv,1939.050880415365
AC_Electrolux_r5_MK2_20151031065948.csv,1842.6215311865008
AC_Electrolux_r5_MK2_20151031070257.csv,1783.4116560529608
AC_Electrolux_r5_MK2_20151031070606.csv,1709.7344594281794
AC_Electrolux_r5_MK2_20151031070919.csv,1730.5374957591607
AC_Electrolux_r5_MK2_20151031071229.csv,1766.5466121136214
AC_Electrolux_r5_MK2_20151031071715.csv,1728.4036710119494
AC_Electrolux_r5_MK2_20151031072145.csv,1700.023278292579
AC_Electrolux_r5_MK2_20151031072511.csv,1638.132663379175
AC_Electrolux_r5_MK2_20151031072816.csv,1664.1715828229364
AC_Electrolux_r5_MK2_20151031073129.csv,1703.1701269685598
Charger_Asus_r5_MK2_20151101065144.csv,31.45041007759671
Charger_Asus_r5_MK2_20151101065154.csv,30.757312293195483
Charger_Asus_r5_MK2_20151101065202.csv,56.827021599964546
Charger_Asus_r5_MK2_20151101065212.csv,56.26499295172593
Charger_Asus_r5_MK2_20151101065221.csv,47.04838014105335
Charger_Asus_r5_MK2_20151101065230.csv,38.15155889190112
Charger_Asus_r5_MK2_20151101065239.csv,59.367231381374104
Charger_Asus_r5_MK2_20151101065248.csv,61.234068823636825
Charger_Asus_r5_MK2_20151101065258.csv,59.320137837932755
Charger_Asus_r5_MK2_20151101065310.csv,25.35696100347365
Massage_InfraTrumper_r5_MK2_20151101070202.csv,80.0783415516528
Massage_InfraTrumper_r5_MK2_20151101070428.csv,95.23796657503893
Massage_InfraTrumper_r5_MK2_20151101070458.csv,68.68943929616361
Massage_InfraTrumper_r5_MK2_20151101070509.csv,67.25978632898381
Massage_InfraTrumper_r5_MK2_20151101070521.csv,84.93064433544254
Massage_InfraTrumper_r5_MK2_20151101070530.csv,87.09478875401742
Massage_InfraTrumper_r5_MK2_20151101070555.csv,90.01361883788681
Massage_InfraTrumper_r5_MK2_20151101070606.csv,70.56842077442755
Massage_InfraTrumper_r5_MK2_20151101070626.csv,84.83396442830562
Massage_InfraTrumper_r5_MK2_20151101070634.csv,68.14728736889859
Massage_SumoFootTherapy_r5_MK2_20151101144454.csv,158.11068135447178
Massage_SumoFootTherapy_r5_MK2_20151101144512.csv,160.46900704074653
Massage_SumoFootTherapy_r5_MK2_20151101144532.csv,156.13110086616751
Massage_SumoFootTherapy_r5_MK2_20151101144543.csv,158.69561048668498
Massage_SumoFootTherapy_r5_MK2_20151101144648.csv,151.40332208080216
Massage_SumoFootTherapy_r5_MK2_20151101144700.csv,153.4381142112737
Massage_SumoFootTherapy_r5_MK2_20151101144712.csv,148.11919577959924
Massage_SumoFootTherapy_r5_MK2_20151101144730.csv,174.95999546501167
Massage_SumoFootTherapy_r5_MK2_20151101144747.csv,170.04101840055856
Massage_SumoFootTherapy_r5_MK2_20151101144800.csv,168.66336963623763
LEDLight_MH300_r4_MK2_20151102025950.csv,568.4973315348228
LEDLight_MH300_r4_MK2_20151102030320.csv,500.88896665213
LEDLight_MH300_r4_MK2_20151102030335.csv,568.6764989063145
LEDLight_MH300_r4_MK2_20151102030348.csv,527.0510970495332
LEDLight_MH300_r4_MK2_20151102030439.csv,466.67085826806715
LEDLight_MH300_r4_MK2_20151102030452.csv,426.99415722346566
LEDLight_MH300_r4_MK2_20151102031050.csv,469.91323767018815
LEDLight_MH300_r4_MK2_20151102031305.csv,470.0876487776328
LEDLight_MH300_r4_MK2_20151102031319.csv,558.321478950822
LEDLight_MH300_r4_MK2_20151102031331.csv,618.937864821963
LEDLight_EcoBay_r4_MK2_20151102032135.csv,311.50120331595343
LEDLight_EcoBay_r4_MK2_20151102032144.csv,238.55180807787303
LEDLight_EcoBay_r4_MK2_20151102032203.csv,223.19294171249496
LEDLight_EcoBay_r4_MK2_20151102032216.csv,225.55944810944303
LEDLight_EcoBay_r4_MK2_20151102032231.csv,236.11969180336845
LEDLight_EcoBay_r4_MK2_20151102032411.csv,144.12859873433285
LEDLight_EcoBay_r4_MK2_20151102032423.csv,231.73939334501824
LEDLight_EcoBay_r4_MK2_20151102032435.csv,191.80497637999557
LEDLight_EcoBay_r4_MK2_20151102032448.csv,197.34028170208143
LEDLight_EcoBay_r4_MK2_20151102032830.csv,311.26879630498587
LEDLight_HighBay_r4_MK2_20151102033241.csv,130.8025414411289
LEDLight_HighBay_r4_MK2_20151102033302.csv,130.38766553724807
LEDLight_HighBay_r4_MK2_20151102033313.csv,130.0723893151308
LEDLight_HighBay_r4_MK2_20151102033323.csv,130.12263370631263
LEDLight_HighBay_r4_MK2_20151102033332.csv,129.85691440276182
LEDLight_HighBay_r4_MK2_20151102033342.csv,129.76969513899337
LEDLight_HighBay_r4_MK2_20151102033353.csv,129.75072837102536
LEDLight_HighBay_r4_MK2_20151102033601.csv,129.25078477757054
LEDLight_HighBay_r4_MK2_20151102033630.csv,129.6579956983837
LEDLight_HighBay_r4_MK2_20151102033642.csv,129.50798354738706
LEDLight_EcoBayHB100_r4_MK2_20151102034730.csv,208.44063975317408
LEDLight_EcoBayHB100_r4_MK2_20151102034751.csv,198.844858074002
LEDLight_EcoBayHB100_r4_MK2_20151102034812.csv,194.2664513638244
LEDLight_EcoBayHB100_r4_MK2_20151102034825.csv,201.88882607081902
LEDLight_EcoBayHB100_r4_MK2_20151102034840.csv,191.91927339546382
LEDLight_EcoBayHB100_r4_MK2_20151102034853.csv,199.9472011202015
LEDLight_EcoBayHB100_r4_MK2_20151102034905.csv,201.06846331863971
LEDLight_EcoBayHB100_r4_MK2_20151102034917.csv,173.70193951567637
LEDLight_EcoBayHB100_r4_MK2_20151102034929.csv,182.105307304735
LEDLight_EcoBayHB100_r4_MK2_20151102034941.csv,195.1098805435313
LEDLight_SL0211VS_r4_MK2_20151102035447.csv,16.349624631833287
LEDLight_SL0211VS_r4_MK2_20151102035544.csv,18.966258917531622
LEDLight_SL0211VS_r4_MK2_20151102035733.csv,17.166000579204407
LEDLight_SL0211VS_r4_MK2_20151102035744.csv,9.20925152838851
LEDLight_SL0211VS_r4_MK2_20151102035812.csv,12.827254452214884
LEDLight_SL0211VS_r4_MK2_20151102035826.csv,9.233480929055565
LEDLight_SL0211VS_r4_MK2_20151102035845.csv,9.215285207517448
LEDLight_SL0211VS_r4_MK2_20151102035905.csv,9.176854607152443
LEDLight_SL0211VS_r4_MK2_20151102035929.csv,9.176542094722393
LEDLight_SL0211VS_r4_MK2_20151102035948.csv,9.570182806346564
PowerSupply_HaoxinRXN3010d_r4_MK2_20151102040731.csv,55.40059243657938
PowerSupply_HaoxinRXN3010d_r4_MK2_20151102040741.csv,23.32372530531138
PowerSupply_HaoxinRXN3010d_r4_MK2_20151102040752.csv,71.62119907556723
PowerSupply_HaoxinRXN3010d_r4_MK2_20151102040809.csv,28.084364526408415
PowerSupply_HaoxinRXN3010d_r4_MK2_20151102040832.csv,234.65068755559628
PowerSupply_HaoxinRXN3010d_r4_MK2_20151102040845.csv,671.4639402331785
PowerSupply_HaoxinRXN3010d_r4_MK2_20151102040855.csv,33.37208299776539
PowerSupply_HaoxinRXN3010d_r4_MK2_20151102040905.csv,39.610620865939815
PowerSupply_HaoxinRXN3010d_r4_MK2_20151102040918.csv,25.28751247717689
PowerSupply_HaoxinRXN3010d_r4_MK2_20151102040932.csv,54.97004039473831
PowerSupply_AlincoDM340MV_r4_MK2_20151102041158.csv,674.8884350224707
PowerSupply_AlincoDM340MV_r4_MK2_20151102041210.csv,261.8490737602736
PowerSupply_AlincoDM340MV_r4_MK2_20151102041218.csv,113.924036535124
PowerSupply_AlincoDM340MV_r4_MK2_20151102041227.csv,625.3986266121889
PowerSupply_AlincoDM340MV_r4_MK2_20151102041236.csv,113.68030289150776
PowerSupply_AlincoDM340MV_r4_MK2_20151102041243.csv,128.14727618588756
PowerSupply_AlincoDM340MV_r4_MK2_20151102041252.csv,191.33588788857062
PowerSupply_AlincoDM340MV_r4_MK2_20151102041300.csv,603.1542892478407
PowerSupply_AlincoDM340MV_r4_MK2_20151102041310.csv,484.5129256893881
PowerSupply_AlincoDM340MV_r4_MK2_20151102041318.csv,188.0009373789032
Desoldering_Dekko850AD_r4_MK2_20151102041551.csv,418.99629822972537
Desoldering_Dekko850AD_r4_MK2_20151102041613.csv,423.34896517091744
Desoldering_Dekko850AD_r4_MK2_20151102041645.csv,429.55511241188896
Desoldering_Dekko850AD_r4_MK2_20151102041722.csv,427.0339015801126
Desoldering_Dekko850AD_r4_MK2_20151102041800.csv,437.4111823816163
Desoldering_Dekko850AD_r4_MK2_20151102041837.csv,433.80319359296317
Desoldering_Dekko850AD_r4_MK2_20151102041915.csv,433.6896137141623
Desoldering_Dekko850AD_r4_MK2_20151102041952.csv,423.81740565057856
Desoldering_Dekko850AD_r4_MK2_20151102042035.csv,429.7737140357495
Desoldering_Dekko850AD_r4_MK2_20151102042110.csv,431.2623104594648
SolderingIron_TaiyoKX40R_r4_MK2_20151102042428.csv,28.457283146306878
SolderingIron_TaiyoKX40R_r4_MK2_20151102042449.csv,28.95601095147432
SolderingIron_TaiyoKX40R_r4_MK2_20151102042459.csv,28.63488976176208
SolderingIron_TaiyoKX40R_r4_MK2_20151102042509.csv,28.52970480968555
SolderingIron_TaiyoKX40R_r4_MK2_20151102042519.csv,28.67836357935643
SolderingIron_TaiyoKX40R_r4_MK2_20151102042529.csv,28.244445981147393
SolderingIron_TaiyoKX40R_r4_MK2_20151102042537.csv,28.392593128016838
SolderingIron_TaiyoKX40R_r4_MK2_20151102042552.csv,28.370941653878738
SolderingIron_TaiyoKX40R_r4_MK2_20151102042602.csv,28.38514712257311
SolderingIron_TaiyoKX40R_r4_MK2_20151102042614.csv,28.232129981213564
LEDLight_FL0301M_r4_MK2_20151102044934.csv,189.3738479950466
LEDLight_FL0301M_r4_MK2_20151102044944.csv,140.40465420618034
LEDLight_FL0301M_r4_MK2_20151102044953.csv,139.21566541946186
LEDLight_FL0301M_r4_MK2_20151102045001.csv,101.35926346213868
LEDLight_FL0301M_r4_MK2_20151102045009.csv,121.23299871059136
LEDLight_FL0301M_r4_MK2_20151102045016.csv,134.8813709800442
LEDLight_FL0301M_r4_MK2_20151102045024.csv,110.69133784860996
LEDLight_FL0301M_r4_MK2_20151102045032.csv,141.55691298556826
LEDLight_FL0301M_r4_MK2_20151102045039.csv,119.12018793405343
LEDLight_FL0301M_r4_MK2_20151102045045.csv,82.79078465029595
LEDLight_FLRGB_r4_MK2_20151102050438.csv,166.5518651726035
LEDLight_FLRGB_r4_MK2_20151102050450.csv,223.8391610999281
LEDLight_FLRGB_r4_MK2_20151102050500.csv,177.85277071439972
LEDLight_FLRGB_r4_MK2_20151102050513.csv,192.80862652305512
LEDLight_FLRGB_r4_MK2_20151102050529.csv,169.7840830497133
LEDLight_FLRGB_r4_MK2_20151102050542.csv,147.0628633747498
LEDLight_FLRGB_r4_MK2_20151102050559.csv,186.587251443478
LEDLight_FLRGB_r4_MK2_20151102050610.csv,106.4729821821675
LEDLight_FLRGB_r4_MK2_20151102050621.csv,175.3383249831386
LEDLight_FLRGB_r4_MK2_20151102050631.csv,183.21888804615784
Fan_Cyclone3000_r4_MK2_20151102052001.csv,627.2075690196517
Fan_Cyclone3000_r4_MK2_20151102052012.csv,636.3281681055514
Fan_Cyclone3000_r4_MK2_20151102052023.csv,634.631998681836
Fan_Cyclone3000_r4_MK2_20151102052041.csv,642.4916456327152
Fan_Cyclone3000_r4_MK2_20151102052054.csv,647.1090300315682
Fan_Cyclone3000_r4_MK2_20151102051929.csv,655.882517620797
Fan_Cyclone3000_r4_MK2_20151102051951.csv,645.8071346634067
Fan_Cyclone3000_r4_MK2_20151102052106.csv,648.9291486169211
Fan_Cyclone3000_r4_MK2_20151102051942.csv,631.2070102761502
Fan_Cyclone3000_r4_MK2_20151102052118.csv,643.7342715134224
BenchGrinder_KinFujiKBG2080_r4_MK2_20151102052641.csv,512.3785272457637
BenchGrinder_KinFujiKBG2080_r4_MK2_20151102052742.csv,513.2328766824987
BenchGrinder_KinFujiKBG2080_r4_MK2_20151102052858.csv,498.6568491928279
BenchGrinder_KinFujiKBG2080_r4_MK2_20151102052915.csv,499.8158896561402
BenchGrinder_KinFujiKBG2080_r4_MK2_20151102052941.csv,495.04817008556176
BenchGrinder_KinFujiKBG2080_r4_MK2_20151102052958.csv,492.87539862726493
BenchGrinder_KinFujiKBG2080_r4_MK2_20151102053025.csv,491.28202143786484
BenchGrinder_KinFujiKBG2080_r4_MK2_20151102053055.csv,493.1064268618512
BenchGrinder_KinFujiKBG2080_r4_MK2_20151102053246.csv,496.9849455109797
BenchGrinder_KinFujiKBG2080_r4_MK2_20151102053347.csv,502.390694235172
LEDLight_IceCube_r4_MK2_20151102063558.csv,28.75919023991252
LEDLight_IceCube_r4_MK2_20151102063608.csv,29.202125162631283
LEDLight_IceCube_r4_MK2_20151102063619.csv,32.213094309717434
LEDLight_IceCube_r4_MK2_20151102063630.csv,29.118873985763642
LEDLight_IceCube_r4_MK2_20151102063639.csv,32.95829481227945
LEDLight_IceCube_r4_MK2_20151102063707.csv,31.617960907798267
LEDLight_IceCube_r4_MK2_20151102063720.csv,30.339231577080987
LEDLight_IceCube_r4_MK2_20151102063730.csv,31.204028725779306
LEDLight_IceCube_r4_MK2_20151102063740.csv,29.72616187725216
LEDLight_IceCube_r4_MK2_20151102063753.csv,29.78729664248725
GameConsole_PS3_r2_MK2_20151115001145.csv,162.46384973855072
GameConsole_PS3_r2_MK2_20151115001221.csv,193.27531091272837
GameConsole_PS3_r2_MK2_20151115001301.csv,168.4750111154591
GameConsole_PS3_r2_MK2_20151115001413.csv,159.87384151189278
GameConsole_PS3_r2_MK2_20151115001510.csv,191.3294739951069
GameConsole_PS3_r2_MK2_20151115001620.csv,183.6177155884293
GameConsole_PS3_r2_MK2_20151115001735.csv,183.56392743764442
GameConsole_PS3_r2_MK2_20151115001938.csv,198.2400128146944
GameConsole_PS3_r2_MK2_20151115002129.csv,168.55638973535966
GameConsole_PS3_r2_MK2_20151115002346.csv,197.815124034447
GameConsole_WII_r2_MK2_20151115004217.csv,23.99473584955558
GameConsole_WII_r2_MK2_20151115004234.csv,24.851682915880037
GameConsole_WII_r2_MK2_20151115004310.csv,23.490159081450358
GameConsole_WII_r2_MK2_20151115004335.csv,23.51105352022375
GameConsole_WII_r2_MK2_20151115004401.csv,23.64217344649757
GameConsole_WII_r2_MK2_20151115004429.csv,24.323166655749088
GameConsole_WII_r2_MK2_20151115004457.csv,25.08100267620757
GameConsole_WII_r2_MK2_20151115004520.csv,24.949358593796692
GameConsole_WII_r2_MK2_20151115004549.csv,23.413579087176675
GameConsole_WII_r2_MK2_20151115004611.csv,24.83052018710102
GameConsole_PS1_r2_MK2_20151115005043.csv,10.358290444593877
GameConsole_PS1_r2_MK2_20151115005055.csv,10.184343782067296
GameConsole_PS1_r2_MK2_20151115005107.csv,10.13714291167756
GameConsole_PS1_r2_MK2_20151115005118.csv,10.282441214937716
GameConsole_PS1_r2_MK2_20151115005130.csv,10.265932020638141
GameConsole_PS1_r2_MK2_20151115005142.csv,10.270734969992189
GameConsole_PS1_r2_MK2_20151115005154.csv,10.196015327734251
GameConsole_PS1_r2_MK2_20151115005207.csv,10.290360422215114
GameConsole_PS1_r2_MK2_20151115005220.csv,10.18979403168584
GameConsole_PS1_r2_MK2_20151115005233.csv,10.31912125311792
GameConsole_SegaMegaDrive_r2_MK2_20151115010518.csv,14.400020434334873
GameConsole_SegaMegaDrive_r2_MK2_20151115010629.csv,14.423157026649767
GameConsole_SegaMegaDrive_r2_MK2_20151115010734.csv,14.006583868308613
GameConsole_SegaMegaDrive_r2_MK2_20151115010810.csv,14.656179867715885
GameConsole_SegaMegaDrive_r2_MK2_20151115010833.csv,14.064349355486534
GameConsole_SegaMegaDrive_r2_MK2_20151115010908.csv,14.026781092397867
GameConsole_SegaMegaDrive_r2_MK2_20151115010946.csv,14.452160588310411
GameConsole_SegaMegaDrive_r2_MK2_20151115011008.csv,14.083747346823412
GameConsole_SegaMegaDrive_r2_MK2_20151115011028.csv,13.96602090423306
GameConsole_SegaMegaDrive_r2_MK2_20151115011056.csv,13.947306828014556
TV_Fujitsu_r2_MK2_20151115123924.csv,245.36688847060628
TV_Fujitsu_r2_MK2_20151115123943.csv,245.3638707827156
TV_Fujitsu_r2_MK2_20151115124003.csv,240.97113531480232
TV_Fujitsu_r2_MK2_20151115124024.csv,247.03715849509464
TV_Fujitsu_r2_MK2_20151115124043.csv,253.94379255122814
TV_Fujitsu_r2_MK2_20151115124110.csv,252.27918206664424
TV_Fujitsu_r2_MK2_20151115124132.csv,252.7654487807304
TV_Fujitsu_r2_MK2_20151115124159.csv,249.8966693960131
TV_Fujitsu_r2_MK2_20151115124227.csv,238.1313205234706
TV_Fujitsu_r2_MK2_20151115124255.csv,246.75301485977442
WashingMachine_Privileg_r2_MK2_20151115132244.csv,292.0295864587029
WashingMachine_Privileg_r2_MK2_20151115132324.csv,303.18421051452555
WashingMachine_Privileg_r2_MK2_20151115132341.csv,287.7777007808598
WashingMachine_Privileg_r2_MK2_20151115132402.csv,277.4335612384292
WashingMachine_Privileg_r2_MK2_20151115132423.csv,254.0248590965445
WashingMachine_Privileg_r2_MK2_20151115132448.csv,295.11827394437665
WashingMachine_Privileg_r2_MK2_20151115132508.csv,260.47457847076777
WashingMachine_Privileg_r2_MK2_20151115132526.csv,254.14857778710623
WashingMachine_Privileg_r2_MK2_20151115132539.csv,155.9811482074671
WashingMachine_Privileg_r2_MK2_20151115132554.csv,171.61369653986762
GuitarAmp_Marshall8240_r2_MK2_20151115133402.csv,293.83270091982564
GuitarAmp_Marshall8240_r2_MK2_20151115133529.csv,208.23753436738627
GuitarAmp_Marshall8240_r2_MK2_20151115133553.csv,169.3224489922635
GuitarAmp_Marshall8240_r2_MK2_20151115133650.csv,324.8544687294401
GuitarAmp_Marshall8240_r2_MK2_20151115133713.csv,362.7669276449519
GuitarAmp_Marshall8240_r2_MK2_20151115133742.csv,171.89226995582385
GuitarAmp_Marshall8240_r2_MK2_20151115134807.csv,174.34667334708698
GuitarAmp_Marshall8240_r2_MK2_20151115134820.csv,177.9836265649336
GuitarAmp_Marshall8240_r2_MK2_20151115134835.csv,176.13577849442765
GuitarAmp_Marshall8240_r2_MK2_20151115134900.csv,188.10130630098286
ShoeWarmer_Enka_r3_MK2_20151121185158.csv,60.54770182358722
ShoeWarmer_Enka_r3_MK2_20151121185211.csv,68.22643855782226
ShoeWarmer_Enka_r3_MK2_20151121185221.csv,63.54169968487696
ShoeWarmer_Enka_r3_MK2_20151121185231.csv,66.27543139296274
ShoeWarmer_Enka_r3_MK2_20151121185240.csv,63.23570973404372
ShoeWarmer_Enka_r3_MK2_20151121185306.csv,65.9001872646312
ShoeWarmer_Enka_r3_MK2_20151121185319.csv,69.5162066923144
ShoeWarmer_Enka_r3_MK2_20151121185333.csv,72.26966778626667
ShoeWarmer_Enka_r3_MK2_20151121185346.csv,72.35441448014849
ShoeWarmer_Enka_r3_MK2_20151121185356.csv,62.41336928717792
SewingMachine_Veritas_r3_MK2_20151121190301.csv,165.42036778160062
SewingMachine_Veritas_r3_MK2_20151121190321.csv,172.77107209457702
SewingMachine_Veritas_r3_MK2_20151121190344.csv,173.3053479971054
SewingMachine_Veritas_r3_MK2_20151121190412.csv,155.15392183947066
SewingMachine_Veritas_r3_MK2_20151121190429.csv,169.24511989858004
SewingMachine_Veritas_r3_MK2_20151121190506.csv,167.31567795223862
SewingMachine_Veritas_r3_MK2_20151121190536.csv,168.6235783206299
SewingMachine_Veritas_r3_MK2_20151121190552.csv,167.56719156817218
SewingMachine_Veritas_r3_MK2_20151121190609.csv,166.14076984816543
SewingMachine_Veritas_r3_MK2_20151121190647.csv,165.35857821799198
Kettle_AlaskaWK2209N_r3_MK2_20151122120437.csv,2076.803468212889
Kettle_AlaskaWK2209N_r3_MK2_20151122120449.csv,2066.0130177925344
Kettle_AlaskaWK2209N_r3_MK2_20151122120457.csv,2067.6739544225857
Kettle_AlaskaWK2209N_r3_MK2_20151122120505.csv,2064.222012503942
Kettle_AlaskaWK2209N_r3_MK2_20151122120513.csv,2063.017102276161
Kettle_AlaskaWK2209N_r3_MK2_20151122120522.csv,2067.4838433693167
Kettle_AlaskaWK2209N_r3_MK2_20151122120532.csv,2057.510460419022
Kettle_AlaskaWK2209N_r3_MK2_20151122120541.csv,2057.1737449685115
Kettle_AlaskaWK2209N_r3_MK2_20151122120549.csv,2060.1275630355194
Kettle_AlaskaWK2209N_r3_MK2_20151122120558.csv,2068.4233403477506
Toaster_TeamKalorik_r3_MK2_20151122121129.csv,703.1374191110024
Toaster_TeamKalorik_r3_MK2_20151122121138.csv,698.8002852416597
Toaster_TeamKalorik_r3_MK2_20151122121147.csv,697.2628764014072
Toaster_TeamKalorik_r3_MK2_20151122121155.csv,693.6891608673768
Toaster_TeamKalorik_r3_MK2_20151122121203.csv,692.4036882189723
Toaster_TeamKalorik_r3_MK2_20151122121210.csv,690.1247510887683
Toaster_TeamKalorik_r3_MK2_20151122121217.csv,690.2337051268357
Toaster_TeamKalorik_r3_MK2_20151122121225.csv,694.3760136025958
Toaster_TeamKalorik_r3_MK2_20151122121233.csv,694.9331364077207
Toaster_TeamKalorik_r3_MK2_20151122121243.csv,698.3684117812352
CoffeeMachine_AlaskaCM2209m_r3_MK2_20151122122034.csv,792.2059270212427
CoffeeMachine_AlaskaCM2209m_r3_MK2_20151122122042.csv,791.1882148587148
CoffeeMachine_AlaskaCM2209m_r3_MK2_20151122122050.csv,795.5383333185068
CoffeeMachine_AlaskaCM2209m_r3_MK2_20151122122104.csv,792.1657101195308
CoffeeMachine_AlaskaCM2209m_r3_MK2_20151122122111.csv,793.9541612894583
CoffeeMachine_AlaskaCM2209m_r3_MK2_20151122122122.csv,796.7223667308067
CoffeeMachine_AlaskaCM2209m_r3_MK2_20151122122135.csv,794.8234188279138
CoffeeMachine_AlaskaCM2209m_r3_MK2_20151122122147.csv,792.6366597839321
CoffeeMachine_AlaskaCM2209m_r3_MK2_20151122122157.csv,798.0345099890607
CoffeeMachine_AlaskaCM2209m_r3_MK2_20151122122228.csv,799.571050143273
HairDryer_Tedi_r3_MK2_20151122122943.csv,1989.8944289113401
HairDryer_Tedi_r3_MK2_20151122122957.csv,1991.51359144114
HairDryer_Tedi_r3_MK2_20151122123009.csv,1988.8859594544397
HairDryer_Tedi_r3_MK2_20151122123021.csv,1985.8031322062327
HairDryer_Tedi_r3_MK2_20151122123031.csv,1991.3447382386466
HairDryer_Tedi_r3_MK2_20151122123040.csv,2004.6237065857893
HairDryer_Tedi_r3_MK2_20151122123048.csv,1996.5295679306923
HairDryer_Tedi_r3_MK2_20151122123056.csv,1996.5015919383616
HairDryer_Tedi_r3_MK2_20151122123105.csv,1996.9909481470481
HairDryer_Tedi_r3_MK2_20151122123116.csv,2002.049459603367
Charger_SamsungTravelAdapter2A_r3_MK2_20151122124858.csv,64.71754899319882
Charger_SamsungTravelAdapter2A_r3_MK2_20151122125113.csv,55.09995110041152
Charger_SamsungTravelAdapter2A_r3_MK2_20151122125120.csv,53.524984286446134
Charger_SamsungTravelAdapter2A_r3_MK2_20151122125129.csv,90.16492006160941
Charger_SamsungTravelAdapter2A_r3_MK2_20151122125137.csv,92.61360704774658
Charger_SamsungTravelAdapter2A_r3_MK2_20151122125145.csv,87.84365802115452
Charger_SamsungTravelAdapter2A_r3_MK2_20151122125154.csv,52.149198063369845
Charger_SamsungTravelAdapter2A_r3_MK2_20151122125202.csv,87.09743908929327
Charger_SamsungTravelAdapter2A_r3_MK2_20151122125213.csv,57.95692534176635
Charger_SamsungTravelAdapter2A_r3_MK2_20151122125222.csv,39.87376443219062
Charger_Hahnel_r3_MK2_20151122125920.csv,21.220426400098948
Charger_Hahnel_r3_MK2_20151122125934.csv,22.169497807075576
Charger_Hahnel_r3_MK2_20151122125945.csv,27.04341720153268
Charger_Hahnel_r3_MK2_20151122125957.csv,44.61952116554603
Charger_Hahnel_r3_MK2_20151122130007.csv,46.93231357183927
Charger_Hahnel_r3_MK2_20151122130014.csv,32.70865982842321
Charger_Hahnel_r3_MK2_20151122130024.csv,42.04864488417905
Charger_Hahnel_r3_MK2_20151122130035.csv,24.05894226717453
Charger_Hahnel_r3_MK2_20151122130043.csv,42.70121785181885
Charger_Hahnel_r3_MK2_20151122130054.csv,47.27236152136077
Microwave_Privileg8020_r3_MK2_20151122130435.csv,1804.9993504541615
Microwave_Privileg8020_r3_MK2_20151122130443.csv,1380.8584995284366
Microwave_Privileg8020_r3_MK2_20151122130451.csv,1395.9397979907073
Microwave_Privileg8020_r3_MK2_20151122130501.csv,1324.3775126528924
Microwave_Privileg8020_r3_MK2_20151122130510.csv,1317.0830598110954
Microwave_Privileg8020_r3_MK2_20151122130519.csv,1319.4849059455407
Microwave_Privileg8020_r3_MK2_20151122130529.csv,1325.5149192653598
Microwave_Privileg8020_r3_MK2_20151122130538.csv,1320.2800577015307
Microwave_Privileg8020_r3_MK2_20151122130547.csv,1318.6671051932499
Microwave_Privileg8020_r3_MK2_20151122130558.csv,1310.39376731338
LightBulb_Osram25W_r1_MK2_20151123175212.csv,33.331337616189074
LightBulb_Osram25W_r1_MK2_20151123175220.csv,30.97011990376437
LightBulb_Osram25W_r1_MK2_20151123175227.csv,40.76465308495486
LightBulb_Osram25W_r1_MK2_20151123175235.csv,47.3220255479527
LightBulb_Osram25W_r1_MK2_20151123175242.csv,42.23949398125212
LightBulb_Osram25W_r1_MK2_20151123175248.csv,30.64711198182777
LightBulb_Osram25W_r1_MK2_20151123175255.csv,43.33587482664735
LightBulb_Osram25W_r1_MK2_20151123175302.csv,45.45034306840972
LightBulb_Osram25W_r1_MK2_20151123175309.csv,31.74710297519341
LightBulb_Osram25W_r1_MK2_20151123175316.csv,41.96458073714747
Heater_Heller_r1_MK1_20151202124754.csv,1542.3407386227716
Heater_Heller_r1_MK1_20151202124803.csv,1494.2920990393936
Heater_Heller_r1_MK1_20151202124813.csv,1481.5379947625115
Heater_Heller_r1_MK1_20151202124821.csv,1472.3268883629223
Heater_Heller_r1_MK1_20151202124829.csv,1470.4263961681634
Heater_Heller_r1_MK1_20151202124837.csv,1466.3694901802585
Heater_Heller_r1_MK1_20151202124846.csv,1460.743300976063
Heater_Heller_r1_MK1_20151202124857.csv,1482.784642826384
Heater_Heller_r1_MK1_20151202124907.csv,1470.6690996256627
Heater_Heller_r1_MK1_20151202124917.csv,1476.848938227211
VacuumCleaner_Vento_r1_MK1_20151203134057.csv,4775.73118044306
VacuumCleaner_Vento_r1_MK1_20151203134115.csv,4693.725367307271
VacuumCleaner_Vento_r1_MK1_20151203134128.csv,4586.147359073344
VacuumCleaner_Vento_r1_MK1_20151203134145.csv,4731.65428535921
VacuumCleaner_Vento_r1_MK1_20151203134201.csv,5473.97303751231
VacuumCleaner_Vento_r1_MK1_20151203134217.csv,4690.71675348661
VacuumCleaner_Vento_r1_MK1_20151203134237.csv,4649.688050162833
VacuumCleaner_Vento_r1_MK1_20151203134257.csv,4885.111931860953
VacuumCleaner_Vento_r1_MK1_20151203134316.csv,4903.153240990508
VacuumCleaner_Vento_r1_MK1_20151203134336.csv,4765.764987184376
VacuumCleaner_Nilfisk_r1_MK1_20151203140259.csv,1577.3261712893498
VacuumCleaner_Nilfisk_r1_MK1_20151203140323.csv,2454.9380439527317
VacuumCleaner_Nilfisk_r1_MK1_20151203140337.csv,2194.8733884955027
VacuumCleaner_Nilfisk_r1_MK1_20151203140353.csv,1671.0050647170046
VacuumCleaner_Nilfisk_r1_MK1_20151203140413.csv,2744.283010482672
VacuumCleaner_Nilfisk_r1_MK1_20151203140441.csv,1333.6654563148911
VacuumCleaner_Nilfisk_r1_MK1_20151203140506.csv,1288.1921714181099
VacuumCleaner_Nilfisk_r1_MK1_20151203140602.csv,1280.9294135605076
VacuumCleaner_Nilfisk_r1_MK1_20151203140627.csv,1301.0315327539454
VacuumCleaner_Nilfisk_r1_MK1_20151203140659.csv,2042.6756736312127
Projector_Epson_r1_MK1_20151203142158.csv,412.38414719534654
Projector_Epson_r1_MK1_20151203142247.csv,291.47884897340384
Projector_Epson_r1_MK1_20151203142316.csv,222.57906547232346
Projector_Epson_r1_MK1_20151203142347.csv,241.4012922391793
Projector_Epson_r1_MK1_20151203142448.csv,414.0783795321213
Projector_Epson_r1_MK1_20151203142554.csv,428.07781156568046
Projector_Epson_r1_MK1_20151203142919.csv,533.5258804628893
Projector_Epson_r1_MK1_20151203142949.csv,218.12957102245315
Projector_Epson_r1_MK1_20151203143032.csv,300.0007222006258
Projector_Epson_r1_MK1_20151203143103.csv,235.020050667024
Kettle_IdeenWelt_r1_MK2_20151214125743.csv,1865.284149417219
Kettle_IdeenWelt_r1_MK2_20151214125751.csv,1865.4820158139803
Kettle_IdeenWelt_r1_MK2_20151214125800.csv,1864.9000403894424
Kettle_IdeenWelt_r1_MK2_20151214125808.csv,1864.7242034919248
Kettle_IdeenWelt_r1_MK2_20151214125816.csv,1861.4007264027066
Kettle_IdeenWelt_r1_MK2_20151214125826.csv,1860.1233815950961
Kettle_IdeenWelt_r1_MK2_20151214125836.csv,1857.1580577070513
Kettle_IdeenWelt_r1_MK2_20151214125845.csv,1861.9030190388053
Kettle_IdeenWelt_r1_MK2_20151214125854.csv,1854.2148512157928
Kettle_IdeenWelt_r1_MK2_20151214125903.csv,1852.351143549942
ShoeWarmer_ThermIc_r2_MK2_20151214130053.csv,21.966923199842373
ShoeWarmer_ThermIc_r2_MK2_20151214130101.csv,21.88581385510043
ShoeWarmer_ThermIc_r2_MK2_20151214130110.csv,22.10507290440922
ShoeWarmer_ThermIc_r2_MK2_20151214130118.csv,21.77759386549394
ShoeWarmer_ThermIc_r2_MK2_20151214130126.csv,21.80519533548504
ShoeWarmer_ThermIc_r2_MK2_20151214130135.csv,21.74130657498414
ShoeWarmer_ThermIc_r2_MK2_20151214130143.csv,21.81896985446414
ShoeWarmer_ThermIc_r2_MK2_20151214130152.csv,21.67672755060097
ShoeWarmer_ThermIc_r2_MK2_20151214130202.csv,21.671135274755457
ShoeWarmer_ThermIc_r2_MK2_20151214130212.csv,21.617901984043428
HairDryer_BraunSatinHair_r3_MK1_20151220010253.csv,425.5784610719837
HairDryer_BraunSatinHair_r3_MK1_20151220010305.csv,424.60454384365084
HairDryer_BraunSatinHair_r3_MK1_20151220010315.csv,420.3943309290014
HairDryer_BraunSatinHair_r3_MK1_20151220010324.csv,421.7775299930333
HairDryer_BraunSatinHair_r3_MK1_20151220010333.csv,417.5217252247574
HairDryer_BraunSatinHair_r3_MK1_20151220010345.csv,417.5969148911228
HairDryer_BraunSatinHair_r3_MK1_20151220010355.csv,416.32445091706666
HairDryer_BraunSatinHair_r3_MK1_20151220010406.csv,416.1073626514464
HairDryer_BraunSatinHair_r3_MK1_20151220010423.csv,418.48787210301765
HairDryer_BraunSatinHair_r3_MK1_20151220010445.csv,428.330540021812
CFL_PhilipsGenie8W_r6_MK1_20151229102715.csv,12.900290626324836
CFL_PhilipsGenie8W_r6_MK1_20151229102659.csv,20.666110506012426
CFL_PhilipsGenie8W_r6_MK1_20151229102724.csv,22.71264398653469
CFL_PhilipsGenie8W_r6_MK1_20151229102756.csv,13.324898781356676
CFL_PhilipsGenie8W_r6_MK1_20151229102743.csv,15.785493831973007
CFL_PhilipsGenie8W_r6_MK1_20151229102734.csv,17.4519661641515
CFL_PhilipsGenie8W_r6_MK1_20151229102825.csv,13.909264977580431
CFL_PhilipsGenie8W_r6_MK1_20151229102805.csv,18.968642633026064
CFL_PhilipsGenie8W_r6_MK1_20151229102816.csv,14.293176341015432
CFL_PhilipsGenie8W_r6_MK1_20151229102835.csv,13.555737489862096
Fan_ChingHai35W_r6_MK1_20151229103757.csv,39.25398803670657
Fan_ChingHai35W_r6_MK1_20151229103625.csv,59.50648549130617
Fan_ChingHai35W_r6_MK1_20151229103815.csv,25.52171467887195
Fan_ChingHai35W_r6_MK1_20151229103736.csv,43.846334246630924
Fan_ChingHai35W_r6_MK1_20151229103713.csv,45.92235376183049
Fan_ChingHai35W_r6_MK1_20151229103607.csv,42.73110014717
Fan_ChingHai35W_r6_MK1_20151229103652.csv,31.216588856525888
Fan_ChingHai35W_r6_MK1_20151229103850.csv,32.9195485886104
Fan_ChingHai35W_r6_MK1_20151229103832.csv,30.814057705836905
Fan_ChingHai35W_r6_MK1_20151229103908.csv,25.350954635834324
HairDryer_BaBylissPro_r6_MK1_20151229103034.csv,1724.702972225199
HairDryer_BaBylissPro_r6_MK1_20151229103100.csv,412.07546621790635
HairDryer_BaBylissPro_r6_MK1_20151229103133.csv,452.23444848717963
HairDryer_BaBylissPro_r6_MK1_20151229103231.csv,408.4322547206733
HairDryer_BaBylissPro_r6_MK1_20151229103118.csv,451.3297813511097
HairDryer_BaBylissPro_r6_MK1_20151229103045.csv,445.09443573314553
HairDryer_BaBylissPro_r6_MK1_20151229103144.csv,450.3374216132515
HairDryer_BaBylissPro_r6_MK1_20151229103154.csv,427.50603912036865
HairDryer_BaBylissPro_r6_MK1_20151229103222.csv,417.15245189836645
Kettle_TCM_r6_MK1_20151229104155.csv,2753.261235561951
HairDryer_BaBylissPro_r6_MK1_20151229103209.csv,438.2763109799089
Kettle_TCM_r6_MK1_20151229104215.csv,2694.548728060268
Kettle_TCM_r6_MK1_20151229104303.csv,2675.5583465699538
Kettle_TCM_r6_MK1_20151229104245.csv,2696.073803823359
Kettle_TCM_r6_MK1_20151229104205.csv,2688.859388671453
Kettle_TCM_r6_MK1_20151229104225.csv,2680.1770553912697
Kettle_TCM_r6_MK1_20151229104310.csv,2671.801744902171
Kettle_TCM_r6_MK1_20151229104234.csv,2692.697819515306
WaterHeater_AustriaEmailKRU052-A_r6_MK1_20151226153704.csv,1878.4355030816987
Kettle_TCM_r6_MK1_20151229104254.csv,2692.381180060427
Kettle_TCM_r6_MK1_20151229104317.csv,2660.681232392499
WaterHeater_AustriaEmailKRU052-A_r6_MK1_20151226153837.csv,1874.813802398435
WaterHeater_AustriaEmailKRU052-A_r6_MK1_20151226153735.csv,1904.0844329150366
WaterHeater_AustriaEmailKRU052-A_r6_MK1_20151226153814.csv,1875.3981466944635
WaterHeater_AustriaEmailKRU052-A_r6_MK1_20151226153829.csv,1884.6011735292943
WaterHeater_AustriaEmailKRU052-A_r6_MK1_20151226153805.csv,1889.5491990048545
WaterHeater_AustriaEmailKRU052-A_r6_MK1_20151226153751.csv,1911.101760573377
WaterHeater_AustriaEmailKRU052-A_r6_MK1_20151226153847.csv,1873.8647493259214
WaterHeater_AustriaEmailKRU052-A_r6_MK1_20151226153719.csv,1905.5019152281131
WaterHeater_AustriaEmailKRU052-A_r6_MK1_20151226153856.csv,1881.084480532605
WaterHeater_StiebelEltronSNU5S_r1_MK1_20160126152735.csv,1946.3130609389639
WaterHeater_StiebelEltronSNU5S_r1_MK1_20160126152745.csv,1900.45588912392
WaterHeater_StiebelEltronSNU5S_r1_MK1_20160126152808.csv,1927.7890843610571
WaterHeater_StiebelEltronSNU5S_r1_MK1_20160126152826.csv,1930.9296663483206
WaterHeater_StiebelEltronSNU5S_r1_MK1_20160126152834.csv,1889.0964382490629
WaterHeater_StiebelEltronSNU5S_r1_MK1_20160126152842.csv,1870.1050316688668
WaterHeater_StiebelEltronSNU5S_r1_MK1_20160126152850.csv,1859.534149770228
WaterHeater_StiebelEltronSNU5S_r1_MK1_20160126152857.csv,1864.4059396609146
WaterHeater_StiebelEltronSNU5S_r1_MK1_20160126152905.csv,1859.3212710302441
WaterHeater_StiebelEltronSNU5S_r1_MK1_20160126152913.csv,1849.198518833228
WaterHeater_StiebelEltronSN10S_r1_MK1_20160126153533.csv,1988.9660661277883
WaterHeater_StiebelEltronSN10S_r1_MK1_20160126153541.csv,1934.4259839255772
WaterHeater_StiebelEltronSN10S_r1_MK1_20160126153548.csv,1933.4620758902304
WaterHeater_StiebelEltronSN10S_r1_MK1_20160126153556.csv,1944.4412999253573
WaterHeater_StiebelEltronSN10S_r1_MK1_20160126153604.csv,1921.7802256081773
WaterHeater_StiebelEltronSN10S_r1_MK1_20160126153612.csv,1932.9721216374066
WaterHeater_StiebelEltronSN10S_r1_MK1_20160126153620.csv,1923.6094481376058
WaterHeater_StiebelEltronSN10S_r1_MK1_20160126153630.csv,1951.974631214845
WaterHeater_StiebelEltronSN10S_r1_MK1_20160126153638.csv,1934.3947691818955
