filename,min_power
WaterHeater_StiebelEltronSN10S_r1_MK1_20160126153648.csv,1.2750977571916404
Laptop_Schenker-W503_r1_MK1_20160126161033.csv,13.332800331682416
Laptop_Schenker-W503_r1_MK1_20160126161054.csv,7.257608230916316
Laptop_Schenker-W503_r1_MK1_20160126161121.csv,7.405846032610505
Laptop_Schenker-W503_r1_MK1_20160126161142.csv,7.664085903977913
Laptop_Schenker-W503_r1_MK1_20160126161205.csv,13.047069687479071
Laptop_Schenker-W503_r1_MK1_20160126161228.csv,9.32996150606086
Laptop_Schenker-W503_r1_MK1_20160126161251.csv,12.62030392787282
Laptop_Schenker-W503_r1_MK1_20160126161312.csv,8.475299682266705
Laptop_Schenker-W503_r1_MK1_20160126161334.csv,12.512407960479575
Laptop_Schenker-W503_r1_MK1_20160126161357.csv,8.054301375960994
SandwichMaker_ClatronicST3011_r2_MK1_20160503220543.csv,0.9705620112366418
SandwichMaker_ClatronicST3011_r2_MK1_20160503220552.csv,0.9940465217173236
SandwichMaker_ClatronicST3011_r2_MK1_20160503220614.csv,0.9757686989827508
SandwichMaker_ClatronicST3011_r2_MK1_20160503220647.csv,0.9927536734833874
SandwichMaker_ClatronicST3011_r2_MK1_20160503220746.csv,0.9966064335514376
SandwichMaker_ClatronicST3011_r2_MK1_20160503220753.csv,0.9514770290058302
SandwichMaker_ClatronicST3011_r2_MK1_20160503220800.csv,0.9001696931848687
SandwichMaker_ClatronicST3011_r2_MK1_20160503220809.csv,0.8951321794254422
SandwichMaker_ClatronicST3011_r2_MK1_20160503220818.csv,0.9674839287236028
SandwichMaker_ClatronicST3011_r2_MK1_20160503220826.csv,0.8981795212971956
RiceCooker_PanasonicSRG06_r2_MK1_20160503221300.csv,1.0260954820170844
RiceCooker_PanasonicSRG06_r2_MK1_20160503221311.csv,0.9655766025293288
RiceCooker_PanasonicSRG06_r2_MK1_20160503221319.csv,0.9606994223107252
RiceCooker_PanasonicSRG06_r2_MK1_20160503221326.csv,1.0210065329362914
RiceCooker_PanasonicSRG06_r2_MK1_20160503221332.csv,0.9376156117359509
RiceCooker_PanasonicSRG06_r2_MK1_20160503221339.csv,1.0376104306419067
RiceCooker_PanasonicSRG06_r2_MK1_20160503221348.csv,0.9197859728172456
RiceCooker_PanasonicSRG06_r2_MK1_20160503221356.csv,0.9308411512842778
RiceCooker_PanasonicSRG06_r2_MK1_20160503221402.csv,0.9495540311120771
RiceCooker_PanasonicSRG06_r2_MK1_20160503221414.csv,0.9118881060106178
RiceCooker_arendo301224_r2_MK1_20160503221730.csv,0.9365528829866712
RiceCooker_arendo301224_r2_MK1_20160503221738.csv,0.9861201913539498
RiceCooker_arendo301224_r2_MK1_20160503221745.csv,0.9891064537815799
RiceCooker_arendo301224_r2_MK1_20160503221753.csv,0.9970100802726316
RiceCooker_arendo301224_r2_MK1_20160503221801.csv,0.9763974422079992
RiceCooker_arendo301224_r2_MK1_20160503221808.csv,0.9335940795196664
RiceCooker_arendo301224_r2_MK1_20160503221817.csv,0.9527859507776932
RiceCooker_arendo301224_r2_MK1_20160503221827.csv,0.9235404164116416
RiceCooker_arendo301224_r2_MK1_20160503221836.csv,0.8270556563505156
RiceCooker_arendo301224_r2_MK1_20160503221906.csv,35.87615882136507
CoffeeMachine_SIEMENS_r7_MK1_20160505235142.csv,1.604187171791771
CoffeeMachine_SIEMENS_r7_MK1_20160505235150.csv,1.535129158307171
CoffeeMachine_SIEMENS_r7_MK1_20160505235225.csv,1.58393792963044
CoffeeMachine_SIEMENS_r7_MK1_20160505235233.csv,1.5559316650385675
CoffeeMachine_SIEMENS_r7_MK1_20160505235243.csv,1.5458087517713068
CoffeeMachine_SIEMENS_r7_MK1_20160505235252.csv,1.6390401607829141
CoffeeMachine_SIEMENS_r7_MK1_20160505235301.csv,1.6099658765688607
CoffeeMachine_SIEMENS_r7_MK1_20160505235311.csv,1.5728270965383353
CoffeeMachine_SIEMENS_r7_MK1_20160505235324.csv,1.6099779986953806
CoffeeMachine_SIEMENS_r7_MK1_20160505235335.csv,1.6034122933175354
Stove_sOlac_r7_MK1_20160505235957.csv,1.0042383502784469
Stove_sOlac_r7_MK1_20160506000005.csv,1.0176779711238886
Stove_sOlac_r7_MK1_20160506000012.csv,1.0322594828929017
Stove_sOlac_r7_MK1_20160506000018.csv,1.045997602732265
Stove_sOlac_r7_MK1_20160506000025.csv,1.0278537261470848
Stove_sOlac_r7_MK1_20160506000033.csv,1.0745768219781635
Stove_sOlac_r7_MK1_20160506000040.csv,0.9917403038901588
Stove_sOlac_r7_MK1_20160506000047.csv,1.030869322781432
Stove_sOlac_r7_MK1_20160506000054.csv,0.9764721841593602
Stove_sOlac_r7_MK1_20160506000102.csv,1.0866410837616445
Toaster_PhilipsHD2567_r7_MK1_20160506221921.csv,1.3227917616865903
Toaster_PhilipsHD2567_r7_MK1_20160506221929.csv,1.2748738662029304
Toaster_PhilipsHD2567_r7_MK1_20160506221937.csv,1.3753455334007232
Toaster_PhilipsHD2567_r7_MK1_20160506221945.csv,1.3299111334729492
Toaster_PhilipsHD2567_r7_MK1_20160506221953.csv,1.2846550828430912
Toaster_PhilipsHD2567_r7_MK1_20160506222001.csv,1.2621954613244857
Toaster_PhilipsHD2567_r7_MK1_20160506222010.csv,1.2862736211392751
Toaster_PhilipsHD2567_r7_MK1_20160506222019.csv,1.3600332784137
Toaster_PhilipsHD2567_r7_MK1_20160506222027.csv,1.3795781647484506
Toaster_PhilipsHD2567_r7_MK1_20160506222035.csv,1.38525219060979
Kettle_ClatronicWK3462_r7_MK1_20160506222437.csv,1.295607189748166
Kettle_ClatronicWK3462_r7_MK1_20160506222444.csv,1.289625221689373
Kettle_ClatronicWK3462_r7_MK1_20160506222451.csv,1.2621528664489792
Kettle_ClatronicWK3462_r7_MK1_20160506222458.csv,1.2486308687216603
Kettle_ClatronicWK3462_r7_MK1_20160506222505.csv,1.2766103440836545
Kettle_ClatronicWK3462_r7_MK1_20160506222512.csv,1.2552163981296156
Kettle_ClatronicWK3462_r7_MK1_20160506222520.csv,1.2595445330818595
Kettle_ClatronicWK3462_r7_MK1_20160506222527.csv,1.2384050848116663
Kettle_ClatronicWK3462_r7_MK1_20160506222534.csv,1.2765168496713786
Kettle_ClatronicWK3462_r7_MK1_20160506222543.csv,1.2591832133438734
LightBulb_PhilipsClassicTone40W_r7_MK1_20160506222930.csv,1.2767914392776332
LightBulb_PhilipsClassicTone40W_r7_MK1_20160506222939.csv,1.2066128992802905
LightBulb_PhilipsClassicTone40W_r7_MK1_20160506222947.csv,1.2058969571117877
LightBulb_PhilipsClassicTone40W_r7_MK1_20160506222956.csv,1.2547473856875182
LightBulb_PhilipsClassicTone40W_r7_MK1_20160506223005.csv,1.2994760233541431
LightBulb_PhilipsClassicTone40W_r7_MK1_20160506223013.csv,1.178271903261086
LightBulb_PhilipsClassicTone40W_r7_MK1_20160506223020.csv,1.1955416472753315
LightBulb_PhilipsClassicTone40W_r7_MK1_20160506223027.csv,1.2154456432366034
LightBulb_PhilipsClassicTone40W_r7_MK1_20160506223034.csv,1.2552703784278212
LightBulb_PhilipsClassicTone40W_r7_MK1_20160506223042.csv,1.2849791655515463
NetworkSwitch_DLink-DGS1008D_r8_MK1_20160515232459.csv,0.07285323028687109
NetworkSwitch_DLink-DGS1008D_r8_MK1_20160515232507.csv,0.05091124366259292
NetworkSwitch_DLink-DGS1008D_r8_MK1_20160515232516.csv,0.10953207942422756
NetworkSwitch_DLink-DGS1008D_r8_MK1_20160515232524.csv,0.025271620005876023
NetworkSwitch_DLink-DGS1008D_r8_MK1_20160515232532.csv,0.05447860467013251
NetworkSwitch_DLink-DGS1008D_r8_MK1_20160515232539.csv,0.013924023700105127
NetworkSwitch_DLink-DGS1008D_r8_MK1_20160515232546.csv,-0.0037780047220741797
NetworkSwitch_DLink-DGS1008D_r8_MK1_20160515232554.csv,0.11865252631482015
NetworkSwitch_DLink-DGS1008D_r8_MK1_20160515232601.csv,0.07012579200371183
NetworkSwitch_DLink-DGS1008D_r8_MK1_20160515232608.csv,0.0063212402605890144
CableModem_MotorolaSB5102_r8_MK1_20160515233311.csv,0.1286853875858443
CableModem_MotorolaSB5102_r8_MK1_20160515233319.csv,0.09424244794183642
CableModem_MotorolaSB5102_r8_MK1_20160515233326.csv,0.04004038849173962
CableModem_MotorolaSB5102_r8_MK1_20160515233333.csv,-0.04027353515937214
CableModem_MotorolaSB5102_r8_MK1_20160515233340.csv,-0.08742268690243868
CableModem_MotorolaSB5102_r8_MK1_20160515233347.csv,0.13977444103405792
CableModem_MotorolaSB5102_r8_MK1_20160515233354.csv,0.04645244424161659
CableModem_MotorolaSB5102_r8_MK1_20160515233401.csv,0.16394172861665282
CableModem_MotorolaSB5102_r8_MK1_20160515233410.csv,0.10881785176643707
CableModem_MotorolaSB5102_r8_MK1_20160515233417.csv,0.1156889677595119
CableReceiver_MotorolaDCT700_r8_MK1_20160515235205.csv,0.07266677724691681
CableReceiver_MotorolaDCT700_r8_MK1_20160515235214.csv,0.002344646977425425
CableReceiver_MotorolaDCT700_r8_MK1_20160515235221.csv,0.0711622940969406
CableReceiver_MotorolaDCT700_r8_MK1_20160515235230.csv,0.060460452177390725
CableReceiver_MotorolaDCT700_r8_MK1_20160515235239.csv,0.01603809577596636
CableReceiver_MotorolaDCT700_r8_MK1_20160515235249.csv,0.03790389383047008
CableReceiver_MotorolaDCT700_r8_MK1_20160515235256.csv,0.022559290848368264
CableReceiver_MotorolaDCT700_r8_MK1_20160515235303.csv,0.03690194984378459
CableReceiver_MotorolaDCT700_r8_MK1_20160515235310.csv,0.04573435893472358
CableReceiver_MotorolaDCT700_r8_MK1_20160515235317.csv,0.09850796306923944
Laptop_Lenovo-IdeapadS11_r8_MK1_20160515235654.csv,0.15372313761488107
Laptop_Lenovo-IdeapadS11_r8_MK1_20160515235704.csv,0.1563896571892966
Laptop_Lenovo-IdeapadS11_r8_MK1_20160515235713.csv,0.15852936655815156
Laptop_Lenovo-IdeapadS11_r8_MK1_20160515235721.csv,0.15732843217192866
Laptop_Lenovo-IdeapadS11_r8_MK1_20160515235729.csv,0.14550417509892966
Laptop_Lenovo-IdeapadS11_r8_MK1_20160515235738.csv,0.16468368312736748
Laptop_Lenovo-IdeapadS11_r8_MK1_20160515235746.csv,-0.5323124186960714
Laptop_Lenovo-IdeapadS11_r8_MK1_20160515235755.csv,0.11213237602238348
Laptop_Lenovo-IdeapadS11_r8_MK1_20160515235802.csv,-0.3118832146391577
Laptop_Lenovo-IdeapadS11_r8_MK1_20160515235810.csv,0.16152925130917506
Fridge_Danby_r8_MK1_20160516085740.csv,0.07310116460939653
Fridge_Danby_r8_MK1_20160516085807.csv,0.08902369164766702
Fridge_Danby_r8_MK1_20160516085819.csv,0.06779890628569588
Fridge_Danby_r8_MK1_20160516085830.csv,0.07228929020869893
Fridge_Danby_r8_MK1_20160516090328.csv,0.0706480212509632
Fridge_Danby_r8_MK1_20160516090338.csv,0.043331766853071
Fridge_Danby_r8_MK1_20160516090348.csv,0.1133496250496024
Fridge_Danby_r8_MK1_20160516090358.csv,0.0694014380170273
Fridge_Danby_r8_MK1_20160516090407.csv,0.07030686040846061
Fridge_Danby_r8_MK1_20160516090416.csv,0.044244984910398924
Microwave_Whirlpool_r8_MK1_20160516101135.csv,0.3534218979687715
Microwave_Whirlpool_r8_MK1_20160516101147.csv,0.3635108558871613
Microwave_Whirlpool_r8_MK1_20160516101156.csv,0.3868517225172345
Microwave_Whirlpool_r8_MK1_20160516101205.csv,0.3749497498883581
Microwave_Whirlpool_r8_MK1_20160516101215.csv,0.3482081244713594
Microwave_Whirlpool_r8_MK1_20160516101340.csv,0.3738462211419733
Microwave_Whirlpool_r8_MK1_20160516101349.csv,0.35550703767636405
Microwave_Whirlpool_r8_MK1_20160516101400.csv,0.3878722314402259
Microwave_Whirlpool_r8_MK1_20160516101416.csv,0.3803455562027944
Microwave_Whirlpool_r8_MK1_20160516101430.csv,0.3578596410550634
TV_Toshiba43L31OU_r8_MK1_20160516102246.csv,4.586214838330538
TV_Toshiba43L31OU_r8_MK1_20160516102309.csv,5.095532453668106
TV_Toshiba43L31OU_r8_MK1_20160516102337.csv,6.055400418651093
TV_Toshiba43L31OU_r8_MK1_20160516102402.csv,0.08075964285783012
TV_Toshiba43L31OU_r8_MK1_20160516102430.csv,4.5935463004498445
TV_Toshiba43L31OU_r8_MK1_20160516102452.csv,5.426750928918215
TV_Toshiba43L31OU_r8_MK1_20160516102512.csv,4.295295857003554
TV_Toshiba43L31OU_r8_MK1_20160516102535.csv,5.388866323333257
TV_Toshiba43L31OU_r8_MK1_20160516102559.csv,5.42317593298016
TV_Toshiba43L31OU_r8_MK1_20160516102619.csv,-0.21805345478359944
KitchenHood_AmicaUH17051_r2_MK1_20160520141329.csv,-66.89346092249797
KitchenHood_AmicaUH17051_r2_MK1_20160520141340.csv,1.266165960057852
KitchenHood_AmicaUH17051_r2_MK1_20160520141351.csv,-4.976896764384265
KitchenHood_AmicaUH17051_r2_MK1_20160520141405.csv,1.223890010332752
KitchenHood_AmicaUH17051_r2_MK1_20160520141416.csv,1.299485332611526
KitchenHood_AmicaUH17051_r2_MK1_20160520141430.csv,1.226876339733457
KitchenHood_AmicaUH17051_r2_MK1_20160520141441.csv,1.2209413867731012
KitchenHood_AmicaUH17051_r2_MK1_20160520141453.csv,1.2400923374824886
KitchenHood_AmicaUH17051_r2_MK1_20160520141516.csv,1.2127852048173695
KitchenHood_AmicaUH17051_r2_MK1_20160520141541.csv,1.2743331925709076
AirPump_SimexHB-135C_r2_MK1_20160124164919.csv,1.293031204376125
AirPump_SimexHB-135C_r2_MK1_20160124165057.csv,1.2868270196554896
AirPump_SimexHB-135C_r2_MK1_20160124165115.csv,1.3602172534498902
AirPump_SimexHB-135C_r2_MK1_20160124165105.csv,1.3830982025814096
AirPump_SimexHB-135C_r2_MK1_20160124165133.csv,1.3793919796007952
AirPump_SimexHB-135C_r2_MK1_20160124165124.csv,1.4136681294995792
AirPump_SimexHB-135C_r2_MK1_20160124165214.csv,1.3334618449741191
AirPump_SimexHB-135C_r2_MK1_20160124165144.csv,1.2804718106514152
AirPump_SimexHB-135C_r2_MK1_20160124165201.csv,1.289166188235405
AirPump_SimexHB-135C_r2_MK1_20160124165226.csv,1.2809099485060778
Charger_TAS1801_r2_MK2_20151105154524.csv,5.919105723313988
Charger_TAS1801_r2_MK2_20151105154540.csv,5.589092651909839
Charger_TAS1801_r2_MK2_20151105154554.csv,5.593671260029078
Charger_TAS1801_r2_MK2_20151105154606.csv,5.62309148668622
Charger_TAS1801_r2_MK2_20151105154632.csv,5.5989772394609965
Charger_TAS1801_r2_MK2_20151105154617.csv,5.6096916542388495
Charger_TAS1801_r2_MK2_20151105154656.csv,5.592782816197723
Charger_TAS1801_r2_MK2_20151105154714.csv,5.617978049938878
Charger_TAS1801_r2_MK2_20151105154729.csv,5.4846713028848155
Charger_TAS1801_r2_MK2_20151105154758.csv,5.586459830465416
DrillingMachine_Pattfield-E-SB550E_r1_MK1_20160128133030.csv,1.0165830283256805
DrillingMachine_Pattfield-E-SB550E_r1_MK1_20160128133043.csv,0.9635908508645856
DrillingMachine_Pattfield-E-SB550E_r1_MK1_20160128133016.csv,0.922284269422639
DrillingMachine_Pattfield-E-SB550E_r1_MK1_20160128133057.csv,1.0470920767189509
DrillingMachine_Pattfield-E-SB550E_r1_MK1_20160128133112.csv,1.007956360520208
DrillingMachine_Pattfield-E-SB550E_r1_MK1_20160128133136.csv,1.0053256581461398
DrillingMachine_Pattfield-E-SB550E_r1_MK1_20160128133214.csv,1.037853542903054
DrillingMachine_Pattfield-E-SB550E_r1_MK1_20160128133152.csv,1.0115341291435551
DrillingMachine_Pattfield-E-SB550E_r1_MK1_20160128133258.csv,0.9932075500106038
DrillingMachine_Pattfield-E-SB550E_r1_MK1_20160128133307.csv,0.9921941134443004
Fan_Salco-STT23-1_r2_MK1_20160124171618.csv,0.7675275765298158
Fan_Salco-STT23-1_r2_MK1_20160124171640.csv,1.2918720343992824
Fan_Salco-STT23-1_r2_MK1_20160124171702.csv,1.4115730108038569
Fan_Salco-STT23-1_r2_MK1_20160124171719.csv,1.3729169557660887
Fan_Salco-STT23-1_r2_MK1_20160124171747.csv,1.3703110334296584
Fan_Salco-STT23-1_r2_MK1_20160124171731.csv,1.3443994187219852
Fan_Salco-STT23-1_r2_MK1_20160124171801.csv,1.4059646855287948
Fan_Salco-STT23-1_r2_MK1_20160124171820.csv,1.3902309020096333
Fan_Salco-STT23-1_r2_MK1_20160124171835.csv,1.4008230956112904
Fan_Salco-STT23-1_r2_MK1_20160124171851.csv,1.244101747572253
Hairdryer_Valera54206_r9_MK2_20170513131813.csv,-0.11688030560811362
Hairdryer_Valera54206_r9_MK2_20170513131826.csv,-0.15283373870576425
Hairdryer_Valera54206_r9_MK2_20170513131835.csv,-0.1662654244340956
Hairdryer_Valera54206_r9_MK2_20170513131844.csv,-0.11541346749290828
Hairdryer_Valera54206_r9_MK2_20170513131852.csv,-0.08080361892158787
Hairdryer_Valera54206_r9_MK2_20170513131901.csv,-0.07965520415455099
Hairdryer_Valera54206_r9_MK2_20170513131910.csv,-0.12563284287850066
Hairdryer_Valera54206_r9_MK2_20170513131919.csv,-0.1708443062069515
Hairdryer_Valera54206_r9_MK2_20170513131927.csv,-0.1076122049242258
Hairdryer_Valera54206_r9_MK2_20170513131937.csv,-0.18095131941760584
Kettle_WIK9501_r9_MK2_20170513132440.csv,-0.10844750522325433
Kettle_WIK9501_r9_MK2_20170513132448.csv,-0.06328185151020692
Kettle_WIK9501_r9_MK2_20170513132611.csv,-0.14445621635143954
Kettle_WIK9501_r9_MK2_20170513132618.csv,-0.04084986252710222
Kettle_WIK9501_r9_MK2_20170513132626.csv,-0.12277814308181405
Kettle_WIK9501_r9_MK2_20170513132635.csv,-0.08345991984630623
Kettle_WIK9501_r9_MK2_20170513132643.csv,-0.17218126831576225
Kettle_WIK9501_r9_MK2_20170513132722.csv,-0.06366354357451194
Kettle_WIK9501_r9_MK2_20170513132734.csv,-0.12106271802137293
Kettle_WIK9501_r9_MK2_20170513132745.csv,-0.09483646691466367
Iron_PanasonicNIB36TS_r9_MK2_20170513162209.csv,-0.09993063844740396
Iron_PanasonicNIB36TS_r9_MK2_20170513162218.csv,-0.11487125021715963
Iron_PanasonicNIB36TS_r9_MK2_20170513162358.csv,-0.14379988551760714
Iron_PanasonicNIB36TS_r9_MK2_20170513162412.csv,-0.06445899990697702
Iron_PanasonicNIB36TS_r9_MK2_20170513162431.csv,-0.10813559483115874
Iron_PanasonicNIB36TS_r9_MK2_20170513162443.csv,-0.20034175791467232
Iron_PanasonicNIB36TS_r9_MK2_20170513162451.csv,-0.08491176174332699
Iron_PanasonicNIB36TS_r9_MK2_20170513162501.csv,-0.1094519234572848
Iron_PanasonicNIB36TS_r9_MK2_20170513162658.csv,-0.10293836534644167
Iron_PanasonicNIB36TS_r9_MK2_20170513162708.csv,-0.09750579375152793
TV_SonyKDL42W700B_r9_MK2_20170513163759.csv,8.966956098719189
TV_SonyKDL42W700B_r9_MK2_20170513163818.csv,11.372487307495128
TV_SonyKDL42W700B_r9_MK2_20170513163831.csv,-1.9518571877231208
TV_SonyKDL42W700B_r9_MK2_20170513163843.csv,-4.053208609608313
TV_SonyKDL42W700B_r9_MK2_20170513163853.csv,14.41300639305264
TV_SonyKDL42W700B_r9_MK2_20170513163906.csv,8.2088389265351
TV_SonyKDL42W700B_r9_MK2_20170513163918.csv,-5.357486077770591
TV_SonyKDL42W700B_r9_MK2_20170513163933.csv,-5.129108452113967
TV_SonyKDL42W700B_r9_MK2_20170513164003.csv,-4.476804595440626
TV_SonyKDL42W700B_r9_MK2_20170513164053.csv,14.580019767551374
TV_Philips-42pfl3403_r9_MK2_20170515231624.csv,11.646089422392347
TV_Philips-42pfl3403_r9_MK2_20170515231647.csv,11.676495130453262
TV_Philips-42pfl3403_r9_MK2_20170515231710.csv,11.635690311311436
TV_Philips-42pfl3403_r9_MK2_20170515231729.csv,11.575356694404034
TV_Philips-42pfl3403_r9_MK2_20170515231757.csv,11.7001617350926
TV_Philips-42pfl3403_r9_MK2_20170515231822.csv,11.63900748572002
TV_Philips-42pfl3403_r9_MK2_20170515231844.csv,11.522821712990599
TV_Philips-42pfl3403_r9_MK2_20170515231912.csv,11.719290232347946
TV_Philips-42pfl3403_r9_MK2_20170515231938.csv,11.54545182719206
TV_Philips-42pfl3403_r9_MK2_20170515232010.csv,11.68277055518702
Kettle_WKF-818B_r9_MK2_20170515232831.csv,-0.3696574897505344
Kettle_WKF-818B_r9_MK2_20170515232849.csv,-0.32430164677401385
Kettle_WKF-818B_r9_MK2_20170515232858.csv,-0.3470000649181505
Kettle_WKF-818B_r9_MK2_20170515232906.csv,-0.3031920615273217
Kettle_WKF-818B_r9_MK2_20170515232919.csv,-0.3065277349203825
Kettle_WKF-818B_r9_MK2_20170515232928.csv,-0.3751615396700799
Kettle_WKF-818B_r9_MK2_20170515232936.csv,-0.3414534892265995
Kettle_WKF-818B_r9_MK2_20170515232948.csv,-0.3283707118593157
Kettle_WKF-818B_r9_MK2_20170515233002.csv,-0.3091655915913483
Kettle_WKF-818B_r9_MK2_20170515233014.csv,-0.35711430258428056
Iron_Philips-GC1990_r9_MK2_20170515233647.csv,0.8210853071883321
Iron_Philips-GC1990_r9_MK2_20170515233701.csv,0.8287923781822124
Iron_Philips-GC1990_r9_MK2_20170515233710.csv,0.7472834991601607
Iron_Philips-GC1990_r9_MK2_20170515233722.csv,0.6824973737200101
Iron_Philips-GC1990_r9_MK2_20170515233735.csv,0.777640770530949
Iron_Philips-GC1990_r9_MK2_20170515233748.csv,0.8066072794919212
Iron_Philips-GC1990_r9_MK2_20170515233759.csv,0.8479750588536263
Iron_Philips-GC1990_r9_MK2_20170515233815.csv,0.7275209464753668
Iron_Philips-GC1990_r9_MK2_20170515234020.csv,0.8311111547363302
Iron_Philips-GC1990_r9_MK2_20170515234029.csv,0.8297217058638732
Halogen_Osram-25W_r9_MK2_20170515234827.csv,-0.3008864203467966
Halogen_Osram-25W_r9_MK2_20170515234839.csv,-0.2840316562602917
Halogen_Osram-25W_r9_MK2_20170515234845.csv,-0.4021410497215887
Halogen_Osram-25W_r9_MK2_20170515234852.csv,-0.32266662114610284
Halogen_Osram-25W_r9_MK2_20170515234859.csv,-0.4091437910373011
Halogen_Osram-25W_r9_MK2_20170515234906.csv,-0.3415186187873284
Halogen_Osram-25W_r9_MK2_20170515234914.csv,-0.30902958574394385
Halogen_Osram-25W_r9_MK2_20170515234920.csv,-0.3490068763494492
Halogen_Osram-25W_r9_MK2_20170515234927.csv,-0.36551754837855704
Halogen_Osram-25W_r9_MK2_20170515234934.csv,-0.3501256817951799
Kettle_1800W_r1_MK2_20151009173102.csv,-0.9486647029717769
Kettle_1800W_r1_MK2_20151009173122.csv,-0.7596901879024989
Kettle_1800W_r1_MK2_20151009173208.csv,-0.8158883513572313
Kettle_1800W_r1_MK2_20151009173217.csv,-1.086234152410179
Kettle_1800W_r1_MK2_20151009173253.csv,-0.7868184560599432
Kettle_1800W_r1_MK2_20151009173301.csv,-0.8021099464967838
Kettle_1800W_r1_MK2_20151009173308.csv,-1.1334519893241428
Kettle_1800W_r1_MK2_20151009173826.csv,-0.8123664840434999
Kettle_1800W_r1_MK2_20151009173837.csv,-0.8441284194278216
Kettle_1800W_r1_MK2_20151009173849.csv,-1.1639916781956945
HairDryer_RemingtonD3090_r1_MK2_20151009174125.csv,-1.3863055775562914
HairDryer_RemingtonD3090_r1_MK2_20151009174147.csv,-1.4387897688585023
HairDryer_RemingtonD3090_r1_MK2_20151009174200.csv,-1.4505858269209664
HairDryer_RemingtonD3090_r1_MK2_20151009174210.csv,-1.0850076916317148
HairDryer_RemingtonD3090_r1_MK2_20151009174218.csv,-1.2522829526414474
HairDryer_RemingtonD3090_r1_MK2_20151009174234.csv,-1.4155476009783643
HairDryer_RemingtonD3090_r1_MK2_20151009174250.csv,-1.3767899845416351
HairDryer_RemingtonD3090_r1_MK2_20151009174301.csv,-1.4623917365136239
HairDryer_RemingtonD3090_r1_MK2_20151009174311.csv,-1.2535493668479225
HairDryer_RemingtonD3090_r1_MK2_20151009174322.csv,-1.1997187997524943
FlatIron_PhilipsB_r1_MK2_20151009174744.csv,170.53223304568482
FlatIron_PhilipsB_r1_MK2_20151009174818.csv,-1.7617985664866864
FlatIron_PhilipsB_r1_MK2_20151009174830.csv,-1.713246449269355
FlatIron_PhilipsB_r1_MK2_20151009175200.csv,-1.5721480175231886
FlatIron_PhilipsB_r1_MK2_20151009175217.csv,-1.6940064655306442
FlatIron_PhilipsB_r1_MK2_20151009175302.csv,-1.8013134372110156
FlatIron_PhilipsB_r1_MK2_20151009175317.csv,-1.5205949052857852
FlatIron_PhilipsB_r1_MK2_20151009175345.csv,-1.5140927858961128
FlatIron_PhilipsB_r1_MK2_20151009175401.csv,-28.604869795838994
FlatIron_PhilipsB_r1_MK2_20151009175416.csv,-25.96673908814167
MultiTool_Mannesmann-135W_r1_MK2_20151009180501.csv,-0.6405838743162651
MultiTool_Mannesmann-135W_r1_MK2_20151009180639.csv,-0.6506685573918124
MultiTool_Mannesmann-135W_r1_MK2_20151009180710.csv,-0.6057835628278554
MultiTool_Mannesmann-135W_r1_MK2_20151009180721.csv,-0.6987439700091879
MultiTool_Mannesmann-135W_r1_MK2_20151009180745.csv,-0.6497805514062445
MultiTool_Mannesmann-135W_r1_MK2_20151009180804.csv,-0.6614923788855473
MultiTool_Mannesmann-135W_r1_MK2_20151009180819.csv,-0.6685151516459881
MultiTool_Mannesmann-135W_r1_MK2_20151009180841.csv,-0.7006962149093549
MultiTool_Mannesmann-135W_r1_MK2_20151009180854.csv,-0.6068956363946199
MultiTool_Mannesmann-135W_r1_MK2_20151009180911.csv,-0.6262408125835159
LightBulb_Osram-25W_r1_MK2_20151009181814.csv,-0.679209151864052
LightBulb_Osram-25W_r1_MK2_20151009181825.csv,-0.6307530323353906
LightBulb_Osram-25W_r1_MK2_20151009181836.csv,-0.6955629109094539
LightBulb_Osram-25W_r1_MK2_20151009181917.csv,-0.7485074423253537
LightBulb_Osram-25W_r1_MK2_20151009181928.csv,-0.6492870992049574
LightBulb_Osram-25W_r1_MK2_20151009181941.csv,-0.7970227257659036
LightBulb_Osram-25W_r1_MK2_20151009181954.csv,-0.7054871782350044
LightBulb_Osram-25W_r1_MK2_20151009182005.csv,-0.6055980804065865
LightBulb_Osram-25W_r1_MK2_20151009182016.csv,-0.6991962099758287
LightBulb_Osram-25W_r1_MK2_20151009182027.csv,-0.7035336745282014
Fan_VOV-50W_r1_MK2_20151009182413.csv,-0.6769908609179159
Fan_VOV-50W_r1_MK2_20151009182425.csv,-0.6715499702530603
Fan_VOV-50W_r1_MK2_20151009182444.csv,-0.6618729216046633
Fan_VOV-50W_r1_MK2_20151009182514.csv,-0.6426491381600501
Fan_VOV-50W_r1_MK2_20151009182526.csv,-0.7434326454686623
Fan_VOV-50W_r1_MK2_20151009182538.csv,-0.6760697975754737
Fan_VOV-50W_r1_MK2_20151009182553.csv,-0.6958938675932584
Fan_VOV-50W_r1_MK2_20151009182606.csv,-0.660563489049673
Fan_VOV-50W_r1_MK2_20151009182620.csv,-0.6674076754599809
Fan_VOV-50W_r1_MK2_20151009182632.csv,-0.6941835324900845
LightBulb_Vintage-40W_r1_MK2_20151012101142.csv,-0.5854728819491961
LightBulb_Vintage-40W_r1_MK2_20151012101210.csv,-0.6304741793001691
LightBulb_Vintage-40W_r1_MK2_20151012101233.csv,-0.6913716321190201
LightBulb_Vintage-40W_r1_MK2_20151012101252.csv,-0.6358946554052335
LightBulb_Vintage-40W_r1_MK2_20151012101308.csv,-0.6367224575951695
LightBulb_Vintage-40W_r1_MK2_20151012101323.csv,-0.7232827087243399
LightBulb_Vintage-40W_r1_MK2_20151012101341.csv,-0.6500030317964653
LightBulb_Vintage-40W_r1_MK2_20151012101405.csv,-0.7127565129039187
LightBulb_Vintage-40W_r1_MK2_20151012101422.csv,-0.6959012015101811
LightBulb_Vintage-40W_r1_MK2_20151012101444.csv,-0.6961019538032512
LightBulb_Osram-100W_r1_MK2_20151012101701.csv,-0.7093882747304937
LightBulb_Osram-100W_r1_MK2_20151012101714.csv,-0.6578542087847988
LightBulb_Osram-100W_r1_MK2_20151012101729.csv,-0.5925623714613418
LightBulb_Osram-100W_r1_MK2_20151012101741.csv,-0.7000282811621826
LightBulb_Osram-100W_r1_MK2_20151012101751.csv,-0.6230365476571025
LightBulb_Osram-100W_r1_MK2_20151012101803.csv,-0.6220981346753737
LightBulb_Osram-100W_r1_MK2_20151012101813.csv,-0.659234627087911
LightBulb_Osram-100W_r1_MK2_20151012101823.csv,-0.6531560687658688
LightBulb_Osram-100W_r1_MK2_20151012101837.csv,-0.6317240648282072
LightBulb_Osram-100W_r1_MK2_20151012101848.csv,-0.756541529390961
CFL_IKEA15W_r1_MK2_20151012103604.csv,-0.6524837565608325
CFL_IKEA15W_r1_MK2_20151012103623.csv,-0.7205424508700768
CFL_IKEA15W_r1_MK2_20151012103637.csv,-0.7676964170299471
CFL_IKEA15W_r1_MK2_20151012103710.csv,-0.6852209387036662
CFL_IKEA15W_r1_MK2_20151012103735.csv,-0.8115895814262332
CFL_IKEA15W_r1_MK2_20151012103755.csv,-0.6937861327081919
CFL_IKEA15W_r1_MK2_20151012103821.csv,-0.7057348347579439
CFL_IKEA15W_r1_MK2_20151012103848.csv,-0.7056946624070405
CFL_IKEA15W_r1_MK2_20151012103903.csv,-0.7076043268044792
CFL_IKEA15W_r1_MK2_20151012103918.csv,-0.7248571474415562
Mixer_OK-200W_r1_MK2_20151012104514.csv,-1.0133499596888822
Mixer_OK-200W_r1_MK2_20151012104546.csv,-1.0137459912026925
Mixer_OK-200W_r1_MK2_20151012104605.csv,-1.0771865070797504
Mixer_OK-200W_r1_MK2_20151012104618.csv,-0.975386650239428
Mixer_OK-200W_r1_MK2_20151012104630.csv,-0.9559600347342591
Mixer_OK-200W_r1_MK2_20151012104641.csv,-0.9869565062224864
Mixer_OK-200W_r1_MK2_20151012104652.csv,-0.9421740223032734
Mixer_OK-200W_r1_MK2_20151012104702.csv,-1.038079818089803
Mixer_OK-200W_r1_MK2_20151012104712.csv,-0.985060250852257
Mixer_OK-200W_r1_MK2_20151012104721.csv,-0.951544250516842
Mixer_KenwoodCH580W_r1_MK2_20151012110632.csv,-0.7899748316034676
Mixer_KenwoodCH580W_r1_MK2_20151012110735.csv,-0.8088541946063439
Mixer_KenwoodCH580W_r1_MK2_20151012110759.csv,-0.8775565769523384
Mixer_KenwoodCH580W_r1_MK2_20151012110839.csv,-0.8344674068813523
Mixer_KenwoodCH580W_r1_MK2_20151012110852.csv,-0.8641914437835416
Mixer_KenwoodCH580W_r1_MK2_20151012110905.csv,-0.8983033522342643
Mixer_KenwoodCH580W_r1_MK2_20151012110926.csv,-0.8823183688024681
Mixer_KenwoodCH580W_r1_MK2_20151012110946.csv,-0.9224192961119116
Mixer_KenwoodCH580W_r1_MK2_20151012111005.csv,-0.828337839525193
Mixer_KenwoodCH580W_r1_MK2_20151012111034.csv,-0.8798471671839556
Mixer_IdeenWelt-500W_r2_MK2_20151012111315.csv,-0.8823488538153471
Mixer_IdeenWelt-500W_r2_MK2_20151012111336.csv,-0.913853937915216
Mixer_IdeenWelt-500W_r2_MK2_20151012111347.csv,-0.8717068477844201
Mixer_IdeenWelt-500W_r2_MK2_20151012111357.csv,-0.8381580637457471
Mixer_IdeenWelt-500W_r2_MK2_20151012111407.csv,-0.8284567693869274
Mixer_IdeenWelt-500W_r2_MK2_20151012111438.csv,-0.8359932447162767
Mixer_IdeenWelt-500W_r2_MK2_20151012111447.csv,-0.8920620247411232
Mixer_IdeenWelt-500W_r2_MK2_20151012111456.csv,-0.826915880603095
Mixer_IdeenWelt-500W_r2_MK2_20151012111506.csv,-0.7997085812812053
Mixer_IdeenWelt-500W_r2_MK2_20151012111517.csv,-0.8072238758206369
Toaster_750W_r2_MK2_20151012111819.csv,-0.7094182124361397
Toaster_750W_r2_MK2_20151012111900.csv,-0.7306498471957942
Toaster_750W_r2_MK2_20151012111913.csv,-0.7458331349926691
Toaster_750W_r2_MK2_20151012111928.csv,-0.7708526283813019
Toaster_750W_r2_MK2_20151012111942.csv,-0.6996933838663001
Toaster_750W_r2_MK2_20151012112001.csv,-0.7298233585432171
Toaster_750W_r2_MK2_20151012112012.csv,-0.7498989709652961
Toaster_750W_r2_MK2_20151012112024.csv,-0.7129914171683291
Toaster_750W_r2_MK2_20151012112037.csv,-0.7132306451598803
Toaster_750W_r2_MK2_20151012112051.csv,-0.6996426484857997
Kettle_2000W_r2_MK2_20151012112409.csv,-0.7603225466795266
Kettle_2000W_r2_MK2_20151012112419.csv,-0.6927522146143019
Kettle_2000W_r2_MK2_20151012112428.csv,-0.6887273172227046
Kettle_2000W_r2_MK2_20151012112438.csv,-0.5616930941740672
Kettle_2000W_r2_MK2_20151012112448.csv,-0.6613135736125211
Kettle_2000W_r2_MK2_20151012112459.csv,-0.7003959621613225
Kettle_2000W_r2_MK2_20151012112511.csv,-0.6004619304090739
Kettle_2000W_r2_MK2_20151012112523.csv,-0.6773072044985989
Kettle_2000W_r2_MK2_20151012112534.csv,-0.6673937191255389
Kettle_2000W_r2_MK2_20151012112603.csv,-0.6355249493693312
SolderingIron_80W_r1_MK2_20151012113036.csv,-0.6646752988298734
SolderingIron_80W_r1_MK2_20151012113054.csv,-8.074140705571821
SolderingIron_80W_r1_MK2_20151012113112.csv,-0.742010303431501
SolderingIron_80W_r1_MK2_20151012113132.csv,-0.6952295460738243
SolderingIron_80W_r1_MK2_20151012113221.csv,-0.680284118000418
SolderingIron_80W_r1_MK2_20151012113244.csv,-25.934656266526627
SolderingIron_80W_r1_MK2_20151012113307.csv,-0.8040434187588593
SolderingIron_80W_r1_MK2_20151012113326.csv,-0.7542677414913973
SolderingIron_80W_r1_MK2_20151012113354.csv,-0.7906565027621885
SolderingIron_80W_r1_MK2_20151012113434.csv,-0.7038245683225495
Shredder_HSMX8-230W_r1_MK2_20151012114053.csv,-1.1756806829633808
Shredder_HSMX8-230W_r1_MK2_20151012114312.csv,-1.3267471118830143
Shredder_HSMX8-230W_r1_MK2_20151012114343.csv,-1.2043176582393549
Shredder_HSMX8-230W_r1_MK2_20151012114651.csv,-1.221908057977756
Shredder_HSMX8-230W_r1_MK2_20151012114707.csv,-1.2912860911029078
Shredder_HSMX8-230W_r1_MK2_20151012114734.csv,-1.1310130788323778
Shredder_HSMX8-230W_r1_MK2_20151012114829.csv,-1.0923125465400518
Shredder_HSMX8-230W_r1_MK2_20151012114847.csv,-1.2957757070660592
Shredder_HSMX8-230W_r1_MK2_20151012114933.csv,-1.2439312084577978
Shredder_HSMX8-230W_r1_MK2_20151012114958.csv,-1.297141238612433
Monitor_FujitsuP171_r1_MK2_20151012120036.csv,6.517654212905715
Monitor_FujitsuP171_r1_MK2_20151012120109.csv,6.5232414535246805
Monitor_FujitsuP171_r1_MK2_20151012120140.csv,6.624160857219251
Monitor_FujitsuP171_r1_MK2_20151012120155.csv,6.635103991689782
Monitor_FujitsuP171_r1_MK2_20151012120205.csv,6.634421061724424
Monitor_FujitsuP171_r1_MK2_20151012120219.csv,6.65700739134724
Monitor_FujitsuP171_r1_MK2_20151012120232.csv,6.616424997864912
Monitor_FujitsuP171_r1_MK2_20151012120245.csv,6.537735626784466
Monitor_FujitsuP171_r1_MK2_20151012120258.csv,6.619001556125778
Monitor_FujitsuP171_r1_MK2_20151012120311.csv,6.693797547742727
Monitor_DellU2713H_r1_MK2_20151012121109.csv,2.5441794555013377
Monitor_DellU2713H_r1_MK2_20151012132405.csv,12.692945859270795
Monitor_DellU2713H_r1_MK2_20151012132421.csv,12.59089424110328
Monitor_DellU2713H_r1_MK2_20151012132436.csv,13.111699872743339
Monitor_DellU2713H_r1_MK2_20151012132501.csv,12.880293941435713
Monitor_DellU2713H_r1_MK2_20151012132556.csv,13.127125891298055
Monitor_DellU2713H_r1_MK2_20151012132727.csv,12.883718825907753
Monitor_DellU2713H_r1_MK2_20151012132741.csv,12.782126015393688
Monitor_DellU2713H_r1_MK2_20151012132757.csv,12.59915792355314
Monitor_DellU2713H_r1_MK2_20151012132813.csv,13.088439643724511
PowerSupply_BaseTechBT305_r1_MK2_20151016151011.csv,-12.625309138838196
PowerSupply_BaseTechBT305_r1_MK2_20151016151022.csv,-1.7021823051696066
PowerSupply_BaseTechBT305_r1_MK2_20151016151033.csv,-13.778234976281734
PowerSupply_BaseTechBT305_r1_MK2_20151016151042.csv,-20.497047638955234
PowerSupply_BaseTechBT305_r1_MK2_20151016151114.csv,-38.2764036123641
PowerSupply_BaseTechBT305_r1_MK2_20151016151256.csv,-0.17127886814996596
PowerSupply_BaseTechBT305_r1_MK2_20151016151312.csv,-0.3302596333126227
PowerSupply_BaseTechBT305_r1_MK2_20151016151340.csv,-0.2409370131169756
PowerSupply_BaseTechBT305_r1_MK2_20151016151358.csv,-0.2082500190474093
PowerSupply_BaseTechBT305_r1_MK2_20151016151458.csv,-0.2294223804337283
Kettle_Clatronic_r3_MK2_20151017001448.csv,-0.06639657697329918
Kettle_Clatronic_r3_MK2_20151017001538.csv,-0.03042004751041532
Kettle_Clatronic_r3_MK2_20151017001548.csv,-0.08103912522395451
Kettle_Clatronic_r3_MK2_20151017001604.csv,-0.04812341146171095
Kettle_Clatronic_r3_MK2_20151017001615.csv,-0.11094968443115552
Kettle_Clatronic_r3_MK2_20151017001624.csv,-0.03451839353268343
Kettle_Clatronic_r3_MK2_20151017001633.csv,0.006238536226252718
Kettle_Clatronic_r3_MK2_20151017001642.csv,-0.03504495782156787
Kettle_Clatronic_r3_MK2_20151017001651.csv,-0.116376564030846
Mixer_VEB-rg5_r3_MK2_20151017011856.csv,-0.12207222621267046
Mixer_VEB-rg5_r3_MK2_20151017011954.csv,-0.1278353713763257
Mixer_VEB-rg5_r3_MK2_20151017012037.csv,-0.220600827721258
Mixer_VEB-rg5_r3_MK2_20151017012049.csv,-0.17695050354426106
Mixer_VEB-rg5_r3_MK2_20151017012102.csv,-0.10735261710360648
Mixer_VEB-rg5_r3_MK2_20151017012120.csv,-0.08765749266992015
Mixer_VEB-rg5_r3_MK2_20151017012133.csv,-0.06650171469276152
Mixer_VEB-rg5_r3_MK2_20151017012155.csv,-0.11695172920202215
Mixer_VEB-rg5_r3_MK2_20151017012213.csv,-0.13606298627952734
Mixer_VEB-rg5_r3_MK2_20151017012249.csv,-0.11632385834430654
JigSaw_TIP_r3_MK2_20151017123321.csv,-0.06086954014996687
JigSaw_TIP_r3_MK2_20151017123405.csv,-0.11027332215259472
JigSaw_TIP_r3_MK2_20151017123426.csv,-0.0460301254875958
JigSaw_TIP_r3_MK2_20151017123444.csv,-0.11768949935212733
JigSaw_TIP_r3_MK2_20151017123502.csv,-0.060190769719580824
JigSaw_TIP_r3_MK2_20151017123523.csv,-0.05922865833466252
JigSaw_TIP_r3_MK2_20151017123538.csv,-0.05146723973254362
JigSaw_TIP_r3_MK2_20151017123552.csv,-0.034520254377275704
JigSaw_TIP_r3_MK2_20151017123607.csv,-0.13793308036401872
JigSaw_TIP_r3_MK2_20151017123627.csv,-0.09055400673920913
DrillingMachine_ProWorkSMJ500e_r3_MK2_20151017123919.csv,-0.007570572569966316
DrillingMachine_ProWorkSMJ500e_r3_MK2_20151017124000.csv,-0.09905024003237484
DrillingMachine_ProWorkSMJ500e_r3_MK2_20151017124022.csv,-0.1190236154633264
DrillingMachine_ProWorkSMJ500e_r3_MK2_20151017124103.csv,-0.1619412594474852
DrillingMachine_ProWorkSMJ500e_r3_MK2_20151017124121.csv,-0.09503678136194743
DrillingMachine_ProWorkSMJ500e_r3_MK2_20151017124201.csv,-0.07670401409268379
DrillingMachine_ProWorkSMJ500e_r3_MK2_20151017124216.csv,-0.01728292253489296
DrillingMachine_ProWorkSMJ500e_r3_MK2_20151017124235.csv,-0.11905508562922475
DrillingMachine_ProWorkSMJ500e_r3_MK2_20151017124249.csv,-0.06100417772928875
DrillingMachine_ProWorkSMJ500e_r3_MK2_20151017124307.csv,-0.0974783189284305
Iron_AFK1800W_r3_MK2_20151017124918.csv,-0.05804609159628546
Iron_AFK1800W_r3_MK2_20151017124928.csv,-0.11852841187889378
Iron_AFK1800W_r3_MK2_20151017124939.csv,-0.01624544694398841
Iron_AFK1800W_r3_MK2_20151017124950.csv,-0.19933876267944767
Iron_AFK1800W_r3_MK2_20151017125001.csv,0.0074340194153288955
Iron_AFK1800W_r3_MK2_20151017125011.csv,-0.06395038729533555
Iron_AFK1800W_r3_MK2_20151017125022.csv,-0.025751845197131255
Iron_AFK1800W_r3_MK2_20151017125126.csv,-0.09509309927622477
Iron_AFK1800W_r3_MK2_20151017125241.csv,0.005475589943428825
Iron_AFK1800W_r3_MK2_20151017125403.csv,-0.09549761405214666
Iron_Clatronic1200W_r3_MK2_20151017125552.csv,-0.07545139202848081
Iron_Clatronic1200W_r3_MK2_20151017125602.csv,0.00043012875442700703
Iron_Clatronic1200W_r3_MK2_20151017125613.csv,0.01733502618347606
Iron_Clatronic1200W_r3_MK2_20151017125622.csv,-0.014467519397536948
Iron_Clatronic1200W_r3_MK2_20151017125632.csv,-0.12165594433123862
Iron_Clatronic1200W_r3_MK2_20151017125642.csv,-0.09459225842729208
Iron_Clatronic1200W_r3_MK2_20151017125652.csv,-0.039043365543087336
Iron_Clatronic1200W_r3_MK2_20151017125703.csv,-0.05889753745868801
Iron_Clatronic1200W_r3_MK2_20151017125852.csv,-0.05286270898456375
Iron_Clatronic1200W_r3_MK2_20151017130106.csv,-0.05884056277573109
VacuumCleaner_Siemens2500W_r3_MK2_20151017131802.csv,0.029996595904231038
VacuumCleaner_Siemens2500W_r3_MK2_20151017131820.csv,-0.01727985761438809
VacuumCleaner_Siemens2500W_r3_MK2_20151017131839.csv,-0.4962124905859427
VacuumCleaner_Siemens2500W_r3_MK2_20151017131901.csv,-0.04613285505523287
VacuumCleaner_Siemens2500W_r3_MK2_20151017131935.csv,0.05824252016221479
VacuumCleaner_Siemens2500W_r3_MK2_20151017131959.csv,0.008266583178192387
VacuumCleaner_Siemens2500W_r3_MK2_20151017132023.csv,0.043441307544708284
VacuumCleaner_Siemens2500W_r3_MK2_20151017132049.csv,0.03473310216019549
VacuumCleaner_Siemens2500W_r3_MK2_20151017132113.csv,-0.03691789790367085
VacuumCleaner_Siemens2500W_r3_MK2_20151017132230.csv,-0.07530958472440642
HairDryer_RemingtonD5000_r3_MK2_20151017132922.csv,-0.2946657810670634
HairDryer_RemingtonD5000_r3_MK2_20151017132940.csv,-0.2702967075941464
HairDryer_RemingtonD5000_r3_MK2_20151017132952.csv,-0.1998247167716424
HairDryer_RemingtonD5000_r3_MK2_20151017133004.csv,-0.16465754524494208
HairDryer_RemingtonD5000_r3_MK2_20151017133029.csv,-0.1854990046781798
HairDryer_RemingtonD5000_r3_MK2_20151017133041.csv,-0.2384220816505452
HairDryer_RemingtonD5000_r3_MK2_20151017133052.csv,-0.20394232800851264
HairDryer_RemingtonD5000_r3_MK2_20151017133103.csv,-0.22889751279726625
HairDryer_RemingtonD5000_r3_MK2_20151017133117.csv,-0.2321267349335055
HairDryer_RemingtonD5000_r3_MK2_20151017133211.csv,-0.17334823679799835
FanHeater_Zhongshan_r3_MK2_20151017133341.csv,0.3303487349301577
FanHeater_Zhongshan_r3_MK2_20151017133355.csv,0.2684005069546402
FanHeater_Zhongshan_r3_MK2_20151017133410.csv,0.3185291973873973
FanHeater_Zhongshan_r3_MK2_20151017133430.csv,0.27677430761978034
FanHeater_Zhongshan_r3_MK2_20151017133502.csv,0.2536915156058967
FanHeater_Zhongshan_r3_MK2_20151017133526.csv,0.34993587564677003
FanHeater_Zhongshan_r3_MK2_20151017133549.csv,0.300281810046484
FanHeater_Zhongshan_r3_MK2_20151017133608.csv,0.30431114062666903
FanHeater_Zhongshan_r3_MK2_20151017133627.csv,0.2663187691631417
FanHeater_Zhongshan_r3_MK2_20151017133647.csv,0.3121734279518326
Toaster_Powertec-900W_r3_MK2_20151017134450.csv,0.025759726421286662
Toaster_Powertec-900W_r3_MK2_20151017134508.csv,-0.06856851099679867
Toaster_Powertec-900W_r3_MK2_20151017134516.csv,0.02637385986745356
Toaster_Powertec-900W_r3_MK2_20151017134527.csv,-0.04747217058514557
Toaster_Powertec-900W_r3_MK2_20151017134538.csv,-0.029720315213004764
Toaster_Powertec-900W_r3_MK2_20151017134549.csv,-0.02558551852901777
Toaster_Powertec-900W_r3_MK2_20151017134600.csv,-0.0728604395873845
Toaster_Powertec-900W_r3_MK2_20151017134610.csv,-0.03210509701942405
Toaster_Powertec-900W_r3_MK2_20151017134621.csv,-0.0001505094890793235
Toaster_Powertec-900W_r3_MK2_20151017134716.csv,-0.007715225871652362
HalogenFluter_300W_r3_MK2_20151017135333.csv,-0.06286266890044011
HalogenFluter_300W_r3_MK2_20151017135345.csv,-0.10048571744312844
HalogenFluter_300W_r3_MK2_20151017135355.csv,-0.02554397791003189
HalogenFluter_300W_r3_MK2_20151017135408.csv,-0.059793260476241526
HalogenFluter_300W_r3_MK2_20151017135417.csv,-0.08450106239567202
HalogenFluter_300W_r3_MK2_20151017135427.csv,-0.08828722437222801
HalogenFluter_300W_r3_MK2_20151017135437.csv,-0.07852589040994645
HalogenFluter_300W_r3_MK2_20151017135447.csv,-0.11053646747022867
HalogenFluter_300W_r3_MK2_20151017135501.csv,-0.03634596184516947
HalogenFluter_300W_r3_MK2_20151017135510.csv,-0.020955025684088482
LightBulb_Tungsten-40W_r3_MK2_20151017135738.csv,-0.039361515237639325
LightBulb_Tungsten-40W_r3_MK2_20151017135748.csv,-0.018463518967231127
LightBulb_Tungsten-40W_r3_MK2_20151017135757.csv,0.023341121027866986
LightBulb_Tungsten-40W_r3_MK2_20151017135805.csv,0.004686153990526986
LightBulb_Tungsten-40W_r3_MK2_20151017135813.csv,-0.0481603546999395
LightBulb_Tungsten-40W_r3_MK2_20151017135821.csv,-0.08295152615755794
LightBulb_Tungsten-40W_r3_MK2_20151017135829.csv,-0.080166443840911
LightBulb_Tungsten-40W_r3_MK2_20151017135837.csv,0.006820378545671693
LightBulb_Tungsten-40W_r3_MK2_20151017135845.csv,-0.14259849141041442
LightBulb_Tungsten-40W_r3_MK2_20151017135854.csv,-0.0002893613340954008
Microwave_Sharp_r3_MK2_20151017140537.csv,-0.3709677432663739
Microwave_Sharp_r3_MK2_20151017140550.csv,-0.4500014800578356
Microwave_Sharp_r3_MK2_20151017140601.csv,-0.3971934470658501
Microwave_Sharp_r3_MK2_20151017140624.csv,-0.3744314865519604
Microwave_Sharp_r3_MK2_20151017140636.csv,-0.32079833317548034
Microwave_Sharp_r3_MK2_20151017140648.csv,-0.4133800584822893
Microwave_Sharp_r3_MK2_20151017140659.csv,-0.40447717591499294
Microwave_Sharp_r3_MK2_20151017140711.csv,-0.4305204622137051
Microwave_Sharp_r3_MK2_20151017140724.csv,-0.40720468151072653
Microwave_Sharp_r3_MK2_20151017140737.csv,-0.4278039027626317
DesktopPC_300W_r3_MK2_20151017173815.csv,-6.406902215847121
DesktopPC_300W_r3_MK2_20151017173833.csv,-3.453029910692325
DesktopPC_300W_r3_MK2_20151017173853.csv,-4.135526737105101
DesktopPC_300W_r3_MK2_20151017173945.csv,-1.5785542486856383
DesktopPC_300W_r3_MK2_20151017174005.csv,-1.996799977930884
DesktopPC_300W_r3_MK2_20151017174022.csv,-2.3257311323968066
DesktopPC_300W_r3_MK2_20151017174037.csv,-1.9002910495735708
DesktopPC_300W_r3_MK2_20151017174054.csv,-3.403225718718022
DesktopPC_300W_r3_MK2_20151017174108.csv,-2.1333762289335336
DesktopPC_300W_r3_MK2_20151017174121.csv,-2.311631184536964
PowerSupply_UHS401-1_r3_MK2_20151017174741.csv,-0.11342564762259524
PowerSupply_UHS401-1_r3_MK2_20151017174752.csv,-0.15878882451603812
PowerSupply_UHS401-1_r3_MK2_20151017174802.csv,-0.10796067543948693
PowerSupply_UHS401-1_r3_MK2_20151017174812.csv,-0.1471413056366146
PowerSupply_UHS401-1_r3_MK2_20151017174822.csv,-0.15594791686162354
PowerSupply_UHS401-1_r3_MK2_20151017174831.csv,-0.06112622724225125
PowerSupply_UHS401-1_r3_MK2_20151017174841.csv,-0.08911519075433412
PowerSupply_UHS401-1_r3_MK2_20151017174849.csv,-0.12608349565416582
PowerSupply_UHS401-1_r3_MK2_20151017174857.csv,-0.1862633739598096
PowerSupply_UHS401-1_r3_MK2_20151017174906.csv,-0.06694180443882944
LaserPrinter_BrotherHL1450_r3_MK2_20151018103058.csv,5.225457238374898
LaserPrinter_BrotherHL1450_r3_MK2_20151018103121.csv,4.628660022467375
LaserPrinter_BrotherHL1450_r3_MK2_20151018103201.csv,9.025996264442801
LaserPrinter_BrotherHL1450_r3_MK2_20151018103304.csv,8.889458215485016
LaserPrinter_BrotherHL1450_r3_MK2_20151018103354.csv,10.929687131817143
LaserPrinter_BrotherHL1450_r3_MK2_20151018103532.csv,10.291606586053966
LaserPrinter_BrotherHL1450_r3_MK2_20151018103654.csv,8.846615771514672
LaserPrinter_BrotherHL1450_r3_MK2_20151018103731.csv,8.812988722541679
LaserPrinter_BrotherHL1450_r3_MK2_20151018103814.csv,8.059518900265298
LaserPrinter_BrotherHL1450_r3_MK2_20151018103857.csv,8.64019430593277
LightBulb_Halogen-30W_r3_MK2_20151018111428.csv,-0.11644032532349233
LightBulb_Halogen-30W_r3_MK2_20151018111452.csv,-0.0944478240484993
LightBulb_Halogen-30W_r3_MK2_20151018111540.csv,-0.10470091355964543
LightBulb_Halogen-30W_r3_MK2_20151018111554.csv,-0.07957338172321521
LightBulb_Halogen-30W_r3_MK2_20151018111610.csv,-0.13268079177166026
LightBulb_Halogen-30W_r3_MK2_20151018111641.csv,-0.1435392030825218
LightBulb_Halogen-30W_r3_MK2_20151018111755.csv,-0.09189370538418494
LightBulb_Halogen-30W_r3_MK2_20151018111814.csv,-0.13632706201945746
LightBulb_Halogen-30W_r3_MK2_20151018111830.csv,-0.09485737405096492
LightBulb_Halogen-30W_r3_MK2_20151018111845.csv,-0.08629770784949264
HIFI_YamahaA500_r3_MK2_20151018113750.csv,-0.1680354707563917
HIFI_YamahaA500_r3_MK2_20151018113801.csv,-0.2097545666309695
HIFI_YamahaA500_r3_MK2_20151018113813.csv,-0.22119142695640528
HIFI_YamahaA500_r3_MK2_20151018113822.csv,-0.15218693101778624
HIFI_YamahaA500_r3_MK2_20151018113831.csv,-0.22880162457004194
HIFI_YamahaA500_r3_MK2_20151018113840.csv,-0.1645391626904408
HIFI_YamahaA500_r3_MK2_20151018113849.csv,-0.14418661280845604
HIFI_YamahaA500_r3_MK2_20151018113858.csv,-0.18466769972195235
HIFI_YamahaA500_r3_MK2_20151018113907.csv,-0.2155826224324604
HIFI_YamahaA500_r3_MK2_20151018113915.csv,-0.2123722276650369
Shredder_Quigg190W_r3_MK2_20151018140535.csv,0.010328727370748964
Shredder_Quigg190W_r3_MK2_20151018140600.csv,-0.0601933967942993
Shredder_Quigg190W_r3_MK2_20151018140618.csv,-0.0202514622360468
Shredder_Quigg190W_r3_MK2_20151018140643.csv,-0.1186621737666428
Shredder_Quigg190W_r3_MK2_20151018140659.csv,-0.1424646747919421
Shredder_Quigg190W_r3_MK2_20151018141040.csv,-0.036422475396345085
Shredder_Quigg190W_r3_MK2_20151018141102.csv,-0.0913341384691497
Shredder_Quigg190W_r3_MK2_20151018141133.csv,-1.2678336477838457
Shredder_Quigg190W_r3_MK2_20151018141143.csv,-1.3768151606743535
Shredder_Quigg190W_r3_MK2_20151018141159.csv,-0.15410896455869078
Fan_HoneywellCL25AE_r5_MK2_20151022182552.csv,0.331288133064906
Fan_HoneywellCL25AE_r5_MK2_20151022182627.csv,0.48731053844094296
Fan_HoneywellCL25AE_r5_MK2_20151022182614.csv,0.3156020888437829
Fan_Krisbow50W_r5_MK2_20151022173811.csv,1.1425004556154212
Fan_Krisbow50W_r5_MK2_20151022173704.csv,1.1652939410259326
Fan_HoneywellCL25AE_r5_MK2_20151022182725.csv,0.4245911545741062
Fan_HoneywellCL25AE_r5_MK2_20151022182639.csv,0.3974831915150083
Fan_Krisbow50W_r5_MK2_20151022173907.csv,1.0433890813651188
Fan_Krisbow50W_r5_MK2_20151022173731.csv,1.2105720116446417
Fan_HoneywellCL25AE_r5_MK2_20151022182800.csv,0.3617131063404183
Fan_HoneywellCL25AE_r5_MK2_20151022182536.csv,0.4364343357893327
Fan_HoneywellCL25AE_r5_MK2_20151022182654.csv,0.231350598546366
Fan_Krisbow50W_r5_MK2_20151022173847.csv,1.1982172076279918
Fan_HoneywellCL25AE_r5_MK2_20151022182740.csv,0.4876361862445868
Fan_Krisbow50W_r5_MK2_20151022174001.csv,-2.7371626676681142
Fan_HoneywellCL25AE_r5_MK2_20151022182711.csv,0.5071418329142032
FlatIron_PhilipsA_r5_MK2_20151022183453.csv,1.148944067861885
FlatIron_PhilipsA_r5_MK2_20151022183408.csv,1.1362382209859792
Fan_Krisbow50W_r5_MK2_20151022174040.csv,1.1563326060461498
FlatIron_PhilipsA_r5_MK2_20151022183638.csv,1.181012166912357
DeepFryer_Kueche1500W_r5_MK2_20151028045634.csv,2.2091883511592947
Fan_Krisbow50W_r5_MK2_20151022174122.csv,1.2221683025670549
FlatIron_PhilipsA_r5_MK2_20151022183354.csv,1.0194139049078028
FlatIron_PhilipsA_r5_MK2_20151022183424.csv,1.185144008137286
FlatIron_PhilipsA_r5_MK2_20151022183344.csv,1.1315195569458107
Fan_Krisbow50W_r5_MK2_20151022174102.csv,1.1691452325632177
FlatIron_PhilipsA_r5_MK2_20151022183442.csv,1.1509987686760723
FlatIron_PhilipsA_r5_MK2_20151022183557.csv,1.1227294196685156
FlatIron_PhilipsA_r5_MK2_20151022183512.csv,1.1400741879207394
DeepFryer_Kueche1500W_r5_MK2_20151028045616.csv,2.223498355535169
FlatIron_PhilipsA_r5_MK2_20151022183541.csv,1.1396674839158851
Fan_Krisbow50W_r5_MK2_20151022174020.csv,1.1706070901826022
DeepFryer_Kueche1500W_r5_MK2_20151028045602.csv,2.1491671919512254
Iron_PhilipsFeatherLight_r5_MK2_20151022181410.csv,1.057104545893769
Iron_PhilipsFeatherLight_r5_MK2_20151022181514.csv,1.0761070530240735
Iron_PhilipsFeatherLight_r5_MK2_20151022181347.csv,0.9760283132394156
Iron_PhilipsFeatherLight_r5_MK2_20151022181451.csv,1.0530569899827242
Iron_PhilipsFeatherLight_r5_MK2_20151022181358.csv,1.148075381821642
DeepFryer_Kueche1500W_r5_MK2_20151028045806.csv,2.2193069672832886
Iron_PhilipsFeatherLight_r5_MK2_20151022181535.csv,1.143683350738138
Iron_PhilipsFeatherLight_r5_MK2_20151022181440.csv,1.0814896007378894
DeepFryer_Kueche1500W_r5_MK2_20151028045740.csv,2.269851501751691
Iron_PhilipsFeatherLight_r5_MK2_20151022181430.csv,1.1348958405355614
Iron_PhilipsFeatherLight_r5_MK2_20151022181503.csv,1.1035819308521848
Iron_PhilipsFeatherLight_r5_MK2_20151022181524.csv,1.0255652003611129
DeepFryer_Kueche1500W_r5_MK2_20151028045727.csv,2.114709494790683
DeepFryer_Kueche1500W_r5_MK2_20151028045900.csv,2.2109733936997755
DeepFryer_Kueche1500W_r5_MK2_20151028045649.csv,2.23900548502182
DeepFryer_Kueche1500W_r5_MK2_20151028045841.csv,2.2111555922776462
DeepFryer_Kueche1500W_r5_MK2_20151028045824.csv,2.1929635376979904
JuiceMaker_PowerJuicer_r5_MK2_20151028050612.csv,0.9957094266079368
JuiceMaker_PowerJuicer_r5_MK2_20151028050706.csv,0.9856516710482538
LEDLight_A_r4_MK2_20151028072456.csv,0.966952809970826
JuiceMaker_PowerJuicer_r5_MK2_20151028050953.csv,0.9976159166234234
JuiceMaker_PowerJuicer_r5_MK2_20151028051051.csv,0.9847159946026902
JuiceMaker_PowerJuicer_r5_MK2_20151028050746.csv,0.9417307581752542
JuiceMaker_PowerJuicer_r5_MK2_20151028050902.csv,0.9656432679543896
LEDLight_A_r4_MK2_20151028072619.csv,0.19832848825802396
JuiceMaker_PowerJuicer_r5_MK2_20151028051243.csv,1.0442930687218903
LEDLight_A_r4_MK2_20151028072826.csv,0.9495524900344512
JuiceMaker_PowerJuicer_r5_MK2_20151028051327.csv,1.0185131466637054
LEDLight_A_r4_MK2_20151028072938.csv,0.9415322498418393
JuiceMaker_PowerJuicer_r5_MK2_20151028050357.csv,0.9559564772372444
LEDLight_A_r4_MK2_20151028072653.csv,0.9134547867501775
JuiceMaker_PowerJuicer_r5_MK2_20151028050442.csv,1.0011880814718706
LEDLight_A_r4_MK2_20151028072926.csv,1.0311474604842563
LEDLight_A_r4_MK2_20151028072951.csv,-0.7094998159445823
Toaster_Electrolux_r5_MK2_20151028035340.csv,1.0467282575244703
Massage_Advance_r5_MK2_20151022185245.csv,2.219322893923769
LEDLight_A_r4_MK2_20151028073021.csv,0.9952651225961744
Massage_Advance_r5_MK2_20151022185255.csv,3.2690866815547146
Massage_Advance_r5_MK2_20151022185209.csv,2.133605058087657
Massage_Advance_r5_MK2_20151022185145.csv,3.4301015140488738
Massage_Advance_r5_MK2_20151022185221.csv,1.7431563517078752
Toaster_Electrolux_r5_MK2_20151028035355.csv,1.0280434075122078
Massage_Advance_r5_MK2_20151022185158.csv,3.5267465577150388
Massage_Advance_r5_MK2_20151022185101.csv,1.7805611888567603
Massage_Advance_r5_MK2_20151022185118.csv,1.3909367819006244
Toaster_Electrolux_r5_MK2_20151028035348.csv,0.9539339033576348
LEDLight_A_r4_MK2_20151028073010.csv,0.9822553012830516
Massage_Advance_r5_MK2_20151022185233.csv,1.274270418689897
LEDLight_A_r4_MK2_20151028073001.csv,-1.5216079709740982
Massage_Advance_r5_MK2_20151022185133.csv,3.4830271633652345
Toaster_Electrolux_r5_MK2_20151028035446.csv,1.0145165450560552
Treadmill_Shaga_r5_MK2_20151028054447.csv,6.208045685570687
Treadmill_Shaga_r5_MK2_20151028054258.csv,43.418093344227714
Treadmill_Shaga_r5_MK2_20151028054231.csv,37.569449924398214
Toaster_Electrolux_r5_MK2_20151028035402.csv,1.0685852455285691
Treadmill_Shaga_r5_MK2_20151028054647.csv,6.057113948961098
Treadmill_Shaga_r5_MK2_20151028054412.csv,6.181087301578372
Toaster_Electrolux_r5_MK2_20151028035409.csv,0.9999997132768234
Treadmill_Shaga_r5_MK2_20151028054333.csv,64.80229136335353
Treadmill_Shaga_r5_MK2_20151028054606.csv,6.306769894684355
Treadmill_Shaga_r5_MK2_20151028054625.csv,5.929368062317373
Toaster_Electrolux_r5_MK2_20151028035417.csv,0.976493414926032
Toaster_Electrolux_r5_MK2_20151028035431.csv,1.062477023154497
Treadmill_Shaga_r5_MK2_20151028054200.csv,27.516682030260558
Treadmill_Shaga_r5_MK2_20151028054534.csv,6.376194722577932
Toaster_Electrolux_r5_MK2_20151028035439.csv,0.9513838347668448
Toaster_Electrolux_r5_MK2_20151028035424.csv,1.007909178485473
VacuumCleaner_Maximus_r5_MK2_20151029045214.csv,-0.2598921234409015
VacuumCleaner_Maximus_r5_MK2_20151029045228.csv,-0.2988560747044783
VacuumCleaner_Maximus_r5_MK2_20151029045245.csv,-0.2537939715199172
VacuumCleaner_Maximus_r5_MK2_20151029045257.csv,-0.296995065920055
VacuumCleaner_Maximus_r5_MK2_20151029045310.csv,-0.18816460982585956
VacuumCleaner_Maximus_r5_MK2_20151029045321.csv,-0.2537929863668978
VacuumCleaner_Maximus_r5_MK2_20151029045335.csv,-0.2795817200715344
VacuumCleaner_Maximus_r5_MK2_20151029045349.csv,-0.23373395735397945
VacuumCleaner_Maximus_r5_MK2_20151029045402.csv,-0.2371579661344489
VacuumCleaner_Maximus_r5_MK2_20151029045416.csv,-0.2904663473988574
Charger_Patona_r5_MK2_20151028180120.csv,-1.5606296084200346
Charger_Patona_r5_MK2_20151028180135.csv,-2.701869670208544
Charger_Blackberry_r5_MK2_20151028181112.csv,0.20815900185455874
Charger_Blackberry_r5_MK2_20151028181319.csv,1.4310307584082091
Charger_Blackberry_r5_MK2_20151028181334.csv,0.2820597630304597
Charger_Blackberry_r5_MK2_20151028181030.csv,0.19649172518402352
Charger_Blackberry_r5_MK2_20151028181020.csv,0.20669068600982404
Charger_Blackberry_r5_MK2_20151028181212.csv,-0.3252241878459852
Charger_Blackberry_r5_MK2_20151028181823.csv,1.264951473164062
Charger_Blackberry_r5_MK2_20151028181408.csv,0.2682190746068952
Charger_Patona_r5_MK2_20151028180145.csv,-0.19283166279395472
Charger_Blackberry_r5_MK2_20151028181102.csv,0.2303802228222297
Charger_Blackberry_r5_MK2_20151028181201.csv,0.09869585859899696
Charger_Patona_r5_MK2_20151028180203.csv,-0.11169062896321218
Charger_Patona_r5_MK2_20151028180221.csv,-2.058921592837821
Charger_Patona_r5_MK2_20151028180248.csv,-2.473247726603102
Charger_Patona_r5_MK2_20151028180154.csv,-2.3508542310446505
Charger_Patona_r5_MK2_20151028180230.csv,-4.234363636778047
Charger_Patona_r5_MK2_20151028180239.csv,-0.15471149509151766
Charger_Patona_r5_MK2_20151028180212.csv,-0.13840595381334428
HairDryer_PhilipsSalonDryTravel_r5_MK2_20151029041613.csv,-0.0907299660146236
HairDryer_PhilipsSalonDryTravel_r5_MK2_20151029041635.csv,-0.09570340157176054
HairDryer_PhilipsSalonDryTravel_r5_MK2_20151029041604.csv,-0.17053726684923
HairDryer_PhilipsSalonDryTravel_r5_MK2_20151029041538.csv,-0.07703809042771617
HairDryer_PhilipsSalonDryTravel_r5_MK2_20151029041452.csv,-0.07445901455357656
HairDryer_PhilipsSalonDryTravel_r5_MK2_20151029041530.csv,-0.1540452032660448
HairDryer_PhilipsSalonDryTravel_r5_MK2_20151029041507.csv,-0.17413110506410415
HairDryer_PhilipsSalonDryTravel_r5_MK2_20151029041626.csv,-0.15054079505304516
HairDryer_PhilipsSalonDryTravel_r5_MK2_20151029041556.csv,-0.0512848769625027
HairDryer_PhilipsSalonDryTravel_r5_MK2_20151029041517.csv,-0.21487232710545304
Charger_SamsungTravelAdapter1A_r5_MK2_20151030054420.csv,-0.37571733016520736
Charger_SamsungTravelAdapter1A_r5_MK2_20151030054433.csv,-0.4684909961186348
Charger_SamsungTravelAdapter1A_r5_MK2_20151030054442.csv,-0.3381613267585635
Charger_SamsungTravelAdapter1A_r5_MK2_20151030054452.csv,-0.3336930557775
Charger_SamsungTravelAdapter1A_r5_MK2_20151030054503.csv,-0.9831801957761248
Charger_SamsungTravelAdapter1A_r5_MK2_20151030054513.csv,-0.3481588237918913
Charger_SamsungTravelAdapter1A_r5_MK2_20151030054524.csv,-1.1217575114841267
Charger_SamsungTravelAdapter1A_r5_MK2_20151030054533.csv,-1.4678087098523975
Charger_SamsungTravelAdapter1A_r5_MK2_20151030054542.csv,-1.2664518612126514
Charger_SamsungTravelAdapter1A_r5_MK2_20151030054552.csv,-0.5775741986930369
MosquitoRepellent_Baygon3W_r5_MK2_20151030054959.csv,-0.390650662748764
MosquitoRepellent_Baygon3W_r5_MK2_20151030055010.csv,-0.26690395005668205
MosquitoRepellent_Baygon3W_r5_MK2_20151030055021.csv,-0.19625446749851108
MosquitoRepellent_Baygon3W_r5_MK2_20151030055031.csv,-0.2525929605277876
MosquitoRepellent_Baygon3W_r5_MK2_20151030055042.csv,-0.2649325494033595
MosquitoRepellent_Baygon3W_r5_MK2_20151030055053.csv,-0.2802953539726636
MosquitoRepellent_Baygon3W_r5_MK2_20151030055104.csv,-0.1990604569514593
MosquitoRepellent_Baygon3W_r5_MK2_20151030055120.csv,-0.2243103119544684
MosquitoRepellent_Baygon3W_r5_MK2_20151030055132.csv,-0.2403964924936493
MosquitoRepellent_Baygon3W_r5_MK2_20151030055143.csv,-0.2592441664077342
WaterHeater_Daalderop_r5_MK2_20151030061122.csv,0.7394123454578221
WaterHeater_Daalderop_r5_MK2_20151030061133.csv,0.7754389535325269
WaterHeater_Daalderop_r5_MK2_20151030061142.csv,0.7339599613410732
WaterHeater_Daalderop_r5_MK2_20151030061153.csv,0.7050043985247613
WaterHeater_Daalderop_r5_MK2_20151030061201.csv,0.7642099057634673
WaterHeater_Daalderop_r5_MK2_20151030061210.csv,0.6791522866425418
WaterHeater_Daalderop_r5_MK2_20151030061220.csv,0.7158281652877729
WaterHeater_Daalderop_r5_MK2_20151030061233.csv,0.8137855422372622
WaterHeater_Daalderop_r5_MK2_20151030061243.csv,0.7953228989616037
WaterHeater_Daalderop_r5_MK2_20151030061253.csv,0.8213579756518206
WaterPump_Grundfos_r5_MK2_20151030062017.csv,1.16501109264791
WaterPump_Grundfos_r5_MK2_20151030062240.csv,1.2185441982621952
WaterPump_Grundfos_r5_MK2_20151030062308.csv,1.2019718994386497
WaterPump_Grundfos_r5_MK2_20151030062338.csv,1.1869672527226307
WaterPump_Grundfos_r5_MK2_20151030062404.csv,1.1709603770015142
WaterPump_Grundfos_r5_MK2_20151030062604.csv,1.320341373297076
WaterPump_Grundfos_r5_MK2_20151030062627.csv,1.232266887246321
WaterPump_Grundfos_r5_MK2_20151030062650.csv,1.2857687416176002
WaterPump_Grundfos_r5_MK2_20151030062713.csv,1.3142791247305772
WaterPump_Grundfos_r5_MK2_20151030062740.csv,1.175229811264823
AC_Electrolux_r5_MK2_20151031065948.csv,25.981103713779397
AC_Electrolux_r5_MK2_20151031070257.csv,24.00812161620707
AC_Electrolux_r5_MK2_20151031070606.csv,24.43944114698097
AC_Electrolux_r5_MK2_20151031070919.csv,24.888114202922825
AC_Electrolux_r5_MK2_20151031071229.csv,24.149149281128008
AC_Electrolux_r5_MK2_20151031071715.csv,24.093077600374823
AC_Electrolux_r5_MK2_20151031072145.csv,23.79317813916132
AC_Electrolux_r5_MK2_20151031072511.csv,23.83986109271645
AC_Electrolux_r5_MK2_20151031072816.csv,24.741721668311712
AC_Electrolux_r5_MK2_20151031073129.csv,23.108626119357854
Charger_Asus_r5_MK2_20151101065144.csv,-0.13703681003923218
Charger_Asus_r5_MK2_20151101065154.csv,-0.20584985790774227
Charger_Asus_r5_MK2_20151101065202.csv,-0.16151906664793692
Charger_Asus_r5_MK2_20151101065212.csv,-0.9935959997276465
Charger_Asus_r5_MK2_20151101065221.csv,-0.928290096608301
Charger_Asus_r5_MK2_20151101065230.csv,-1.10694371080026
Charger_Asus_r5_MK2_20151101065239.csv,-0.8044593722559511
Charger_Asus_r5_MK2_20151101065248.csv,-0.8333614084248743
Charger_Asus_r5_MK2_20151101065258.csv,-0.12302552595113712
Charger_Asus_r5_MK2_20151101065310.csv,-0.3125709919258952
Massage_InfraTrumper_r5_MK2_20151101070202.csv,-0.4026833217280607
Massage_InfraTrumper_r5_MK2_20151101070428.csv,-0.4307339667653045
Massage_InfraTrumper_r5_MK2_20151101070458.csv,-0.11761358783890805
Massage_InfraTrumper_r5_MK2_20151101070509.csv,-0.19810879913469168
Massage_InfraTrumper_r5_MK2_20151101070521.csv,-0.1871535691743096
Massage_InfraTrumper_r5_MK2_20151101070530.csv,-0.1895098362738888
Massage_InfraTrumper_r5_MK2_20151101070555.csv,-0.11919875377789133
Massage_InfraTrumper_r5_MK2_20151101070606.csv,-0.20163843821113325
Massage_InfraTrumper_r5_MK2_20151101070626.csv,-0.13623440290490788
Massage_InfraTrumper_r5_MK2_20151101070634.csv,-0.19638943346217272
Massage_SumoFootTherapy_r5_MK2_20151101144454.csv,0.13290485935285695
Massage_SumoFootTherapy_r5_MK2_20151101144512.csv,0.1981216608546675
Massage_SumoFootTherapy_r5_MK2_20151101144532.csv,0.16876442926004526
Massage_SumoFootTherapy_r5_MK2_20151101144543.csv,0.14278583467627556
Massage_SumoFootTherapy_r5_MK2_20151101144648.csv,0.13690370492016282
Massage_SumoFootTherapy_r5_MK2_20151101144700.csv,0.15867126292238634
Massage_SumoFootTherapy_r5_MK2_20151101144712.csv,0.0335081738419832
Massage_SumoFootTherapy_r5_MK2_20151101144730.csv,0.1721537387619416
Massage_SumoFootTherapy_r5_MK2_20151101144747.csv,0.19358070747305933
Massage_SumoFootTherapy_r5_MK2_20151101144800.csv,0.08642211078355708
LEDLight_MH300_r4_MK2_20151102025950.csv,-0.7750991852022702
LEDLight_MH300_r4_MK2_20151102030320.csv,-0.7010185241388781
LEDLight_MH300_r4_MK2_20151102030335.csv,-2.7173337266159563
LEDLight_MH300_r4_MK2_20151102030348.csv,-1.009835699945688
LEDLight_MH300_r4_MK2_20151102030439.csv,-1.5588618060573938
LEDLight_MH300_r4_MK2_20151102030452.csv,-1.408200712874532
LEDLight_MH300_r4_MK2_20151102031050.csv,-1.3679820050485432
LEDLight_MH300_r4_MK2_20151102031305.csv,-1.4039646643524368
LEDLight_MH300_r4_MK2_20151102031319.csv,-2.6740216930396863
LEDLight_MH300_r4_MK2_20151102031331.csv,-0.19533482715487469
LEDLight_EcoBay_r4_MK2_20151102032135.csv,-0.15104409878452615
LEDLight_EcoBay_r4_MK2_20151102032144.csv,-4.4880275133686744
LEDLight_EcoBay_r4_MK2_20151102032203.csv,-0.13763600199793782
LEDLight_EcoBay_r4_MK2_20151102032216.csv,-0.1982063292836149
LEDLight_EcoBay_r4_MK2_20151102032231.csv,-0.1762679566939672
LEDLight_EcoBay_r4_MK2_20151102032411.csv,-0.09927934284011516
LEDLight_EcoBay_r4_MK2_20151102032423.csv,-0.8433840268601973
LEDLight_EcoBay_r4_MK2_20151102032435.csv,-0.16830463645358887
LEDLight_EcoBay_r4_MK2_20151102032448.csv,-0.4499547400201362
LEDLight_EcoBay_r4_MK2_20151102032830.csv,-0.20304704283674566
LEDLight_HighBay_r4_MK2_20151102033241.csv,-0.24984361737345664
LEDLight_HighBay_r4_MK2_20151102033302.csv,-0.21703293186922867
LEDLight_HighBay_r4_MK2_20151102033313.csv,-1.920449524310728
LEDLight_HighBay_r4_MK2_20151102033323.csv,-0.200994148136427
LEDLight_HighBay_r4_MK2_20151102033332.csv,-1.9935647354150812
LEDLight_HighBay_r4_MK2_20151102033342.csv,-1.4023033679773411
LEDLight_HighBay_r4_MK2_20151102033353.csv,-0.18415005654096606
LEDLight_HighBay_r4_MK2_20151102033601.csv,-1.3415106150321667
LEDLight_HighBay_r4_MK2_20151102033630.csv,-0.18712904981027045
LEDLight_HighBay_r4_MK2_20151102033642.csv,-0.2353114062609772
LEDLight_EcoBayHB100_r4_MK2_20151102034730.csv,-0.7810304084171852
LEDLight_EcoBayHB100_r4_MK2_20151102034751.csv,-0.9583124706832076
LEDLight_EcoBayHB100_r4_MK2_20151102034812.csv,-0.9665096553042531
LEDLight_EcoBayHB100_r4_MK2_20151102034825.csv,-0.8348706081199148
LEDLight_EcoBayHB100_r4_MK2_20151102034840.csv,-0.9367926786653696
LEDLight_EcoBayHB100_r4_MK2_20151102034853.csv,-0.7768991692302125
LEDLight_EcoBayHB100_r4_MK2_20151102034905.csv,-0.8712699324203033
LEDLight_EcoBayHB100_r4_MK2_20151102034917.csv,-0.8368964111121994
LEDLight_EcoBayHB100_r4_MK2_20151102034929.csv,-0.7955552308820188
LEDLight_EcoBayHB100_r4_MK2_20151102034941.csv,-0.844509837838511
LEDLight_SL0211VS_r4_MK2_20151102035447.csv,-0.2368526781598727
LEDLight_SL0211VS_r4_MK2_20151102035544.csv,-0.2136422540992498
LEDLight_SL0211VS_r4_MK2_20151102035733.csv,-0.2561453128543993
LEDLight_SL0211VS_r4_MK2_20151102035744.csv,-0.19479496330022808
LEDLight_SL0211VS_r4_MK2_20151102035812.csv,-0.2804187170229852
LEDLight_SL0211VS_r4_MK2_20151102035826.csv,-0.1908368921217819
LEDLight_SL0211VS_r4_MK2_20151102035845.csv,-0.2005322208317617
LEDLight_SL0211VS_r4_MK2_20151102035905.csv,-0.1652795599152644
LEDLight_SL0211VS_r4_MK2_20151102035929.csv,-0.1900765181829532
LEDLight_SL0211VS_r4_MK2_20151102035948.csv,-0.22760532042011625
PowerSupply_HaoxinRXN3010d_r4_MK2_20151102040731.csv,-0.21316812184328834
PowerSupply_HaoxinRXN3010d_r4_MK2_20151102040741.csv,-0.11911808069174493
PowerSupply_HaoxinRXN3010d_r4_MK2_20151102040752.csv,-0.21061476940910026
PowerSupply_HaoxinRXN3010d_r4_MK2_20151102040809.csv,-0.1668432166799904
PowerSupply_HaoxinRXN3010d_r4_MK2_20151102040832.csv,-0.2390251594906052
PowerSupply_HaoxinRXN3010d_r4_MK2_20151102040845.csv,-0.2501660360644261
PowerSupply_HaoxinRXN3010d_r4_MK2_20151102040855.csv,-0.2322255238890648
PowerSupply_HaoxinRXN3010d_r4_MK2_20151102040905.csv,-0.21235164891307556
PowerSupply_HaoxinRXN3010d_r4_MK2_20151102040918.csv,-0.20210080336158476
PowerSupply_HaoxinRXN3010d_r4_MK2_20151102040932.csv,-0.20626898578678565
PowerSupply_AlincoDM340MV_r4_MK2_20151102041158.csv,-0.1836953536917766
PowerSupply_AlincoDM340MV_r4_MK2_20151102041210.csv,-0.151827733280758
PowerSupply_AlincoDM340MV_r4_MK2_20151102041218.csv,-0.15740216691046952
PowerSupply_AlincoDM340MV_r4_MK2_20151102041227.csv,-0.14480589094261334
PowerSupply_AlincoDM340MV_r4_MK2_20151102041236.csv,-0.233772378321737
PowerSupply_AlincoDM340MV_r4_MK2_20151102041243.csv,-0.17034620189418398
PowerSupply_AlincoDM340MV_r4_MK2_20151102041252.csv,-0.14630075118814914
PowerSupply_AlincoDM340MV_r4_MK2_20151102041300.csv,-0.11947021816546716
PowerSupply_AlincoDM340MV_r4_MK2_20151102041310.csv,-0.17816366475696369
PowerSupply_AlincoDM340MV_r4_MK2_20151102041318.csv,-0.15134205284217986
Desoldering_Dekko850AD_r4_MK2_20151102041551.csv,-0.14320534567038212
Desoldering_Dekko850AD_r4_MK2_20151102041613.csv,-0.18592125220845152
Desoldering_Dekko850AD_r4_MK2_20151102041645.csv,-0.09027980581546817
Desoldering_Dekko850AD_r4_MK2_20151102041722.csv,-0.15734064957747854
Desoldering_Dekko850AD_r4_MK2_20151102041800.csv,-0.14935324781884748
Desoldering_Dekko850AD_r4_MK2_20151102041837.csv,-0.10831511160358788
Desoldering_Dekko850AD_r4_MK2_20151102041915.csv,-0.1124884387167791
Desoldering_Dekko850AD_r4_MK2_20151102041952.csv,-0.12312770821154125
Desoldering_Dekko850AD_r4_MK2_20151102042035.csv,-0.10018836542343104
Desoldering_Dekko850AD_r4_MK2_20151102042110.csv,-0.08461572326098879
SolderingIron_TaiyoKX40R_r4_MK2_20151102042428.csv,-0.17561967127646014
SolderingIron_TaiyoKX40R_r4_MK2_20151102042449.csv,-0.24898642478510746
SolderingIron_TaiyoKX40R_r4_MK2_20151102042459.csv,-0.17535318738470473
SolderingIron_TaiyoKX40R_r4_MK2_20151102042509.csv,-0.19008954409509896
SolderingIron_TaiyoKX40R_r4_MK2_20151102042519.csv,-0.1592963972439368
SolderingIron_TaiyoKX40R_r4_MK2_20151102042529.csv,-0.1924168586420516
SolderingIron_TaiyoKX40R_r4_MK2_20151102042537.csv,-0.2616415910112361
SolderingIron_TaiyoKX40R_r4_MK2_20151102042552.csv,-0.14506761326144138
SolderingIron_TaiyoKX40R_r4_MK2_20151102042602.csv,-0.2405329361868401
SolderingIron_TaiyoKX40R_r4_MK2_20151102042614.csv,-0.1825139910293123
LEDLight_FL0301M_r4_MK2_20151102044934.csv,-0.231197078867505
LEDLight_FL0301M_r4_MK2_20151102044944.csv,-0.1975537201389671
LEDLight_FL0301M_r4_MK2_20151102044953.csv,-0.19315627071385588
LEDLight_FL0301M_r4_MK2_20151102045001.csv,-0.1987592737811308
LEDLight_FL0301M_r4_MK2_20151102045009.csv,-0.1916928806342184
LEDLight_FL0301M_r4_MK2_20151102045016.csv,-0.24268713745598994
LEDLight_FL0301M_r4_MK2_20151102045024.csv,-0.20333448859552533
LEDLight_FL0301M_r4_MK2_20151102045032.csv,-0.2492221500103672
LEDLight_FL0301M_r4_MK2_20151102045039.csv,-0.2538142218875389
LEDLight_FL0301M_r4_MK2_20151102045045.csv,-0.22675234209746126
LEDLight_FLRGB_r4_MK2_20151102050438.csv,-0.22119372564678388
LEDLight_FLRGB_r4_MK2_20151102050450.csv,-0.8316940369394921
LEDLight_FLRGB_r4_MK2_20151102050500.csv,-0.3843982796495159
LEDLight_FLRGB_r4_MK2_20151102050513.csv,-0.38592400802299387
LEDLight_FLRGB_r4_MK2_20151102050529.csv,-2.8900897222571085
LEDLight_FLRGB_r4_MK2_20151102050542.csv,-3.1177340656829386
LEDLight_FLRGB_r4_MK2_20151102050559.csv,-0.30231751929968603
LEDLight_FLRGB_r4_MK2_20151102050610.csv,-0.33843038299431416
LEDLight_FLRGB_r4_MK2_20151102050621.csv,-4.161993529740721
LEDLight_FLRGB_r4_MK2_20151102050631.csv,-0.3420725484378636
Fan_Cyclone3000_r4_MK2_20151102052001.csv,0.004316721608241375
Fan_Cyclone3000_r4_MK2_20151102052012.csv,-0.051664106144259335
Fan_Cyclone3000_r4_MK2_20151102052023.csv,0.017728923199077432
Fan_Cyclone3000_r4_MK2_20151102052041.csv,0.003289590124040792
Fan_Cyclone3000_r4_MK2_20151102052054.csv,-0.10346000387022902
Fan_Cyclone3000_r4_MK2_20151102051929.csv,-0.1167712272765736
Fan_Cyclone3000_r4_MK2_20151102051951.csv,0.008169600336501881
Fan_Cyclone3000_r4_MK2_20151102052106.csv,-0.09842833482349904
Fan_Cyclone3000_r4_MK2_20151102051942.csv,0.013548481091856895
Fan_Cyclone3000_r4_MK2_20151102052118.csv,0.022188273072242897
BenchGrinder_KinFujiKBG2080_r4_MK2_20151102052641.csv,-0.057310948520898825
BenchGrinder_KinFujiKBG2080_r4_MK2_20151102052742.csv,-0.027760681665192025
BenchGrinder_KinFujiKBG2080_r4_MK2_20151102052858.csv,-0.060728006499509025
BenchGrinder_KinFujiKBG2080_r4_MK2_20151102052915.csv,-0.042419047094881465
BenchGrinder_KinFujiKBG2080_r4_MK2_20151102052941.csv,-0.03364324926709135
BenchGrinder_KinFujiKBG2080_r4_MK2_20151102052958.csv,-0.10383720801522356
BenchGrinder_KinFujiKBG2080_r4_MK2_20151102053025.csv,-0.053904946148395576
BenchGrinder_KinFujiKBG2080_r4_MK2_20151102053055.csv,-0.061946367130925176
BenchGrinder_KinFujiKBG2080_r4_MK2_20151102053246.csv,-0.07529623042792083
BenchGrinder_KinFujiKBG2080_r4_MK2_20151102053347.csv,-0.113893102730314
LEDLight_IceCube_r4_MK2_20151102063558.csv,-0.13134054581945134
LEDLight_IceCube_r4_MK2_20151102063608.csv,-0.2150800849311056
LEDLight_IceCube_r4_MK2_20151102063619.csv,-0.13777928703154124
LEDLight_IceCube_r4_MK2_20151102063630.csv,-0.14359623249620193
LEDLight_IceCube_r4_MK2_20151102063639.csv,-0.13135696503644193
LEDLight_IceCube_r4_MK2_20151102063707.csv,-0.12704073600471022
LEDLight_IceCube_r4_MK2_20151102063720.csv,-0.04926903496185942
LEDLight_IceCube_r4_MK2_20151102063730.csv,-0.1780057118895153
LEDLight_IceCube_r4_MK2_20151102063740.csv,-0.13522598932807645
LEDLight_IceCube_r4_MK2_20151102063753.csv,-0.10056228572502726
GameConsole_PS3_r2_MK2_20151115001145.csv,-2.3744384112146992
GameConsole_PS3_r2_MK2_20151115001221.csv,-2.041886217364421
GameConsole_PS3_r2_MK2_20151115001301.csv,-2.1385264994576576
GameConsole_PS3_r2_MK2_20151115001413.csv,-1.8523275612853467
GameConsole_PS3_r2_MK2_20151115001510.csv,-1.912849944457412
GameConsole_PS3_r2_MK2_20151115001620.csv,-2.080791333100448
GameConsole_PS3_r2_MK2_20151115001735.csv,-2.1220778373380504
GameConsole_PS3_r2_MK2_20151115001938.csv,-2.2232384393302103
GameConsole_PS3_r2_MK2_20151115002129.csv,-2.0839656055904925
GameConsole_PS3_r2_MK2_20151115002346.csv,-1.9957957238890232
GameConsole_WII_r2_MK2_20151115004217.csv,2.0861232548952096
GameConsole_WII_r2_MK2_20151115004234.csv,10.008128366867703
GameConsole_WII_r2_MK2_20151115004310.csv,7.985331733214358
GameConsole_WII_r2_MK2_20151115004335.csv,9.549117990831537
GameConsole_WII_r2_MK2_20151115004401.csv,8.889773136066896
GameConsole_WII_r2_MK2_20151115004429.csv,7.953269818735621
GameConsole_WII_r2_MK2_20151115004457.csv,9.647204970133801
GameConsole_WII_r2_MK2_20151115004520.csv,9.764806845597924
GameConsole_WII_r2_MK2_20151115004549.csv,9.635104335596164
GameConsole_WII_r2_MK2_20151115004611.csv,5.263154392316936
GameConsole_PS1_r2_MK2_20151115005043.csv,3.7975964834603166
GameConsole_PS1_r2_MK2_20151115005055.csv,1.9714977456256744
GameConsole_PS1_r2_MK2_20151115005107.csv,1.5675074542251726
GameConsole_PS1_r2_MK2_20151115005118.csv,1.7171837775036691
GameConsole_PS1_r2_MK2_20151115005130.csv,4.848383680886278
GameConsole_PS1_r2_MK2_20151115005142.csv,3.9197377798457937
GameConsole_PS1_r2_MK2_20151115005154.csv,3.820276183697084
GameConsole_PS1_r2_MK2_20151115005207.csv,2.2216124990023665
GameConsole_PS1_r2_MK2_20151115005220.csv,2.937013764648388
GameConsole_PS1_r2_MK2_20151115005233.csv,2.4346879070003835
GameConsole_SegaMegaDrive_r2_MK2_20151115010518.csv,1.6898540455537538
GameConsole_SegaMegaDrive_r2_MK2_20151115010629.csv,1.6055139462153118
GameConsole_SegaMegaDrive_r2_MK2_20151115010734.csv,1.6758554042627416
GameConsole_SegaMegaDrive_r2_MK2_20151115010810.csv,1.6059171474538747
GameConsole_SegaMegaDrive_r2_MK2_20151115010833.csv,1.673330292881777
GameConsole_SegaMegaDrive_r2_MK2_20151115010908.csv,1.6565543957675501
GameConsole_SegaMegaDrive_r2_MK2_20151115010946.csv,1.6188422456073268
GameConsole_SegaMegaDrive_r2_MK2_20151115011008.csv,1.6976729314153396
GameConsole_SegaMegaDrive_r2_MK2_20151115011028.csv,1.7540913313006359
GameConsole_SegaMegaDrive_r2_MK2_20151115011056.csv,1.625178147790333
TV_Fujitsu_r2_MK2_20151115123924.csv,-0.5805396187429627
TV_Fujitsu_r2_MK2_20151115123943.csv,-0.4369544965835909
TV_Fujitsu_r2_MK2_20151115124003.csv,-0.6303658671987554
TV_Fujitsu_r2_MK2_20151115124024.csv,-0.4891206476526955
TV_Fujitsu_r2_MK2_20151115124043.csv,-0.3569043555296958
TV_Fujitsu_r2_MK2_20151115124110.csv,-0.3253575118879476
TV_Fujitsu_r2_MK2_20151115124132.csv,-0.5639659516513347
TV_Fujitsu_r2_MK2_20151115124159.csv,-0.5196617595230538
TV_Fujitsu_r2_MK2_20151115124227.csv,-0.5454655989073218
TV_Fujitsu_r2_MK2_20151115124255.csv,-0.5200446009325486
WashingMachine_Privileg_r2_MK2_20151115132244.csv,-0.9894727512262762
WashingMachine_Privileg_r2_MK2_20151115132324.csv,-1.013761917843173
WashingMachine_Privileg_r2_MK2_20151115132341.csv,-1.028628916790088
WashingMachine_Privileg_r2_MK2_20151115132402.csv,-1.0081432617890338
WashingMachine_Privileg_r2_MK2_20151115132423.csv,-1.0059928369397921
WashingMachine_Privileg_r2_MK2_20151115132448.csv,-1.050114666298032
WashingMachine_Privileg_r2_MK2_20151115132508.csv,-1.1023148051463068
WashingMachine_Privileg_r2_MK2_20151115132526.csv,-1.0635351322280866
WashingMachine_Privileg_r2_MK2_20151115132539.csv,-1.0374505242332817
WashingMachine_Privileg_r2_MK2_20151115132554.csv,-1.003056916749726
GuitarAmp_Marshall8240_r2_MK2_20151115133402.csv,-0.2058149944369992
GuitarAmp_Marshall8240_r2_MK2_20151115133529.csv,-0.258011302134643
GuitarAmp_Marshall8240_r2_MK2_20151115133553.csv,-0.18676399588584905
GuitarAmp_Marshall8240_r2_MK2_20151115133650.csv,-0.2338065302930772
GuitarAmp_Marshall8240_r2_MK2_20151115133713.csv,-0.21898971941942968
GuitarAmp_Marshall8240_r2_MK2_20151115133742.csv,-0.25856183848033343
GuitarAmp_Marshall8240_r2_MK2_20151115134807.csv,-0.1764366367831826
GuitarAmp_Marshall8240_r2_MK2_20151115134820.csv,-0.24991930996378264
GuitarAmp_Marshall8240_r2_MK2_20151115134835.csv,-0.17262956767032545
GuitarAmp_Marshall8240_r2_MK2_20151115134900.csv,-0.1844875261808435
ShoeWarmer_Enka_r3_MK2_20151121185158.csv,-0.18612118354067209
ShoeWarmer_Enka_r3_MK2_20151121185211.csv,-0.14367608462149895
ShoeWarmer_Enka_r3_MK2_20151121185221.csv,-0.1820294052052001
ShoeWarmer_Enka_r3_MK2_20151121185231.csv,-0.2835666640351215
ShoeWarmer_Enka_r3_MK2_20151121185240.csv,-0.2208861937125524
ShoeWarmer_Enka_r3_MK2_20151121185306.csv,-0.2742578984238208
ShoeWarmer_Enka_r3_MK2_20151121185319.csv,-0.2691902165611586
ShoeWarmer_Enka_r3_MK2_20151121185333.csv,-0.20161742161338528
ShoeWarmer_Enka_r3_MK2_20151121185346.csv,-0.24262211735670766
ShoeWarmer_Enka_r3_MK2_20151121185356.csv,-0.2262288427290817
SewingMachine_Veritas_r3_MK2_20151121190301.csv,15.669570163947848
SewingMachine_Veritas_r3_MK2_20151121190321.csv,15.690342334285376
SewingMachine_Veritas_r3_MK2_20151121190344.csv,15.606168944730115
SewingMachine_Veritas_r3_MK2_20151121190412.csv,15.515709676872945
SewingMachine_Veritas_r3_MK2_20151121190429.csv,15.405866100359711
SewingMachine_Veritas_r3_MK2_20151121190506.csv,15.46723976520201
SewingMachine_Veritas_r3_MK2_20151121190536.csv,15.32007903015862
SewingMachine_Veritas_r3_MK2_20151121190552.csv,15.52441432476044
SewingMachine_Veritas_r3_MK2_20151121190609.csv,15.60587235894054
SewingMachine_Veritas_r3_MK2_20151121190647.csv,15.547625131936126
Kettle_AlaskaWK2209N_r3_MK2_20151122120437.csv,-0.2870136597193778
Kettle_AlaskaWK2209N_r3_MK2_20151122120449.csv,-0.15845775837078693
Kettle_AlaskaWK2209N_r3_MK2_20151122120457.csv,-0.14694941972071934
Kettle_AlaskaWK2209N_r3_MK2_20151122120505.csv,-0.1466781195253134
Kettle_AlaskaWK2209N_r3_MK2_20151122120513.csv,-0.14697459585343806
Kettle_AlaskaWK2209N_r3_MK2_20151122120522.csv,-0.245115430187434
Kettle_AlaskaWK2209N_r3_MK2_20151122120532.csv,-0.09842833482349916
Kettle_AlaskaWK2209N_r3_MK2_20151122120541.csv,-0.18715285767490664
Kettle_AlaskaWK2209N_r3_MK2_20151122120549.csv,-0.1498977637849748
Kettle_AlaskaWK2209N_r3_MK2_20151122120558.csv,-0.14127980936318638
Toaster_TeamKalorik_r3_MK2_20151122121129.csv,-0.13506371273348725
Toaster_TeamKalorik_r3_MK2_20151122121138.csv,-0.12088971420501672
Toaster_TeamKalorik_r3_MK2_20151122121147.csv,-0.0924429829232395
Toaster_TeamKalorik_r3_MK2_20151122121155.csv,-0.09902752678220474
Toaster_TeamKalorik_r3_MK2_20151122121203.csv,-0.0982073321628074
Toaster_TeamKalorik_r3_MK2_20151122121210.csv,-0.03202623004714652
Toaster_TeamKalorik_r3_MK2_20151122121217.csv,-0.11348552303388715
Toaster_TeamKalorik_r3_MK2_20151122121225.csv,-0.114872782677412
Toaster_TeamKalorik_r3_MK2_20151122121233.csv,-0.11775331537549695
Toaster_TeamKalorik_r3_MK2_20151122121243.csv,-0.08788019198303419
CoffeeMachine_AlaskaCM2209m_r3_MK2_20151122122034.csv,-0.16433326570938034
CoffeeMachine_AlaskaCM2209m_r3_MK2_20151122122042.csv,-0.10604641366129124
CoffeeMachine_AlaskaCM2209m_r3_MK2_20151122122050.csv,-0.15113642951473594
CoffeeMachine_AlaskaCM2209m_r3_MK2_20151122122104.csv,-0.1448977838270366
CoffeeMachine_AlaskaCM2209m_r3_MK2_20151122122111.csv,-0.11105203088372947
CoffeeMachine_AlaskaCM2209m_r3_MK2_20151122122122.csv,-0.0766716682352126
CoffeeMachine_AlaskaCM2209m_r3_MK2_20151122122135.csv,-0.0435403701538841
CoffeeMachine_AlaskaCM2209m_r3_MK2_20151122122147.csv,-0.1130774507609506
CoffeeMachine_AlaskaCM2209m_r3_MK2_20151122122157.csv,-0.1730194693431258
CoffeeMachine_AlaskaCM2209m_r3_MK2_20151122122228.csv,-0.15454856172824896
HairDryer_Tedi_r3_MK2_20151122122943.csv,-0.24751581024999425
HairDryer_Tedi_r3_MK2_20151122122957.csv,-0.26315084543700024
HairDryer_Tedi_r3_MK2_20151122123009.csv,-0.21726039275527007
HairDryer_Tedi_r3_MK2_20151122123021.csv,-0.1880332560899357
HairDryer_Tedi_r3_MK2_20151122123031.csv,-0.19523735173667475
HairDryer_Tedi_r3_MK2_20151122123040.csv,-0.3370483775002261
HairDryer_Tedi_r3_MK2_20151122123048.csv,-0.1781451657724877
HairDryer_Tedi_r3_MK2_20151122123056.csv,-0.2304924208049973
HairDryer_Tedi_r3_MK2_20151122123105.csv,-0.2781088615767657
HairDryer_Tedi_r3_MK2_20151122123116.csv,-0.20328074302524332
Charger_SamsungTravelAdapter2A_r3_MK2_20151122124858.csv,-1.0920738658557338
Charger_SamsungTravelAdapter2A_r3_MK2_20151122125113.csv,-0.2772961103357374
Charger_SamsungTravelAdapter2A_r3_MK2_20151122125120.csv,-0.115822305995971
Charger_SamsungTravelAdapter2A_r3_MK2_20151122125129.csv,-0.1078136687166988
Charger_SamsungTravelAdapter2A_r3_MK2_20151122125137.csv,-0.947700238165756
Charger_SamsungTravelAdapter2A_r3_MK2_20151122125145.csv,-0.05745833835875003
Charger_SamsungTravelAdapter2A_r3_MK2_20151122125154.csv,-0.03593082930892708
Charger_SamsungTravelAdapter2A_r3_MK2_20151122125202.csv,-0.5077166697010399
Charger_SamsungTravelAdapter2A_r3_MK2_20151122125213.csv,-0.46784889527286105
Charger_SamsungTravelAdapter2A_r3_MK2_20151122125222.csv,-0.12646967563778158
Charger_Hahnel_r3_MK2_20151122125920.csv,-0.18958147879069048
Charger_Hahnel_r3_MK2_20151122125934.csv,-0.11021897454435628
Charger_Hahnel_r3_MK2_20151122125945.csv,-0.4870460795859493
Charger_Hahnel_r3_MK2_20151122125957.csv,-0.1307084059653183
Charger_Hahnel_r3_MK2_20151122130007.csv,-0.09603698533028374
Charger_Hahnel_r3_MK2_20151122130014.csv,-0.11438573397075133
Charger_Hahnel_r3_MK2_20151122130024.csv,-0.2808105342711012
Charger_Hahnel_r3_MK2_20151122130035.csv,-0.08655242463573816
Charger_Hahnel_r3_MK2_20151122130043.csv,-0.1228995358260969
Charger_Hahnel_r3_MK2_20151122130054.csv,-0.1067245273229976
Microwave_Privileg8020_r3_MK2_20151122130435.csv,-0.16615284333626432
Microwave_Privileg8020_r3_MK2_20151122130443.csv,-0.1724981044729551
Microwave_Privileg8020_r3_MK2_20151122130451.csv,-0.14742700001224882
Microwave_Privileg8020_r3_MK2_20151122130501.csv,-0.22248329094921554
Microwave_Privileg8020_r3_MK2_20151122130510.csv,-0.23549409741535784
Microwave_Privileg8020_r3_MK2_20151122130519.csv,-0.16436949744820592
Microwave_Privileg8020_r3_MK2_20151122130529.csv,-0.14789533081154033
Microwave_Privileg8020_r3_MK2_20151122130538.csv,-0.1867416110200187
Microwave_Privileg8020_r3_MK2_20151122130547.csv,-0.19191782390698803
Microwave_Privileg8020_r3_MK2_20151122130558.csv,-0.1948622273591657
LightBulb_Osram25W_r1_MK2_20151123175212.csv,-0.15988606605678796
LightBulb_Osram25W_r1_MK2_20151123175220.csv,-0.3218092643655837
LightBulb_Osram25W_r1_MK2_20151123175227.csv,-0.19882555268704896
LightBulb_Osram25W_r1_MK2_20151123175235.csv,-0.21797676319256426
LightBulb_Osram25W_r1_MK2_20151123175242.csv,-0.2355717603117228
LightBulb_Osram25W_r1_MK2_20151123175248.csv,-0.21737067516272268
LightBulb_Osram25W_r1_MK2_20151123175255.csv,-0.2189667872463664
LightBulb_Osram25W_r1_MK2_20151123175302.csv,-0.24112413745994365
LightBulb_Osram25W_r1_MK2_20151123175309.csv,-0.2013869505375624
LightBulb_Osram25W_r1_MK2_20151123175316.csv,-0.2951751599088312
Heater_Heller_r1_MK1_20151202124754.csv,1.5045254769593543
Heater_Heller_r1_MK1_20151202124803.csv,1.557532857308405
Heater_Heller_r1_MK1_20151202124813.csv,1.6949947582570468
Heater_Heller_r1_MK1_20151202124821.csv,1.71364280814854
Heater_Heller_r1_MK1_20151202124829.csv,1.8009632405605325
Heater_Heller_r1_MK1_20151202124837.csv,1.7718910994848698
Heater_Heller_r1_MK1_20151202124846.csv,1.8050705652855037
Heater_Heller_r1_MK1_20151202124857.csv,1.7904042656039252
Heater_Heller_r1_MK1_20151202124907.csv,1.6528563042542983
Heater_Heller_r1_MK1_20151202124917.csv,1.701168202336396
VacuumCleaner_Vento_r1_MK1_20151203134057.csv,1.5409257448952047
VacuumCleaner_Vento_r1_MK1_20151203134115.csv,1.5359282810344466
VacuumCleaner_Vento_r1_MK1_20151203134128.csv,1.5632923408130568
VacuumCleaner_Vento_r1_MK1_20151203134145.csv,1.5729212606813578
VacuumCleaner_Vento_r1_MK1_20151203134201.csv,1.622428092362186
VacuumCleaner_Vento_r1_MK1_20151203134217.csv,1.6197521831626982
VacuumCleaner_Vento_r1_MK1_20151203134237.csv,1.5156386541090738
VacuumCleaner_Vento_r1_MK1_20151203134257.csv,1.5303821067727024
VacuumCleaner_Vento_r1_MK1_20151203134316.csv,1.5471695776760601
VacuumCleaner_Vento_r1_MK1_20151203134336.csv,1.5377746617307468
VacuumCleaner_Nilfisk_r1_MK1_20151203140259.csv,1.5483969262429425
VacuumCleaner_Nilfisk_r1_MK1_20151203140323.csv,1.444372538351739
VacuumCleaner_Nilfisk_r1_MK1_20151203140337.csv,1.4425066684907022
VacuumCleaner_Nilfisk_r1_MK1_20151203140353.csv,1.5722213920507826
VacuumCleaner_Nilfisk_r1_MK1_20151203140413.csv,1.5484810444247612
VacuumCleaner_Nilfisk_r1_MK1_20151203140441.csv,1.4690781019302823
VacuumCleaner_Nilfisk_r1_MK1_20151203140506.csv,1.5268949527194184
VacuumCleaner_Nilfisk_r1_MK1_20151203140602.csv,1.520443637353155
VacuumCleaner_Nilfisk_r1_MK1_20151203140627.csv,1.5603884552673026
VacuumCleaner_Nilfisk_r1_MK1_20151203140659.csv,1.5081096749978726
Projector_Epson_r1_MK1_20151203142158.csv,0.6406887437702661
Projector_Epson_r1_MK1_20151203142247.csv,-0.100789119571853
Projector_Epson_r1_MK1_20151203142316.csv,-1.4158827951336344
Projector_Epson_r1_MK1_20151203142347.csv,1.4455403478552165
Projector_Epson_r1_MK1_20151203142448.csv,-4.502406125695629
Projector_Epson_r1_MK1_20151203142554.csv,-4.526529425362764
Projector_Epson_r1_MK1_20151203142919.csv,-7.7557714404793785
Projector_Epson_r1_MK1_20151203142949.csv,-0.3809709775635366
Projector_Epson_r1_MK1_20151203143032.csv,-1.0217641323572553
Projector_Epson_r1_MK1_20151203143103.csv,0.06800894724255828
Kettle_IdeenWelt_r1_MK2_20151214125743.csv,-0.3022198249585927
Kettle_IdeenWelt_r1_MK2_20151214125751.csv,-0.33181798119718825
Kettle_IdeenWelt_r1_MK2_20151214125800.csv,-0.2599710451439023
Kettle_IdeenWelt_r1_MK2_20151214125808.csv,-0.3918271543768545
Kettle_IdeenWelt_r1_MK2_20151214125816.csv,-0.34458660421272114
Kettle_IdeenWelt_r1_MK2_20151214125826.csv,-0.3143464565897981
Kettle_IdeenWelt_r1_MK2_20151214125836.csv,-0.4296390786456564
Kettle_IdeenWelt_r1_MK2_20151214125845.csv,-0.4335409961019953
Kettle_IdeenWelt_r1_MK2_20151214125854.csv,-0.28107734654719624
Kettle_IdeenWelt_r1_MK2_20151214125903.csv,-0.3852704684560497
ShoeWarmer_ThermIc_r2_MK2_20151214130053.csv,-0.5711115401548644
ShoeWarmer_ThermIc_r2_MK2_20151214130101.csv,-0.337164680287242
ShoeWarmer_ThermIc_r2_MK2_20151214130110.csv,-0.3118993364895383
ShoeWarmer_ThermIc_r2_MK2_20151214130118.csv,-0.31947122259686384
ShoeWarmer_ThermIc_r2_MK2_20151214130126.csv,-0.3208251512298982
ShoeWarmer_ThermIc_r2_MK2_20151214130135.csv,-0.3356287172685067
ShoeWarmer_ThermIc_r2_MK2_20151214130143.csv,-0.35254401353498294
ShoeWarmer_ThermIc_r2_MK2_20151214130152.csv,-0.403480638905118
ShoeWarmer_ThermIc_r2_MK2_20151214130202.csv,-0.35320319036642706
ShoeWarmer_ThermIc_r2_MK2_20151214130212.csv,-0.3459105951401095
HairDryer_BraunSatinHair_r3_MK1_20151220010253.csv,1.5491938388587534
HairDryer_BraunSatinHair_r3_MK1_20151220010305.csv,1.4761401447647011
HairDryer_BraunSatinHair_r3_MK1_20151220010315.csv,1.4869048610067759
HairDryer_BraunSatinHair_r3_MK1_20151220010324.csv,1.4470860864192063
HairDryer_BraunSatinHair_r3_MK1_20151220010333.csv,1.4216331703001277
HairDryer_BraunSatinHair_r3_MK1_20151220010345.csv,1.556272892854145
HairDryer_BraunSatinHair_r3_MK1_20151220010355.csv,1.4361776459588331
HairDryer_BraunSatinHair_r3_MK1_20151220010406.csv,1.456295821812984
HairDryer_BraunSatinHair_r3_MK1_20151220010423.csv,1.4944811900817871
HairDryer_BraunSatinHair_r3_MK1_20151220010445.csv,1.4756781644954466
CFL_PhilipsGenie8W_r6_MK1_20151229102715.csv,1.4521061871792114
CFL_PhilipsGenie8W_r6_MK1_20151229102659.csv,1.4065108509529425
CFL_PhilipsGenie8W_r6_MK1_20151229102724.csv,1.3921039379896627
CFL_PhilipsGenie8W_r6_MK1_20151229102756.csv,1.4222096745271129
CFL_PhilipsGenie8W_r6_MK1_20151229102743.csv,1.3913348191998511
CFL_PhilipsGenie8W_r6_MK1_20151229102734.csv,1.4320074335167234
CFL_PhilipsGenie8W_r6_MK1_20151229102825.csv,1.3722551948150146
CFL_PhilipsGenie8W_r6_MK1_20151229102805.csv,1.368534304731042
CFL_PhilipsGenie8W_r6_MK1_20151229102816.csv,1.4374229433097352
CFL_PhilipsGenie8W_r6_MK1_20151229102835.csv,1.3977125311570242
Fan_ChingHai35W_r6_MK1_20151229103757.csv,1.4449361167753076
Fan_ChingHai35W_r6_MK1_20151229103625.csv,1.3852195747224132
Fan_ChingHai35W_r6_MK1_20151229103815.csv,1.438782630672218
Fan_ChingHai35W_r6_MK1_20151229103736.csv,1.4134909187439333
Fan_ChingHai35W_r6_MK1_20151229103713.csv,1.38594442430985
Fan_ChingHai35W_r6_MK1_20151229103607.csv,1.396189630411506
Fan_ChingHai35W_r6_MK1_20151229103652.csv,1.3879469192432676
Fan_ChingHai35W_r6_MK1_20151229103850.csv,1.417432150243657
Fan_ChingHai35W_r6_MK1_20151229103832.csv,1.4434703440625059
Fan_ChingHai35W_r6_MK1_20151229103908.csv,1.3913022702855489
HairDryer_BaBylissPro_r6_MK1_20151229103034.csv,1.4236546855867585
HairDryer_BaBylissPro_r6_MK1_20151229103100.csv,1.3749781860860146
HairDryer_BaBylissPro_r6_MK1_20151229103133.csv,1.3461994540505953
HairDryer_BaBylissPro_r6_MK1_20151229103231.csv,1.3258632138652344
HairDryer_BaBylissPro_r6_MK1_20151229103118.csv,1.4306768794417333
HairDryer_BaBylissPro_r6_MK1_20151229103045.csv,1.3131340433961698
HairDryer_BaBylissPro_r6_MK1_20151229103144.csv,1.4331532758517014
HairDryer_BaBylissPro_r6_MK1_20151229103154.csv,1.2700194568297234
HairDryer_BaBylissPro_r6_MK1_20151229103222.csv,1.3563397803172776
Kettle_TCM_r6_MK1_20151229104155.csv,1.421970513677372
HairDryer_BaBylissPro_r6_MK1_20151229103209.csv,1.4035750192505585
Kettle_TCM_r6_MK1_20151229104215.csv,1.3704776624395023
Kettle_TCM_r6_MK1_20151229104303.csv,1.3249961804402164
Kettle_TCM_r6_MK1_20151229104245.csv,1.393852471023832
Kettle_TCM_r6_MK1_20151229104205.csv,1.4147862449816329
Kettle_TCM_r6_MK1_20151229104225.csv,1.3483460080676843
Kettle_TCM_r6_MK1_20151229104310.csv,1.3294355576695311
Kettle_TCM_r6_MK1_20151229104234.csv,1.4034912359341134
WaterHeater_AustriaEmailKRU052-A_r6_MK1_20151226153704.csv,0.0
Kettle_TCM_r6_MK1_20151229104254.csv,1.4338500637208405
Kettle_TCM_r6_MK1_20151229104317.csv,1.4325115398499615
WaterHeater_AustriaEmailKRU052-A_r6_MK1_20151226153837.csv,1.5402641848633551
WaterHeater_AustriaEmailKRU052-A_r6_MK1_20151226153735.csv,1.6128226130700285
WaterHeater_AustriaEmailKRU052-A_r6_MK1_20151226153814.csv,1.5176796585604415
WaterHeater_AustriaEmailKRU052-A_r6_MK1_20151226153829.csv,1.5215133982752778
WaterHeater_AustriaEmailKRU052-A_r6_MK1_20151226153805.csv,1.5532554879467808
WaterHeater_AustriaEmailKRU052-A_r6_MK1_20151226153751.csv,1.5079819573444269
WaterHeater_AustriaEmailKRU052-A_r6_MK1_20151226153847.csv,1.4517713887788048
WaterHeater_AustriaEmailKRU052-A_r6_MK1_20151226153719.csv,1.5550004714079912
WaterHeater_AustriaEmailKRU052-A_r6_MK1_20151226153856.csv,1.4846119708214758
WaterHeater_StiebelEltronSNU5S_r1_MK1_20160126152735.csv,1.1583626164269134
WaterHeater_StiebelEltronSNU5S_r1_MK1_20160126152745.csv,1.1624229930265215
WaterHeater_StiebelEltronSNU5S_r1_MK1_20160126152808.csv,1.1561701188805829
WaterHeater_StiebelEltronSNU5S_r1_MK1_20160126152826.csv,1.0858096800123649
WaterHeater_StiebelEltronSNU5S_r1_MK1_20160126152834.csv,1.203376827284043
WaterHeater_StiebelEltronSNU5S_r1_MK1_20160126152842.csv,1.247438881938217
WaterHeater_StiebelEltronSNU5S_r1_MK1_20160126152850.csv,1.132784125792779
WaterHeater_StiebelEltronSNU5S_r1_MK1_20160126152857.csv,1.158411171906068
WaterHeater_StiebelEltronSNU5S_r1_MK1_20160126152905.csv,1.1856226670205203
WaterHeater_StiebelEltronSNU5S_r1_MK1_20160126152913.csv,1.1951935882061349
WaterHeater_StiebelEltronSN10S_r1_MK1_20160126153533.csv,1.317657873672676
WaterHeater_StiebelEltronSN10S_r1_MK1_20160126153541.csv,1.3078388842183868
WaterHeater_StiebelEltronSN10S_r1_MK1_20160126153548.csv,1.253830055483404
WaterHeater_StiebelEltronSN10S_r1_MK1_20160126153556.csv,1.2809024475217117
WaterHeater_StiebelEltronSN10S_r1_MK1_20160126153604.csv,1.2396434839358739
WaterHeater_StiebelEltronSN10S_r1_MK1_20160126153612.csv,1.2852338641546162
WaterHeater_StiebelEltronSN10S_r1_MK1_20160126153620.csv,1.2734867198798223
WaterHeater_StiebelEltronSN10S_r1_MK1_20160126153630.csv,1.2745516587405672
WaterHeater_StiebelEltronSN10S_r1_MK1_20160126153638.csv,1.2234017766182166
